﻿省份,学校名称,专业,最低录取分,最低录取名次,选课要求
北京,首都师范大学,英语,377,3865,
北京,首都师范大学,西班牙语,376,4118,
北京,首都师范大学,法语,375,4400,
北京,首都师范大学,德语,374,4701,
北京,清华大学,文科试验班类,429,16,
北京,清华大学,法学,423,16,
北京,北京大学,文科试验班类,425,16,
北京,北京大学,法学,422,16,
北京,北京大学,工商管理类,422,16,
北京,北京大学,经济学类,421,16,
北京,北京大学,中国语言文学类,420,21,
北京,北京大学,新闻传播学类,419,24,
北京,北京大学,历史学类,418,33,
北京,北京大学,社会学类,418,33,
北京,北京大学,公共管理类,418,33,
北京,北京大学,国际政治,417,41,
北京,北京大学,考古学,417,41,
北京,北京大学,城乡规划,417,41,
北京,北京大学,哲学类,417,41,
浙江,浙江大学,社会科学试验班,402,391,
浙江,浙江大学,人文科学试验班,402,391,
浙江,浙江大学,新闻传播学类,402,391,
浙江,浙江大学,外国语言文学类,402,391,
上海,上海交通大学,经济管理试验班,413,80,
上海,复旦大学,经济管理试验班,415,60,
上海,复旦大学,经济学类,414,67,
上海,复旦大学,法学,413,80,
上海,复旦大学,人文科学试验班,413,80,
上海,复旦大学,新闻传播学类,410,122,
江苏,南京大学,经济管理试验班,404,295,
江苏,南京大学,汉语言文学,403,343,
江苏,南京大学,外国语言文学类,403,343,
江苏,南京大学,社会科学试验班,403,343,
江苏,南京大学,人文科学试验班,403,343,
湖北,华中科技大学,新闻传播学类,394,956,
湖北,华中科技大学,法学,393,1065,
湖北,华中科技大学,社会学类,393,1065,
湖北,华中科技大学,中国语言文学类,393,1065,
湖北,华中科技大学,建筑类,393,1065,
湖北,华中科技大学,工商管理类,393,1065,
湖北,华中科技大学,公共管理类,393,1065,
湖北,华中科技大学,外国语言文学类,392,1174,
湖北,武汉大学,文科试验班类,413,80,
湖北,武汉大学,法学,406,228,
湖北,武汉大学,经济学类,403,343,
湖北,武汉大学,新闻传播学类,402,391,
湖北,武汉大学,中国语言文学类,401,435,
湖北,武汉大学,人文科学试验班,401,435,
湖北,武汉大学,心理学,400,510,
湖北,武汉大学,社会学类,400,510,
湖北,武汉大学,外国语言文学类,400,510,
湖北,武汉大学,历史学类,400,510,
湖北,武汉大学,政治学类,400,510,
陕西,西安交通大学,外国语言文学类,392,1174,
四川,四川大学,马克思主义理论,395,850,
四川,四川大学,信息资源管理,394,956,
四川,四川大学,日语,394,956,
四川,四川大学,西班牙语,394,956,
四川,四川大学,中国语言文学类,394,956,
四川,四川大学,法学,393,1065,
四川,四川大学,会计学,393,1065,
四川,四川大学,英语,393,1065,
四川,四川大学,经济学类,393,1065,
四川,四川大学,新闻传播学类,393,1065,
四川,四川大学,旅游管理类,393,1065,
四川,四川大学,国际政治,393,1065,
广东,中山大学,工商管理类,398,619,
广东,中山大学,社会学类,398,619,
广东,中山大学,法学,397,691,
广东,中山大学,汉语言文学,397,691,
广东,中山大学,外国语言文学类,397,691,
广东,中山大学,新闻传播学类,397,691,
广东,中山大学,公共管理类,397,691,
广东,中山大学,旅游管理类,397,691,
广东,中山大学,国际政治,396,760,
广东,中山大学,历史学,396,760,
广东,中山大学,哲学类,396,760,
黑龙江,哈尔滨工业大学,法学,390,1429,
黑龙江,哈尔滨工业大学,社会学,390,1429,
黑龙江,哈尔滨工业大学,经济学,390,1429,
黑龙江,哈尔滨工业大学,经济管理试验班,388,1693,
黑龙江,哈尔滨工业大学,设计学类,387,1858,
黑龙江,哈尔滨工业大学,英语,386,2006,
上海,同济大学,工科试验班,422,16,
上海,同济大学,人文科学试验班,399,564,
上海,同济大学,社会科学试验班,399,564,
江苏,东南大学,文科试验班类,396,760,
北京,北京师范大学,汉语言文学,404,295,
北京,北京师范大学,历史学,404,295,
北京,北京师范大学,金融学,401,435,
北京,北京师范大学,工商管理,401,435,
北京,北京师范大学,传播学,401,435,
北京,北京师范大学,教育学类,401,435,
北京,北京理工大学,社会科学试验班,392,1174,
北京,中国人民大学,法学,412,93,
北京,中国人民大学,金融学类,411,111,
北京,中国人民大学,经济学类,410,122,
北京,中国人民大学,人力资源管理,409,142,
北京,中国人民大学,工商管理类,409,142,
北京,中国人民大学,社会学类,408,167,
北京,中国人民大学,新闻传播学类,408,167,
北京,中国人民大学,社会科学试验班,408,167,
北京,中国人民大学,人文科学试验班,407,198,
天津,南开大学,经济学类,400,510,
天津,南开大学,金融学类,400,510,
天津,南开大学,法学,397,691,
天津,南开大学,历史学类,397,691,
天津,南开大学,工商管理类,397,691,
山东,山东大学,经济学类,394,956,
山东,山东大学,法学类,394,956,
山东,山东大学,工商管理类,393,1065,
山东,山东大学,中国语言文学类,393,1065,
山东,山东大学,新闻传播学类,393,1065,
山东,山东大学,哲学类,392,1174,
山东,山东大学,社会学类,392,1174,
湖南,中南大学,金融学类,391,1299,
湖南,中南大学,法学类,391,1299,
湖南,中南大学,外国语言文学类,390,1429,
湖南,中南大学,中国语言文学类,390,1429,
陕西,西北工业大学,经济与贸易类,381,2845,
陕西,西北工业大学,外国语言文学类,378,3622,
广东,华南理工大学,工商管理类,395,850,
广东,华南理工大学,行政管理,392,1174,
广东,华南理工大学,日语,392,1174,
广东,华南理工大学,经济学类,392,1174,
广东,华南理工大学,新闻传播学类,392,1174,
广东,华南理工大学,法学类,392,1174,
广东,华南理工大学,旅游管理类,392,1174,
福建,厦门大学,会计学,401,435,
福建,厦门大学,法学类,400,510,
福建,厦门大学,经济学类,400,510,
福建,厦门大学,新闻传播学类,398,619,
福建,厦门大学,政治学类,398,619,
福建,厦门大学,公共管理类,398,619,
福建,厦门大学,人文科学试验班,398,619,
福建,厦门大学,社会学类,398,619,
福建,厦门大学,外国语言文学类,398,619,
吉林,吉林大学,法学,394,956,
吉林,吉林大学,经济学类（含经济学、财政学、金融学、国际经济与贸易）,391,1299,
吉林,吉林大学,汉语言文学,390,1429,
吉林,吉林大学,政治学与行政学（含政治学与行政学、国际政治、行政管理）,389,1550,
吉林,吉林大学,新闻传播学类（含新闻学、广告学）,389,1550,
吉林,吉林大学,西班牙语,388,1693,
吉林,吉林大学,哲学,388,1693,
吉林,吉林大学,社会学类（含社会学、社会工作、劳动与社会保障）,388,1693,
吉林,吉林大学,考古学（含考古学、文物与博物馆学）,388,1693,
吉林,吉林大学,外交学,387,1858,
上海,华东师范大学,汉语言文学,404,295,
上海,华东师范大学,思想政治教育,401,435,
上海,华东师范大学,英语,400,510,
上海,华东师范大学,教育学类,400,510,
上海,华东师范大学,金融学类,400,510,
上海,华东师范大学,历史学,400,510,
上海,华东师范大学,日语,400,510,
上海,华东师范大学,新闻传播学类,400,510,
上海,华东师范大学,翻译,400,510,
上海,华东师范大学,法语,400,510,
上海,华东师范大学,法学,399,564,
上海,华东师范大学,德语,399,564,
上海,华东师范大学,工商管理类,399,564,
上海,华东师范大学,汉语国际教育,399,564,
上海,华东师范大学,社会学类,399,564,
上海,华东师范大学,公共管理类,399,564,
上海,华东师范大学,哲学,399,564,
上海,华东师范大学,西班牙语,399,564,
上海,华东师范大学,政治学与行政学,399,564,
上海,华东师范大学,人文地理与城乡规划,398,619,
北京,中国农业大学,国际经济与贸易,386,2006,
北京,中国农业大学,农林经济管理,379,3345,
北京,中国农业大学,传播学,365,7865,
辽宁,大连理工大学,英语,382,2664,
辽宁,大连理工大学,日语,379,3345,
辽宁,大连理工大学,新闻传播学类,379,3345,
湖南,湖南大学,国际经济与贸易,391,1299,
湖南,湖南大学,汉语言文学,391,1299,
湖南,湖南大学,工商管理,391,1299,
湖南,湖南大学,行政管理,391,1299,
湖南,湖南大学,英语,391,1299,
湖南,湖南大学,日语,391,1299,
湖南,湖南大学,会计学,391,1299,
湖南,湖南大学,金融学,391,1299,
湖南,湖南大学,历史学,391,1299,
湖南,湖南大学,经济学类,391,1299,
湖南,湖南大学,新闻传播学类,391,1299,
湖南,湖南大学,人文科学试验班,391,1299,
江苏,南京理工大学,社会工作,378,3622,
江苏,南京理工大学,公共事业管理,378,3622,
江苏,南京理工大学,英语,378,3622,
江苏,南京理工大学,法学,378,3622,
上海,上海财经大学,金融学,413,80,
上海,上海财经大学,会计学,411,111,
上海,上海财经大学,财务管理,407,198,
上海,上海财经大学,经济学,402,391,
上海,上海财经大学,工商管理,400,510,
上海,上海财经大学,工商管理类,400,510,
上海,上海财经大学,新闻学,398,619,
上海,上海财经大学,法学,398,619,
重庆,重庆大学,经济学类,396,760,
重庆,重庆大学,人文科学试验班,393,1065,
重庆,重庆大学,风景园林,391,1299,
重庆,重庆大学,外国语言文学类,391,1299,
重庆,重庆大学,法学类,391,1299,
重庆,重庆大学,公共管理类,391,1299,
重庆,重庆大学,新闻传播学类,390,1429,
北京,北京科技大学,工商管理类,380,3106,
北京,北京科技大学,外国语言文学类,378,3622,
北京,北京科技大学,社会科学试验班,377,3865,
江苏,南京航空航天大学,法学,387,1858,
江苏,南京航空航天大学,经济与贸易类,387,1858,
江苏,南京航空航天大学,广播电视学,386,2006,
江苏,南京航空航天大学,工商管理类,386,2006,
江苏,南京航空航天大学,政治学与行政学,385,2148,
江苏,南京航空航天大学,公共事业管理,384,2304,
江苏,南京航空航天大学,英语,384,2304,
甘肃,兰州大学,政治学类,382,2664,
甘肃,兰州大学,新闻传播学类,382,2664,
甘肃,兰州大学,法学,381,2845,
甘肃,兰州大学,哲学,380,3106,
甘肃,兰州大学,社会学,379,3345,
甘肃,兰州大学,民族学,378,3622,
甘肃,兰州大学,日语,378,3622,
甘肃,兰州大学,广告学,378,3622,
辽宁,东北大学,外国语言文学类,376,4118,
辽宁,东北大学,公共管理类,376,4118,
北京,北京交通大学,新闻传播学类,392,1174,
北京,北京交通大学,经济管理试验班,391,1299,
北京,北京交通大学,外国语言文学类,390,1429,
北京,北京交通大学,法学,389,1550,
湖北,华中农业大学,社会学类,371,5663,
湖北,华中农业大学,外国语言文学类,371,5663,
湖北,华中农业大学,工商管理类,370,5992,
江苏,苏州大学,法学,384,2304,
江苏,苏州大学,知识产权,384,2304,
江苏,苏州大学,会计学,382,2664,
江苏,苏州大学,金融学,382,2664,
江苏,苏州大学,经济学,381,2845,
江苏,苏州大学,财务管理,380,3106,
江苏,苏州大学,财政学,380,3106,
江苏,苏州大学,工商管理,379,3345,
江苏,苏州大学,物流管理,379,3345,
江苏,苏州大学,国际经济与贸易,379,3345,
江苏,苏州大学,翻译,379,3345,
江苏,苏州大学,历史学,379,3345,
江苏,苏州大学,教育学,379,3345,
江苏,苏州大学,旅游管理,378,3622,
江苏,苏州大学,图书情报与档案管理类,378,3622,
江苏,苏州大学,劳动与社会保障,378,3622,
江苏,苏州大学,城市管理,378,3622,
江苏,苏州大学,行政管理,378,3622,
江苏,苏州大学,管理科学,378,3622,
江苏,苏州大学,人力资源管理,378,3622,
江苏,苏州大学,思想政治教育,378,3622,
江苏,苏州大学,哲学,378,3622,
江苏,苏州大学,日语,378,3622,
江苏,苏州大学,俄语,378,3622,
江苏,苏州大学,法语,378,3622,
江苏,苏州大学,朝鲜语,378,3622,
江苏,苏州大学,德语,378,3622,
江苏,苏州大学,西班牙语,378,3622,
江苏,苏州大学,新闻传播学类,378,3622,
江苏,苏州大学,中国语言文学类,378,3622,
江苏,苏州大学,社会学类,378,3622,
江苏,苏州大学,金融学（中外合作）,368,6670,
江苏,苏州大学,物流管理（中外合作）,366,7452,
吉林,东北师范大学,日语,377,3865,
吉林,东北师范大学,汉语言文学,376,4118,
北京,中央财经大学,金融学类,403,343,
北京,中央财经大学,经济学类,399,564,
北京,中央财经大学,财政学类,397,691,
北京,中央财经大学,新闻传播学类,396,760,
北京,中央财经大学,法学,395,850,
北京,中央财经大学,社会学类,395,850,
北京,中央财经大学,公共管理类,395,850,
上海,华东理工大学,经济学类,386,2006,
上海,华东理工大学,国际经济与贸易,385,2148,
上海,华东理工大学,法学,383,2482,
上海,华东理工大学,工商管理类,383,2482,
上海,华东理工大学,风景园林,380,3106,
上海,华东理工大学,外国语言文学类,380,3106,
上海,华东理工大学,公共管理类,379,3345,
上海,上海大学,英语,392,1174,
上海,上海大学,历史学,390,1429,
上海,上海大学,日语,390,1429,
上海,上海大学,社会学类,390,1429,
上海,上海大学,思想政治教育,390,1429,
上海,上海大学,国际经济与贸易,357,11623,
上海,上海大学,工商管理,344,19034,
北京,中国政法大学,法学（涉外法律人才培养模式实验班）,407,198,
北京,中国政法大学,法学（法学人才培养模式改革实验班）,402,391,
北京,中国政法大学,法学,399,564,
北京,中国政法大学,政治学与行政学,399,564,
北京,中国政法大学,思想政治教育,398,619,
北京,中国政法大学,工商管理,398,619,
北京,中国政法大学,公共事业管理,397,691,
北京,中国政法大学,德语,397,691,
北京,中国政法大学,应用心理学,396,760,
北京,中国政法大学,哲学,396,760,
北京,中国政法大学,社会学,396,760,
北京,中国政法大学,国际政治,396,760,
北京,中国政法大学,汉语言文学,396,760,
北京,中国政法大学,翻译（法律翻译方向）,396,760,
广东,暨南大学,国际事务与国际关系,380,3106,
广东,暨南大学,网络与新媒体,380,3106,
广东,暨南大学,会展经济与管理,379,3345,
广东,暨南大学,金融学,378,3622,
广东,暨南大学,翻译,378,3622,
广东,暨南大学,电子商务,378,3622,
北京,对外经济贸易大学,金融学（国际金融与市场）,398,619,
北京,对外经济贸易大学,经济与金融,398,619,
北京,对外经济贸易大学,国际经济与贸易,397,691,
北京,对外经济贸易大学,税收学,397,691,
北京,对外经济贸易大学,财政学,397,691,
北京,对外经济贸易大学,金融学,396,760,
北京,对外经济贸易大学,法学,396,760,
北京,对外经济贸易大学,工商管理,395,850,
北京,对外经济贸易大学,市场营销,395,850,
北京,对外经济贸易大学,会计学,395,850,
北京,对外经济贸易大学,财务管理,395,850,
北京,对外经济贸易大学,人力资源管理,395,850,
北京,对外经济贸易大学,投资学,395,850,
北京,对外经济贸易大学,国际经济与贸易（国际组织人才基地班）,395,850,
北京,对外经济贸易大学,国际商务,395,850,
北京,对外经济贸易大学,保险学,394,956,
北京,对外经济贸易大学,德语,393,1065,
北京,对外经济贸易大学,法语,393,1065,
北京,对外经济贸易大学,西班牙语,393,1065,
北京,对外经济贸易大学,朝鲜语,392,1174,
北京,对外经济贸易大学,葡萄牙语,391,1299,
北京,中国石油大学（北京）,工商管理类,371,5663,
北京,中国石油大学（北京）,英语,370,5992,
北京,中国石油大学（北京）,思想政治教育,370,5992,
江苏,南京农业大学,金融学,376,4118,
江苏,南京农业大学,会计学,376,4118,
江苏,南京农业大学,投资学,376,4118,
江苏,南京农业大学,英语,376,4118,
江苏,南京农业大学,日语,376,4118,
江苏,南京农业大学,人文地理与城乡规划,376,4118,
江苏,南京农业大学,国际经济与贸易,376,4118,
江苏,南京农业大学,农林经济管理,376,4118,
江苏,南京农业大学,风景园林,376,4118,
江苏,南京农业大学,社会学类,376,4118,
江苏,南京农业大学,工商管理类,376,4118,
江苏,南京农业大学,公共管理类,376,4118,
湖北,华中师范大学,中国语言文学类,389,1550,
湖北,华中师范大学,历史学类,380,3106,
湖北,华中师范大学,法语,379,3345,
湖北,华中师范大学,政治学类,379,3345,
湖北,华中师范大学,教育学类,379,3345,
湖北,华中师范大学,旅游管理,378,3622,
湖北,华中师范大学,日语,378,3622,
湖北,华中师范大学,公共管理类,378,3622,
河南,郑州大学,法学类,375,4400,
河南,郑州大学,中国语言文学类,375,4400,
河南,郑州大学,工商管理类,375,4400,
河南,郑州大学,经济学类,375,4400,
河南,郑州大学,公共管理类,375,4400,
四川,西南交通大学,思想政治教育,383,2482,
四川,西南交通大学,法学,375,4400,
四川,西南交通大学,外国语言文学类,375,4400,
四川,西南交通大学,政治学与行政学,374,4701,
四川,西南交通大学,公共事业管理,374,4701,
四川,西南交通大学,新闻传播学类,374,4701,
四川,西南交通大学,汉语言文学,374,4701,
四川,西南交通大学,汉语国际教育,374,4701,
江苏,中国矿业大学,外国语言文学类,372,5322,
江苏,中国矿业大学,公共管理类,372,5322,
江苏,南京医科大学,护理学,350,15449,
江苏,南京医科大学,公共管理类,350,15449,
江苏,南京医科大学,英语,349,16031,
湖北,武汉理工大学,经济学,377,3865,
湖北,武汉理工大学,新闻传播学类,375,4400,
湖北,武汉理工大学,法学,374,4701,
湖北,武汉理工大学,汉语国际教育,373,4998,
湖北,武汉理工大学,外国语言文学类,373,4998,
湖北,武汉理工大学,工商管理类,373,4998,
湖北,武汉理工大学,社会工作,372,5322,
湖北,武汉理工大学,思想政治教育,372,5322,
山东,中国海洋大学,法学,389,1550,
山东,中国海洋大学,工商管理,388,1693,
山东,中国海洋大学,文化产业管理,387,1858,
山东,中国海洋大学,政治学与行政学,386,2006,
山东,中国海洋大学,新闻传播学类,386,2006,
湖北,中国地质大学（武汉）,法学,375,4400,
湖北,中国地质大学（武汉）,经济学类,373,4998,
湖北,中国地质大学（武汉）,广播电视学,372,5322,
湖北,中国地质大学（武汉）,思想政治教育,372,5322,
湖北,中国地质大学（武汉）,英语,372,5322,
湖北,中国地质大学（武汉）,工商管理类,372,5322,
江苏,江南大学,汉语言文学,377,3865,
江苏,江南大学,英语,377,3865,
江苏,江南大学,金融学,377,3865,
江苏,江南大学,会计学,377,3865,
江苏,江南大学,法学,376,4118,
江苏,江南大学,日语,376,4118,
江苏,江南大学,教育学类,376,4118,
江苏,江南大学,工业工程,375,4400,
江苏,江南大学,工商管理,375,4400,
江苏,江南大学,国际经济与贸易,375,4400,
江苏,江南大学,工商管理（中外合作）,359,10618,
江苏,河海大学,法学,378,3622,
江苏,河海大学,英语,378,3622,
江苏,河海大学,思想政治教育,378,3622,
江苏,河海大学,土地资源管理,378,3622,
江苏,河海大学,人力资源管理,378,3622,
江苏,河海大学,会计学,378,3622,
江苏,河海大学,财务管理,378,3622,
江苏,河海大学,社会学,378,3622,
江苏,河海大学,会计学（常州校区）,371,5663,
江苏,河海大学,国际经济与贸易（常州校区）,370,5992,
江苏,河海大学,工商管理（常州校区）,370,5992,
江苏,南京师范大学,历史学,388,1693,
江苏,南京师范大学,法学,386,2006,
江苏,南京师范大学,哲学,385,2148,
江苏,南京师范大学,中国语言文学类,384,2304,
江苏,南京师范大学,汉语言,384,2304,
江苏,南京师范大学,教育学,383,2482,
江苏,南京师范大学,金融学,383,2482,
江苏,南京师范大学,会计学,383,2482,
江苏,南京师范大学,经济学,382,2664,
江苏,南京师范大学,外国语言文学类,382,2664,
江苏,南京师范大学,新闻传播学类,382,2664,
江苏,南京师范大学,应用心理学,382,2664,
江苏,南京师范大学,财务管理,381,2845,
江苏,南京师范大学,工商管理类,381,2845,
江苏,南京师范大学,古典文献学,381,2845,
江苏,南京师范大学,公共管理类,381,2845,
江苏,南京师范大学,历史学类,381,2845,
江苏,南京师范大学,旅游管理,380,3106,
江苏,南京师范大学,国际经济与贸易,380,3106,
江苏,南京师范大学,社会学,380,3106,
江苏,南京师范大学,思想政治教育,380,3106,
江苏,南京师范大学,学前教育,380,3106,
江苏,南京师范大学,小学教育,380,3106,
江苏,南京师范大学,汉语国际教育,380,3106,
江苏,南京师范大学,地理科学类,380,3106,
江苏,南京师范大学,英语（单列专业）,360,10167,
江苏,南京师范大学,行政管理（单列专业）,358,11119,
北京,北京工业大学,法学,373,4998,
北京,北京工业大学,英语,373,4998,
北京,北京化工大学,国际经济与贸易,372,5322,
北京,北京化工大学,法学,372,5322,
北京,北京化工大学,英语,372,5322,
北京,北京化工大学,工商管理类,372,5322,
湖北,中南财经政法大学,经济管理试验班,392,1174,
湖北,中南财经政法大学,金融学类,391,1299,
湖北,中南财经政法大学,法学类,391,1299,
湖北,中南财经政法大学,法语,390,1429,
湖北,中南财经政法大学,新闻传播学类,390,1429,
湖北,中南财经政法大学,财政学类,390,1429,
湖北,中南财经政法大学,经济与贸易类,390,1429,
湖北,中南财经政法大学,经济学类,390,1429,
湖北,中南财经政法大学,国际政治,389,1550,
湖北,中南财经政法大学,日语,389,1550,
湖北,中南财经政法大学,外国语言文学类,389,1550,
湖北,中南财经政法大学,管理科学与工程类,389,1550,
湖北,中南财经政法大学,管理科学,388,1693,
湖北,中南财经政法大学,哲学,388,1693,
湖北,中南财经政法大学,社会学,388,1693,
湖北,中南财经政法大学,公共管理类,388,1693,
陕西,西北大学,历史学,376,4118,
陕西,西北大学,考古学,376,4118,
陕西,西北大学,汉语言文学,375,4400,
陕西,西北大学,经济学,375,4400,
陕西,西北大学,国际经济与贸易,374,4701,
陕西,西北大学,法学,374,4701,
陕西,西北大学,哲学,374,4701,
陕西,西北大学,新闻传播学类,374,4701,
陕西,西北大学,公共管理类,374,4701,
陕西,西北大学,图书情报与档案管理类,374,4701,
陕西,西北大学,历史学类,374,4701,
陕西,西北大学,英语,373,4998,
广东,深圳大学,国际经济与贸易,377,3865,
广东,深圳大学,法学,375,4400,
广东,深圳大学,工商管理,374,4701,
广东,深圳大学,会计学,374,4701,
广东,深圳大学,行政管理,374,4701,
广东,深圳大学,英语,374,4701,
广东,深圳大学,西班牙语,374,4701,
广东,深圳大学,汉语言文学,374,4701,
重庆,西南大学,日语,381,2845,
重庆,西南大学,法学,378,3622,
重庆,西南大学,中国语言文学类,378,3622,
重庆,西南大学,英语,377,3865,
重庆,西南大学,思想政治教育,377,3865,
重庆,西南大学,新闻学,377,3865,
重庆,西南大学,德语,377,3865,
重庆,西南大学,经济学类,377,3865,
重庆,西南大学,工商管理类,377,3865,
重庆,西南大学,公共管理类,377,3865,
重庆,西南大学,文化产业管理,376,4118,
重庆,西南大学,地理科学类,376,4118,
陕西,陕西师范大学,中国语言文学类,385,2148,
陕西,陕西师范大学,历史学类,378,3622,
陕西,陕西师范大学,思想政治教育,377,3865,
陕西,陕西师范大学,外国语言文学类,377,3865,
陕西,陕西师范大学,新闻传播学类,376,4118,
陕西,陕西师范大学,公共管理类,376,4118,
福建,福州大学,日语,374,4701,
福建,福州大学,金融学,374,4701,
福建,福州大学,汉语言文学,374,4701,
福建,福州大学,法学,374,4701,
福建,福州大学,英语,373,4998,
福建,福州大学,物流管理,373,4998,
四川,西南财经大学,经济学,392,1174,
四川,西南财经大学,金融学类,392,1174,
四川,西南财经大学,金融学,391,1299,
四川,西南财经大学,财政学类,390,1429,
四川,西南财经大学,保险学,388,1693,
四川,西南财经大学,法学,388,1693,
四川,西南财经大学,工商管理,388,1693,
四川,西南财经大学,经济与贸易类,388,1693,
四川,西南财经大学,人力资源管理,387,1858,
四川,西南财经大学,行政管理,387,1858,
四川,西南财经大学,劳动与社会保障,387,1858,
四川,西南财经大学,工商管理类,387,1858,
四川,西南财经大学,外国语言文学类,387,1858,
江苏,江苏大学,统计学,356,12128,
江苏,江苏大学,金融学,354,13176,
江苏,江苏大学,会计学,354,13176,
江苏,江苏大学,汉语国际教育,354,13176,
江苏,江苏大学,法学,354,13176,
江苏,江苏大学,人力资源管理,354,13176,
江苏,江苏大学,思想政治教育,354,13176,
江苏,江苏大学,保险学,353,13737,
江苏,江苏大学,日语,353,13737,
江苏,江苏大学,国际经济与贸易,353,13737,
江苏,江苏大学,财务管理,353,13737,
江苏,江苏大学,工商管理,353,13737,
江苏,江苏大学,物流管理,353,13737,
江苏,江苏大学,市场营销,353,13737,
江苏,江苏大学,公共事业管理,353,13737,
江苏,江苏大学,教育技术学,353,13737,
江苏,江苏大学,金融学（单列专业）,335,24549,
江苏,江苏大学,英语（单列专业）,333,25759,
江苏,江苏大学,工商管理（单列专业）,333,25759,
江苏,江苏大学,会计学（单列专业）,333,25759,
陕西,西北农林科技大学,英语,375,4400,
陕西,西北农林科技大学,社会学类,373,4998,
陕西,西北农林科技大学,公共管理类,373,4998,
江西,南昌大学,日语,374,4701,
江西,南昌大学,会计学,373,4998,
江西,南昌大学,法学类,373,4998,
江西,南昌大学,中国语言文学类,373,4998,
江西,南昌大学,新闻传播学类,373,4998,
江西,南昌大学,历史学,372,5322,
江西,南昌大学,工商管理,372,5322,
江西,南昌大学,英语,372,5322,
江西,南昌大学,旅游管理类,372,5322,
广东,南方医科大学,中医学,363,8738,
广东,南方医科大学,助产学,362,9232,
广东,南方医科大学,法学,357,11623,
广东,南方医科大学,公共事业管理,355,12653,
北京,华北电力大学,法学类,373,4998,
北京,华北电力大学,工商管理类,373,4998,
北京,华北电力大学,公共管理类,373,4998,
北京,华北电力大学,外国语言文学类,372,5322,
北京,中国矿业大学（北京）,法学,374,4701,
北京,中国矿业大学（北京）,英语,373,4998,
北京,中国矿业大学（北京）,行政管理,373,4998,
广东,华南师范大学,汉语言文学,377,3865,
广东,华南师范大学,新闻学,375,4400,
广东,华南师范大学,历史学,375,4400,
江苏,扬州大学,英语,373,4998,
江苏,扬州大学,中国语言文学类,371,5663,
江苏,扬州大学,小学教育,370,5992,
江苏,扬州大学,历史学,369,6316,
江苏,扬州大学,秘书学,367,7043,
江苏,扬州大学,思想政治教育,367,7043,
江苏,扬州大学,法学,366,7452,
江苏,扬州大学,日语,365,7865,
江苏,扬州大学,学前教育,364,8300,
江苏,扬州大学,应用心理学,363,8738,
江苏,扬州大学,经济学,362,9232,
江苏,扬州大学,哲学,360,10167,
江苏,扬州大学,国际经济与贸易,359,10618,
江苏,扬州大学,法语,359,10618,
江苏,扬州大学,广播电视学,359,10618,
江苏,扬州大学,档案学,358,11119,
江苏,扬州大学,翻译,358,11119,
江苏,扬州大学,西班牙语,358,11119,
江苏,扬州大学,公共管理类,358,11119,
江苏,扬州大学,金融学,357,11623,
江苏,扬州大学,护理学,357,11623,
江苏,扬州大学,旅游管理,357,11623,
江苏,扬州大学,社会工作,357,11623,
江苏,扬州大学,阿拉伯语,357,11623,
江苏,扬州大学,农林经济管理,357,11623,
江苏,扬州大学,酒店管理,357,11623,
江苏,扬州大学,国际商务（中外合作）,341,20805,
上海,东华大学,社会科学试验班,387,1858,
上海,东华大学,新闻传播学类,385,2148,
上海,东华大学,工业设计,384,2304,
上海,东华大学,英语,384,2304,
上海,东华大学,日语,384,2304,
上海,东华大学,经济与贸易类,384,2304,
上海,东华大学,经济管理试验班,383,2482,
北京,北京外国语大学,西班牙语,400,510,
北京,北京外国语大学,国际商务,396,760,
北京,北京外国语大学,英语,395,850,
北京,北京外国语大学,日语,395,850,
北京,北京外国语大学,德语,395,850,
北京,北京外国语大学,翻译,395,850,
北京,北京外国语大学,传播学,395,850,
北京,北京外国语大学,工商管理类,394,956,
北京,北京外国语大学,世界史,394,956,
北京,北京林业大学,法学,378,3622,
北京,北京林业大学,英语,378,3622,
北京,北京林业大学,农林经济管理,377,3865,
北京,北京林业大学,商务英语,376,4118,
北京,北京林业大学,应用心理学,376,4118,
北京,北京林业大学,工商管理类,376,4118,
北京,北京林业大学,日语,375,4400,
云南,云南大学,法学,373,4998,
云南,云南大学,经济学类,373,4998,
云南,云南大学,工商管理类,372,5322,
安徽,合肥工业大学,法学,371,5663,
安徽,合肥工业大学,英语,371,5663,
安徽,合肥工业大学,思想政治教育,370,5992,
安徽,合肥工业大学,印度尼西亚语,370,5992,
江苏,南京工业大学,城乡规划,358,11119,
江苏,南京工业大学,法学,357,11623,
江苏,南京工业大学,金融学,357,11623,
江苏,南京工业大学,知识产权,356,12128,
江苏,南京工业大学,风景园林,356,12128,
江苏,南京工业大学,汉语国际教育,355,12653,
江苏,南京工业大学,建筑电气与智能化,355,12653,
江苏,南京工业大学,管理科学与工程类,355,12653,
江苏,南京工业大学,英语,354,13176,
江苏,南京工业大学,日语,354,13176,
江苏,南京工业大学,社会工作,353,13737,
江苏,南京工业大学,工业工程,353,13737,
江苏,南京工业大学,工商管理类,353,13737,
江苏,南京工业大学,公共管理类,353,13737,
江苏,南京工业大学,德语,353,13737,
江苏,南京工业大学,国际经济与贸易,353,13737,
江苏,南京工业大学,建筑环境与能源应用工程,353,13737,
江苏,南京工业大学,会计学（中美学分互认）,344,19034,
辽宁,东北财经大学,金融学类,375,4400,
辽宁,东北财经大学,财政学类,374,4701,
辽宁,东北财经大学,财务管理,359,10618,
辽宁,东北财经大学,金融学,359,10618,
辽宁,东北财经大学,工商管理,355,12653,
浙江,宁波大学,英语,366,7452,
北京,北京中医药大学,中医学,392,1174,
北京,北京中医药大学,英语,384,2304,
湖南,湖南师范大学,历史学,378,3622,
湖南,湖南师范大学,汉语言文学,378,3622,
湖南,湖南师范大学,思想政治教育,377,3865,
湖南,湖南师范大学,法学,376,4118,
湖南,湖南师范大学,教育学,376,4118,
湖南,湖南师范大学,编辑出版学,376,4118,
湖南,湖南师范大学,广告学,376,4118,
湖南,湖南师范大学,汉语国际教育,376,4118,
湖南,湖南师范大学,网络与新媒体,376,4118,
湖南,湖南师范大学,工商管理,375,4400,
湖南,湖南师范大学,政治学与行政学,375,4400,
湖南,湖南师范大学,文化产业管理,375,4400,
湖南,湖南师范大学,国际经济与贸易,375,4400,
湖南,湖南师范大学,社会学,375,4400,
湖南,湖南师范大学,行政管理,375,4400,
湖南,湖南师范大学,哲学,375,4400,
湖南,湖南师范大学,人文地理与城乡规划,375,4400,
陕西,长安大学,法学,372,5322,
陕西,长安大学,英语,372,5322,
陕西,长安大学,新闻传播学类,372,5322,
陕西,长安大学,公共管理类,371,5663,
江苏,南京邮电大学,经济学类,360,10167,
江苏,南京邮电大学,广告学,359,10618,
江苏,南京邮电大学,外国语言文学类,359,10618,
江苏,南京邮电大学,日语,358,11119,
江苏,南京邮电大学,公共管理类,358,11119,
江苏,南京邮电大学,工商管理类,358,11119,
北京,中国传媒大学,新闻学,396,760,
北京,中国传媒大学,网络与新媒体,395,850,
北京,中国传媒大学,国际新闻与传播,394,956,
北京,中国传媒大学,翻译,393,1065,
北京,中国传媒大学,传播学,385,2148,
河北,燕山大学,法学,355,12653,
河北,燕山大学,工商管理,352,14311,
河北,燕山大学,行政管理,351,14879,
安徽,安徽大学,法学类,378,3622,
安徽,安徽大学,中国语言文学类,377,3865,
安徽,安徽大学,英语,376,4118,
安徽,安徽大学,新闻传播学类,376,4118,
安徽,安徽大学,日语,375,4400,
安徽,安徽大学,西班牙语,375,4400,
安徽,安徽大学,德语,375,4400,
安徽,安徽大学,会计学,375,4400,
安徽,安徽大学,经济学类,375,4400,
安徽,安徽大学,历史学类,375,4400,
安徽,安徽大学,政治学类,375,4400,
安徽,安徽大学,工商管理类,375,4400,
安徽,安徽大学,哲学类,374,4701,
安徽,安徽大学,管理科学与工程类,374,4701,
河南,河南大学,中国语言文学类,367,7043,
河南,河南大学,英语,365,7865,
河南,河南大学,法学,363,8738,
河南,河南大学,思想政治教育,362,9232,
河南,河南大学,经济学类,362,9232,
河南,河南大学,德语,361,9709,
河南,河南大学,文化产业管理,361,9709,
上海,上海外国语大学,翻译,398,619,
上海,上海外国语大学,德语,396,760,
上海,上海外国语大学,西班牙语,396,760,
上海,上海外国语大学,商务英语,396,760,
上海,上海外国语大学,法语,396,760,
上海,上海外国语大学,汉语国际教育,395,850,
上海,上海外国语大学,会计学,395,850,
上海,上海外国语大学,外交学,395,850,
上海,上海外国语大学,国际政治,394,956,
上海,上海外国语大学,意大利语,394,956,
上海,上海外国语大学,金融学,394,956,
上海,上海外国语大学,法学,394,956,
上海,上海外国语大学,教育技术学,394,956,
上海,上海外国语大学,语言学,394,956,
上海,上海外国语大学,工商管理类,394,956,
上海,上海外国语大学,新闻传播学类,394,956,
江苏,南京信息工程大学,法学,365,7865,
江苏,南京信息工程大学,翻译,363,8738,
江苏,南京信息工程大学,公共事业管理,362,9232,
江苏,南京信息工程大学,日语,362,9232,
江苏,南京信息工程大学,汉语国际教育,362,9232,
江苏,南京信息工程大学,物流管理,361,9709,
江苏,南京信息工程大学,行政管理,361,9709,
江苏,南京信息工程大学,国际经济与贸易,361,9709,
江苏,南京信息工程大学,金融工程,361,9709,
江苏,南京信息工程大学,工商管理类,361,9709,
江苏,南京信息工程大学,保险学,361,9709,
江苏,南京信息工程大学,国际经济与贸易（中外合作）,353,13737,
江苏,中国药科大学,英语,373,4998,
江苏,中国药科大学,经济管理试验班,372,5322,
浙江,浙江师范大学,汉语言文学,375,4400,
浙江,浙江师范大学,应用心理学,374,4701,
上海,上海理工大学,新闻传播学类,371,5663,
上海,上海理工大学,日语,370,5992,
上海,上海理工大学,德语,369,6316,
上海,上海理工大学,经济管理试验班,369,6316,
上海,上海理工大学,工商管理,355,12653,
山东,山东师范大学,历史学类,366,7452,
山东,山东师范大学,中国语言文学类,365,7865,
山东,山东师范大学,法学,363,8738,
山东,山东师范大学,新闻学,363,8738,
山东,山东师范大学,哲学,362,9232,
山东,山东师范大学,公共管理类,361,9709,
山东,山东师范大学,工商管理类,360,10167,
山东,山东师范大学,财务管理,338,22722,
北京,中央民族大学,法学类,393,1065,
北京,中央民族大学,汉语言文学,390,1429,
北京,中央民族大学,哲学类,390,1429,
北京,中央民族大学,外国语言文学类,389,1550,
北京,中央民族大学,新闻传播学类,389,1550,
北京,中央民族大学,日语,388,1693,
北京,中央民族大学,公共管理类,388,1693,
北京,中央民族大学,社会学类,388,1693,
天津,河北工业大学,英语,371,5663,
天津,河北工业大学,法学,371,5663,
天津,河北工业大学,汉语国际教育,370,5992,
山东,青岛大学,法学,360,10167,
山东,青岛大学,德语,360,10167,
山东,青岛大学,经济学类,360,10167,
山东,青岛大学,朝鲜语,358,11119,
上海,上海师范大学,小学教育,376,4118,
上海,上海师范大学,法学,375,4400,
上海,上海师范大学,人力资源管理,374,4701,
上海,上海师范大学,哲学,374,4701,
上海,上海师范大学,汉语国际教育,374,4701,
上海,上海师范大学,学前教育,374,4701,
上海,上海师范大学,旅游管理类,374,4701,
上海,上海师范大学,工商管理类,374,4701,
上海,上海师范大学,世界史,374,4701,
上海,上海师范大学,新闻传播学类,374,4701,
上海,上海师范大学,公共管理类,374,4701,
上海,上海师范大学,文化产业管理,374,4701,
上海,上海师范大学,经济学,356,12128,
上海,上海师范大学,园艺,352,14311,
湖南,湘潭大学,法学,372,5322,
湖南,湘潭大学,德语,369,6316,
湖南,湘潭大学,金融学,367,7043,
湖南,湘潭大学,国际经济与贸易,367,7043,
湖南,湘潭大学,新闻学,366,7452,
湖南,湘潭大学,英语,364,8300,
湖南,湘潭大学,汉语言文学,364,8300,
湖南,湘潭大学,工商管理,363,8738,
湖南,湘潭大学,日语,363,8738,
湖南,湘潭大学,哲学,362,9232,
湖南,湘潭大学,西班牙语,362,9232,
湖北,湖北大学,国际经济与贸易,352,14311,
湖北,湖北大学,外国语言文学类,352,14311,
江苏,南京林业大学,中国语言文学类,364,8300,
江苏,南京林业大学,法学,362,9232,
江苏,南京林业大学,建筑类,362,9232,
江苏,南京林业大学,城乡规划,361,9709,
江苏,南京林业大学,新闻传播学类,361,9709,
江苏,南京林业大学,英语,360,10167,
江苏,南京林业大学,日语,360,10167,
江苏,南京林业大学,工业设计,360,10167,
江苏,南京林业大学,社会工作,360,10167,
江苏,南京林业大学,工商管理类,360,10167,
江苏,南京林业大学,家具设计与工程,360,10167,
江苏,南京林业大学,建筑类（淮安校区）,346,17752,
江苏,南京林业大学,城乡规划（淮安校区）,346,17752,
江苏,南京林业大学,中国语言文学类（淮安校区）,345,18374,
江苏,南京林业大学,新闻传播学类（淮安校区）,345,18374,
江苏,南京林业大学,英语（淮安校区）,345,18374,
江苏,南京林业大学,工商管理类（淮安校区）,345,18374,
辽宁,大连海事大学,法学,374,4701,
辽宁,大连海事大学,政治学与行政学,373,4998,
辽宁,大连海事大学,财务管理,373,4998,
辽宁,大连海事大学,英语,373,4998,
山西,山西大学,历史学,367,7043,
山西,山西大学,法学,359,10618,
山西,山西大学,汉语言文学,356,12128,
山西,山西大学,哲学类,356,12128,
山西,山西大学,法语,355,12653,
山西,山西大学,社会工作,355,12653,
浙江,宁波诺丁汉大学,国际经济与贸易,365,7865,
浙江,宁波诺丁汉大学,国际事务与国际关系,360,10167,
浙江,宁波诺丁汉大学,财务管理,351,14879,
浙江,宁波诺丁汉大学,传播学,345,18374,
浙江,宁波诺丁汉大学,国际商务,343,19608,
浙江,浙江理工大学,外国语言文学类,360,10167,
浙江,浙江理工大学,新闻传播学类,359,10618,
浙江,浙江理工大学,经济与贸易类,358,11119,
浙江,浙江理工大学,行政管理,357,11623,
浙江,浙江理工大学,工商管理类,357,11623,
黑龙江,东北林业大学,法学,368,6670,
黑龙江,东北林业大学,广告学,367,7043,
黑龙江,东北林业大学,社会工作,366,7452,
湖南,长沙理工大学,金融学,354,13176,
湖南,长沙理工大学,汉语言文学,348,16581,
湖南,长沙理工大学,翻译,347,17190,
湖南,长沙理工大学,市场营销,347,17190,
黑龙江,东北农业大学,英语,367,7043,
黑龙江,东北农业大学,行政管理,364,8300,
江西,江西师范大学,英语,364,8300,
江西,江西师范大学,中国语言文学类,364,8300,
江西,江西师范大学,新闻传播学类,363,8738,
江西,江西师范大学,心理学类,361,9709,
江西,江西师范大学,历史学,359,10618,
江西,江西师范大学,法语,359,10618,
江西,江西师范大学,文化产业管理,357,11623,
江西,江西师范大学,经济学,356,12128,
江西,江西师范大学,社会工作,356,12128,
江西,江西师范大学,思想政治教育,356,12128,
江西,江西师范大学,俄语,356,12128,
江西,江西师范大学,会计学,355,12653,
江西,江西师范大学,文物与博物馆学,355,12653,
江西,江西师范大学,地理科学类,355,12653,
江西,江西师范大学,法学,354,13176,
江西,江西师范大学,电子商务,354,13176,
江西,江西师范大学,公共管理类,354,13176,
江西,江西师范大学,国际经济与贸易,353,13737,
江西,江西师范大学,公共事业管理,353,13737,
江西,江西师范大学,日语,353,13737,
江西,江西师范大学,工商管理类,353,13737,
江西,江西师范大学,金融学,352,14311,
江西,江西师范大学,建筑学,352,14311,
江西,江西师范大学,旅游管理,352,14311,
江西,江西师范大学,朝鲜语,352,14311,
江西,江西师范大学,风景园林,352,14311,
江西,江西师范大学,管理科学与工程类,352,14311,
江西,江西师范大学,城乡规划,347,17190,
江西,江西财经大学,金融学类,371,5663,
江西,江西财经大学,工商管理类,370,5992,
江西,江西财经大学,电子商务类,370,5992,
江西,江西财经大学,外国语言文学类,369,6316,
江西,江西财经大学,中国语言文学类,369,6316,
江西,江西财经大学,经济学类,369,6316,
江西,江西财经大学,管理科学与工程类,369,6316,
江西,江西财经大学,国际经济与贸易,368,6670,
江西,江西财经大学,市场营销,368,6670,
河北,河北大学,中国语言文学类,353,13737,
河北,河北大学,法学,352,14311,
河北,河北大学,经济学,351,14879,
河北,河北大学,会计学,351,14879,
河北,河北大学,保险学,350,15449,
浙江,杭州师范大学,中国语言文学类,372,5322,
浙江,杭州师范大学,外国语言文学类,370,5992,
浙江,杭州师范大学,国际商务,368,6670,
浙江,杭州师范大学,文化产业管理,368,6670,
浙江,杭州师范大学,电子商务类,368,6670,
山东,山东科技大学,金融学,343,19608,
安徽,安徽师范大学,中国语言文学类,362,9232,
安徽,安徽师范大学,社会学类,358,11119,
安徽,安徽师范大学,工商管理类,358,11119,
安徽,安徽师范大学,历史学类,358,11119,
安徽,安徽师范大学,行政管理,357,11623,
安徽,安徽师范大学,法学,357,11623,
安徽,安徽师范大学,学前教育,357,11623,
安徽,安徽师范大学,经济学类,357,11623,
安徽,安徽师范大学,新闻传播学类,357,11623,
安徽,安徽师范大学,地理科学类,357,11623,
安徽,安徽师范大学,旅游管理,356,12128,
贵州,贵州大学,汉语言文学,368,6670,
贵州,贵州大学,财政学类,366,7452,
辽宁,辽宁大学,法学,373,4998,
辽宁,辽宁大学,金融学类（金融学、保险学）,373,4998,
辽宁,辽宁大学,汉语言文学,373,4998,
辽宁,辽宁大学,广告学,372,5322,
辽宁,辽宁大学,英语,372,5322,
辽宁,辽宁大学,德语,372,5322,
辽宁,辽宁大学,新闻学,371,5663,
辽宁,辽宁大学,行政管理,371,5663,
辽宁,辽宁大学,劳动与社会保障,371,5663,
辽宁,辽宁大学,档案学,371,5663,
河南,河南师范大学,思想政治教育,348,16581,
河南,河南师范大学,汉语国际教育,348,16581,
河南,河南师范大学,日语,347,17190,
河南,河南师范大学,马克思主义理论类（马克思主义理论，中国共产党历史）,347,17190,
河南,河南师范大学,工商管理类（工商管理，市场营销）,346,17752,
河南,河南师范大学,社会学类（社会工作，社会学）,346,17752,
海南,海南大学,金融学,393,1065,
海南,海南大学,法学,388,1693,
海南,海南大学,行政管理,384,2304,
海南,海南大学,工商管理类,384,2304,
海南,海南大学,国际经济与贸易,382,2664,
海南,海南大学,传播学,382,2664,
海南,海南大学,公共关系学,379,3345,
海南,海南大学,英语,378,3622,
海南,海南大学,旅游管理类,373,4998,
海南,海南大学,戏剧影视文学,373,4998,
江苏,南京中医药大学,中医学（单列专业）,377,3865,
江苏,南京中医药大学,中西医临床医学,364,8300,
江苏,南京中医药大学,中医儿科学,364,8300,
江苏,南京中医药大学,中医养生学,363,8738,
江苏,南京中医药大学,眼视光学,361,9709,
江苏,南京中医药大学,中医康复学,361,9709,
江苏,南京中医药大学,针灸推拿学,360,10167,
江苏,南京中医药大学,应用心理学,356,12128,
江苏,南京中医药大学,康复治疗学,355,12653,
江苏,南京中医药大学,市场营销,353,13737,
江苏,南京中医药大学,国际经济与贸易,352,14311,
江苏,南京中医药大学,健康服务与管理,352,14311,
江苏,南京中医药大学,公共管理类,352,14311,
江苏,南京中医药大学,中医学（泰州校区）,351,14879,
江苏,南京中医药大学,公共事业管理（中外合作）,333,25759,
浙江,中国计量大学,标准化工程,360,10167,
浙江,中国计量大学,工商管理类,360,10167,
浙江,中国计量大学,公共管理类,359,10618,
上海,华东政法大学,公共管理类,395,850,
上海,华东政法大学,新闻传播学类,394,956,
上海,华东政法大学,知识产权,394,956,
上海,华东政法大学,英语,394,956,
上海,华东政法大学,德语,394,956,
上海,华东政法大学,日语,394,956,
上海,华东政法大学,翻译,394,956,
北京,首都经济贸易大学,会计学,377,3865,
北京,首都经济贸易大学,经济学,376,4118,
重庆,西南政法大学,新闻学,387,1858,
重庆,西南政法大学,政治学与行政学,385,2148,
重庆,西南政法大学,新闻传播学类,385,2148,
重庆,西南政法大学,德语,385,2148,
重庆,西南政法大学,经济学类,385,2148,
重庆,西南政法大学,思想政治教育,384,2304,
重庆,西南政法大学,社会工作,384,2304,
重庆,西南政法大学,工商管理类,384,2304,
江苏,江苏师范大学,英语,364,8300,
江苏,江苏师范大学,翻译,362,9232,
江苏,江苏师范大学,金融工程,361,9709,
江苏,江苏师范大学,城乡规划,361,9709,
江苏,江苏师范大学,土地资源管理,360,10167,
江苏,江苏师范大学,汉语言文学,360,10167,
江苏,江苏师范大学,日语,359,10618,
江苏,江苏师范大学,文化产业管理,359,10618,
江苏,江苏师范大学,秘书学,359,10618,
江苏,江苏师范大学,法学,359,10618,
江苏,江苏师范大学,哲学,359,10618,
江苏,江苏师范大学,小学教育,359,10618,
江苏,江苏师范大学,财务管理,358,11119,
江苏,江苏师范大学,广告学,358,11119,
江苏,江苏师范大学,广播电视学,358,11119,
江苏,江苏师范大学,国际经济与贸易,358,11119,
江苏,江苏师范大学,旅游管理,358,11119,
江苏,江苏师范大学,经济学,358,11119,
江苏,江苏师范大学,汉语国际教育,358,11119,
江苏,江苏师范大学,社会工作,358,11119,
江苏,江苏师范大学,历史学,358,11119,
江苏,江苏师范大学,思想政治教育,358,11119,
江苏,江苏师范大学,地理科学,358,11119,
江苏,江苏师范大学,行政管理,358,11119,
江苏,江苏师范大学,应用心理学,358,11119,
江苏,江苏师范大学,教育技术学,358,11119,
江苏,江苏师范大学,西班牙语,358,11119,
江苏,江苏师范大学,学前教育,358,11119,
江苏,江苏师范大学,语言学,358,11119,
江苏,江苏师范大学,金融工程（中外合作）,338,22722,
福建,华侨大学,新闻传播学类,359,10618,
福建,华侨大学,中国语言文学类,359,10618,
福建,华侨大学,法学,357,11623,
福建,华侨大学,财务管理,356,12128,
福建,华侨大学,金融学,355,12653,
福建,华侨大学,经济学类,355,12653,
福建,华侨大学,汉语国际教育,354,13176,
福建,华侨大学,英语,354,13176,
福建,华侨大学,旅游管理类,354,13176,
福建,华侨大学,工商管理类,353,13737,
黑龙江,黑龙江大学,法学,358,11119,
黑龙江,黑龙江大学,哲学,350,15449,
黑龙江,黑龙江大学,汉语国际教育,350,15449,
黑龙江,黑龙江大学,政治学与行政学,350,15449,
黑龙江,黑龙江大学,商务英语,349,16031,
黑龙江,黑龙江大学,金融学（中法学院）,347,17190,
黑龙江,黑龙江大学,社会工作,345,18374,
浙江,浙江工商大学,法学类,372,5322,
浙江,浙江工商大学,汉语言文学,371,5663,
浙江,浙江工商大学,法语,371,5663,
浙江,浙江工商大学,经济学类,370,5992,
浙江,浙江工商大学,新闻传播学类,370,5992,
浙江,浙江工商大学,旅游管理类,370,5992,
浙江,浙江工商大学,经济统计学,370,5992,
浙江,浙江工商大学,会计学,369,6316,
浙江,浙江工商大学,日语,369,6316,
浙江,浙江工商大学,金融学类,369,6316,
浙江,浙江工商大学,工商管理类,369,6316,
浙江,浙江工商大学,公共管理类,369,6316,
浙江,浙江工商大学,外国语言文学类,369,6316,
云南,昆明理工大学,国际经济与贸易,346,17752,
云南,昆明理工大学,会计学,345,18374,
云南,昆明理工大学,工商管理,345,18374,
广东,汕头大学,法学,368,6670,
广东,汕头大学,汉语言文学,367,7043,
广东,汕头大学,英语,365,7865,
广东,汕头大学,工商管理,364,8300,
广东,汕头大学,行政管理,364,8300,
湖北,湖北工业大学,国际经济与贸易,349,16031,
山东,济南大学,法学,372,5322,
山东,济南大学,新闻传播学类,369,6316,
山东,济南大学,中国语言文学类,369,6316,
山东,济南大学,工商管理类,364,8300,
山东,济南大学,外国语言文学类,364,8300,
山东,济南大学,历史学,363,8738,
山东,济南大学,思想政治教育,362,9232,
山东,济南大学,公共管理类,361,9709,
山东,济南大学,旅游管理类,361,9709,
江苏,江苏科技大学,经济学,348,16581,
江苏,江苏科技大学,工商管理类,348,16581,
江苏,江苏科技大学,政治学与行政学,347,17190,
江苏,江苏科技大学,俄语,347,17190,
江苏,江苏科技大学,公共事业管理,347,17190,
江苏,江苏科技大学,旅游管理,347,17190,
江苏,江苏科技大学,金融工程,347,17190,
江苏,江苏科技大学,外国语言文学类,347,17190,
江苏,江苏科技大学,财务管理（张家港校区）,345,18374,
江苏,江苏科技大学,工商管理（中外合作）,333,25759,
重庆,重庆邮电大学,外国语言文学类,357,11623,
浙江,浙江农林大学,工商管理,355,12653,
浙江,浙江农林大学,广告学,353,13737,
浙江,浙江农林大学,法学,352,14311,
浙江,浙江农林大学,汉语言文学,350,15449,
浙江,浙江农林大学,国际经济与贸易,349,16031,
河南,河南科技大学,金融学,344,19034,
河南,河南科技大学,国际经济与贸易,344,19034,
河南,河南科技大学,法学类,344,19034,
河南,河南科技大学,经济学,343,19608,
河南,河南科技大学,外国语言文学类,343,19608,
河南,河南科技大学,中国语言文学类,343,19608,
湖北,武汉工程大学,会计学,351,14879,
湖北,武汉工程大学,经济学,351,14879,
北京,北京语言大学,英语,387,1858,
北京,北京语言大学,汉语言文学,380,3106,
北京,北京语言大学,翻译,377,3865,
北京,北京语言大学,新闻学,377,3865,
北京,北京语言大学,汉语国际教育,376,4118,
北京,北京语言大学,网络与新媒体,376,4118,
北京,北京语言大学,金融学,375,4400,
北京,北京语言大学,国际事务与国际关系,375,4400,
北京,北京语言大学,财务管理,375,4400,
新疆,石河子大学,农林经济管理,349,16031,
新疆,石河子大学,俄语,345,18374,
新疆,石河子大学,护理学,344,19034,
新疆,石河子大学,学前教育,343,19608,
江苏,常州大学,会计学,351,14879,
江苏,常州大学,金融学,350,15449,
江苏,常州大学,汉语言文学,350,15449,
江苏,常州大学,人力资源管理,349,16031,
江苏,常州大学,社会工作,349,16031,
江苏,常州大学,物流管理,349,16031,
江苏,常州大学,国际经济与贸易,349,16031,
江苏,常州大学,商务英语,349,16031,
江苏,常州大学,公共事业管理,349,16031,
江苏,常州大学,日语,348,16581,
江苏,常州大学,西班牙语,348,16581,
江苏,常州大学,市场营销,348,16581,
江苏,常州大学,护理学,348,16581,
江苏,常州大学,园林,348,16581,
江苏,常州大学,金融工程,348,16581,
江苏,常州大学,信息管理与信息系统（中外合作）,336,23907,
广东,广东外语外贸大学,德语,376,4118,
广东,广东外语外贸大学,葡萄牙语,375,4400,
广东,广东外语外贸大学,意大利语,374,4701,
广东,广东外语外贸大学,日语,372,5322,
广东,广东外语外贸大学,乌尔都语,372,5322,
广东,广东外语外贸大学,国际商务,372,5322,
广东,广东外语外贸大学,英语,372,5322,
广东,广东外语外贸大学,商务英语,372,5322,
广东,广东外语外贸大学,新闻传播学类,371,5663,
广东,广东外语外贸大学,法学,370,5992,
广东,广东外语外贸大学,行政管理,369,6316,
广东,广东外语外贸大学,政治学类,369,6316,
广东,广东外语外贸大学,工商管理类,368,6670,
上海,上海海事大学,外国语言文学类,372,5322,
上海,上海海事大学,法学,372,5322,
上海,上海海事大学,交通管理,371,5663,
上海,上海海事大学,日语,371,5663,
上海,上海海事大学,经济学类,363,8738,
河北,河北师范大学,中国语言文学类,351,14879,
河北,河北师范大学,外国语言文学类,351,14879,
河北,河北师范大学,历史学类,350,15449,
河北,河北师范大学,经济与贸易类,350,15449,
河北,河北师范大学,家政学,347,17190,
安徽,安徽工业大学,会计学,352,14311,
安徽,安徽工业大学,法学,350,15449,
安徽,安徽工业大学,经济与金融,350,15449,
安徽,安徽工业大学,行政管理,348,16581,
安徽,安徽工业大学,市场营销,348,16581,
安徽,安徽工业大学,财务管理,347,17190,
安徽,安徽工业大学,英语,347,17190,
山东,曲阜师范大学,法学,348,16581,
山东,曲阜师范大学,新闻学,347,17190,
山东,曲阜师范大学,商务英语,347,17190,
山东,曲阜师范大学,汉语言文学,347,17190,
山东,曲阜师范大学,文化产业管理,346,17752,
山东,曲阜师范大学,旅游管理,346,17752,
山东,曲阜师范大学,教育学,346,17752,
江苏,南京财经大学,会计学,369,6316,
江苏,南京财经大学,审计学,368,6670,
江苏,南京财经大学,财政学,367,7043,
江苏,南京财经大学,金融学,367,7043,
江苏,南京财经大学,经济学,366,7452,
江苏,南京财经大学,财务管理,366,7452,
江苏,南京财经大学,法学,365,7865,
江苏,南京财经大学,广告学,365,7865,
江苏,南京财经大学,网络与新媒体,365,7865,
江苏,南京财经大学,法语,365,7865,
江苏,南京财经大学,新闻学,365,7865,
江苏,南京财经大学,英语,365,7865,
江苏,南京财经大学,保险学,365,7865,
江苏,南京财经大学,投资学,365,7865,
江苏,南京财经大学,市场营销,365,7865,
江苏,南京财经大学,工商管理,365,7865,
江苏,南京财经大学,劳动与社会保障,365,7865,
江苏,南京财经大学,物流管理,365,7865,
江苏,南京财经大学,人力资源管理,365,7865,
江苏,南京财经大学,税收学,365,7865,
江苏,南京财经大学,信用管理,365,7865,
江苏,南京财经大学,国际经济与贸易,365,7865,
江苏,南京财经大学,贸易经济,365,7865,
江苏,南京财经大学,商务英语,365,7865,
江苏,南京财经大学,工商管理（中外合作）,351,14879,
宁夏,宁夏大学,汉语言文学,362,9232,
宁夏,宁夏大学,工商管理类,359,10618,
宁夏,宁夏大学,新闻传播学类,358,11119,
湖南,湖南农业大学,电子商务,350,15449,
湖南,湖南农业大学,工商管理类,349,16031,
湖南,湖南农业大学,金融学,346,17752,
湖南,湖南农业大学,风景园林,346,17752,
湖南,湖南农业大学,投资学,345,18374,
湖南,湖南农业大学,公共管理类,345,18374,
江苏,南通大学,汉语言文学,355,12653,
江苏,南通大学,商务英语,355,12653,
江苏,南通大学,小学教育,355,12653,
江苏,南通大学,英语,354,13176,
江苏,南通大学,日语,353,13737,
江苏,南通大学,新闻学,352,14311,
江苏,南通大学,翻译,352,14311,
江苏,南通大学,应用心理学,352,14311,
江苏,南通大学,国际经济与贸易,352,14311,
江苏,南通大学,会计学,352,14311,
江苏,南通大学,历史学,352,14311,
江苏,南通大学,工商管理,352,14311,
江苏,南通大学,思想政治教育,352,14311,
江苏,南通大学,学前教育,352,14311,
江苏,南通大学,法学,352,14311,
江苏,南通大学,行政管理,351,14879,
江苏,南通大学,护理学,351,14879,
江苏,南通大学,汉语国际教育,351,14879,
江苏,南通大学,教育技术学,351,14879,
江苏,南通大学,秘书学,350,15449,
江苏,南通大学,会计学（单列专业）,343,19608,
江苏,南通大学,商务英语（单列专业）,341,20805,
上海,上海海洋大学,国际经济与贸易,368,6670,
上海,上海海洋大学,农林经济管理,368,6670,
上海,上海海洋大学,会计学,366,7452,
上海,上海海洋大学,物流管理,364,8300,
上海,上海海洋大学,日语,364,8300,
上海,上海海洋大学,朝鲜语,363,8738,
上海,上海海洋大学,市场营销,349,16031,
湖北,三峡大学,金融学,345,18374,
湖北,三峡大学,工商管理类,344,19034,
湖北,三峡大学,法学,344,19034,
湖北,三峡大学,英语,344,19034,
浙江,浙江财经大学,金融学类,370,5992,
浙江,浙江财经大学,财政学类,367,7043,
浙江,浙江财经大学,公共管理类,364,8300,
浙江,浙江财经大学,经济与贸易类,364,8300,
浙江,浙江财经大学,法学类,364,8300,
浙江,浙江财经大学,外国语言文学类,364,8300,
浙江,浙江财经大学,新闻传播学类,364,8300,
浙江,浙江财经大学,管理科学与工程类,364,8300,
浙江,浙江财经大学,中国语言文学类,364,8300,
浙江,浙江财经大学,统计学类,364,8300,
浙江,浙江财经大学,会计学,360,10167,
浙江,浙江财经大学,金融学,357,11623,
浙江,浙江财经大学,市场营销,345,18374,
四川,成都理工大学,经济学,358,11119,
四川,成都理工大学,英语,357,11623,
四川,成都理工大学,法学,355,12653,
四川,成都理工大学,广告学,355,12653,
湖北,长江大学,教育学类,349,16031,
湖北,长江大学,外国语言文学类,347,17190,
上海,上海对外经贸大学,国际经济与贸易,384,2304,
上海,上海对外经贸大学,会计学,383,2482,
上海,上海对外经贸大学,国际经贸规则,379,3345,
上海,上海对外经贸大学,国际商务,377,3865,
上海,上海对外经贸大学,英语,376,4118,
上海,上海对外经贸大学,会展经济与管理,376,4118,
江西,江西理工大学,会计学,345,18374,
江西,江西理工大学,财务管理,344,19034,
江西,江西理工大学,英语,344,19034,
江西,江西理工大学,日语,344,19034,
江西,江西理工大学,工商管理,344,19034,
江西,江西理工大学,人力资源管理,344,19034,
江西,江西理工大学,法学,344,19034,
江西,江西理工大学,金融学,344,19034,
江西,江西理工大学,行政管理,343,19608,
福建,集美大学,英语,356,12128,
福建,集美大学,金融学,356,12128,
福建,集美大学,汉语国际教育,353,13737,
福建,集美大学,社会工作,352,14311,
福建,集美大学,市场营销,352,14311,
吉林,延边大学,法学,363,8738,
吉林,延边大学,朝鲜语,359,10618,
吉林,延边大学,工商管理类,357,11623,
上海,上海电力大学,国际经济与贸易,361,9709,
上海,上海电力大学,日语,361,9709,
上海,上海电力大学,工商管理,359,10618,
上海,上海电力大学,经济学,359,10618,
上海,上海电力大学,英语,359,10618,
上海,上海电力大学,公共事业管理,358,11119,
山西,中北大学,英语,344,19034,
重庆,重庆交通大学,外国语言文学类,353,13737,
重庆,重庆交通大学,新闻传播学类,352,14311,
重庆,重庆交通大学,知识产权,350,15449,
重庆,重庆交通大学,经济学,348,16581,
重庆,重庆交通大学,工商管理类,348,16581,
湖南,湖南科技大学,广告学,350,15449,
湖南,湖南科技大学,新闻学,349,16031,
湖南,湖南科技大学,经济学,349,16031,
湖南,湖南科技大学,汉语言文学,349,16031,
湖南,湖南科技大学,小学教育,349,16031,
湖南,湖南科技大学,历史学,349,16031,
湖南,湖南科技大学,地理科学,348,16581,
湖南,湖南科技大学,财务管理,348,16581,
湖南,湖南科技大学,风景园林,348,16581,
湖南,湖南科技大学,思想政治教育,348,16581,
湖南,湖南科技大学,日语,347,17190,
湖南,湖南科技大学,法学,347,17190,
湖南,湖南科技大学,旅游管理,347,17190,
湖南,湖南科技大学,市场营销,347,17190,
湖南,湖南科技大学,国际经济与贸易,347,17190,
天津,天津财经大学,审计学,368,6670,
天津,天津财经大学,法学,367,7043,
天津,天津财经大学,金融学类,365,7865,
天津,天津财经大学,工商管理类,365,7865,
天津,天津财经大学,国际经济与贸易,364,8300,
天津,天津财经大学,商务英语,364,8300,
天津,天津财经大学,财政学类,364,8300,
河南,河南工业大学,法学,351,14879,
河南,河南工业大学,财政学,348,16581,
河南,河南工业大学,新闻传播学类,348,16581,
河南,河南工业大学,金融学,346,17752,
河南,河南工业大学,网络与新媒体,346,17752,
河南,河南工业大学,英语,345,18374,
河南,河南工业大学,翻译,345,18374,
河南,河南工业大学,电子商务,345,18374,
河南,河南工业大学,物流管理,345,18374,
河南,河南工业大学,工商管理,345,18374,
河南,河南工业大学,经济学,345,18374,
河南,河南工业大学,财务管理,345,18374,
江苏,南京审计大学,审计学,372,5322,
江苏,南京审计大学,会计学,371,5663,
江苏,南京审计大学,金融学,370,5992,
江苏,南京审计大学,税收学,369,6316,
江苏,南京审计大学,经济学,368,6670,
江苏,南京审计大学,财务管理,368,6670,
江苏,南京审计大学,法学,368,6670,
江苏,南京审计大学,财政学,368,6670,
江苏,南京审计大学,保险学,367,7043,
江苏,南京审计大学,国际经济与贸易,366,7452,
江苏,南京审计大学,汉语言文学,366,7452,
江苏,南京审计大学,英语,366,7452,
江苏,南京审计大学,投资学,366,7452,
江苏,南京审计大学,政治学、经济学与哲学,366,7452,
江苏,南京审计大学,贸易经济,365,7865,
江苏,南京审计大学,工商管理,365,7865,
江苏,南京审计大学,信用管理,365,7865,
江苏,南京审计大学,汉语国际教育,365,7865,
江苏,南京审计大学,行政管理,365,7865,
江苏,南京审计大学,劳动与社会保障,365,7865,
江苏,南京审计大学,市场营销,365,7865,
江苏,南京审计大学,人力资源管理,365,7865,
江苏,南京审计大学,审计学（中外合作）,360,10167,
江苏,南京审计大学,金融工程（中外合作）,359,10618,
江苏,南京审计大学,会计学（中外合作）,358,11119,
湖北,中南民族大学,中国语言文学类,356,12128,
湖北,中南民族大学,新闻传播学类,352,14311,
湖北,中南民族大学,教育学类,352,14311,
湖北,中南民族大学,工商管理类,352,14311,
湖北,中南民族大学,外国语言文学类,352,14311,
湖北,中南民族大学,思想政治教育,351,14879,
湖北,中南民族大学,社会学类,351,14879,
湖北,中南民族大学,公共管理类,351,14879,
湖北,中南民族大学,历史学类,351,14879,
天津,天津科技大学,金融学类,352,14311,
天津,天津科技大学,人力资源管理,350,15449,
天津,天津科技大学,日语,350,15449,
天津,天津科技大学,法学类,350,15449,
天津,天津科技大学,汉语国际教育,349,16031,
天津,天津科技大学,国际经济与贸易,349,16031,
天津,天津科技大学,财务管理,349,16031,
天津,天津科技大学,英语,349,16031,
天津,天津科技大学,翻译,349,16031,
江苏,西交利物浦大学,外国语言文学类,345,18374,
江苏,西交利物浦大学,数学类,343,19608,
江苏,西交利物浦大学,建筑类,343,19608,
江苏,西交利物浦大学,工商管理类,343,19608,
湖南,南华大学,护理学,344,19034,
湖南,南华大学,法学,343,19608,
湖南,南华大学,外国语言文学类,343,19608,
四川,四川师范大学,汉语言文学,367,7043,
四川,四川师范大学,小学教育,358,11119,
四川,四川师范大学,英语,358,11119,
四川,四川师范大学,法学,356,12128,
广东,北京师范大学-香港浸会大学联合国际学院,会计学,359,10618,
广东,北京师范大学-香港浸会大学联合国际学院,外国语言文学类,354,13176,
四川,西南科技大学,工商管理类,345,18374,
四川,西南科技大学,外国语言文学类,345,18374,
四川,西南科技大学,中国语言文学类,345,18374,
江西,华东交通大学,会计学,349,16031,
江西,华东交通大学,法学,349,16031,
江西,华东交通大学,知识产权,349,16031,
江西,华东交通大学,翻译,347,17190,
江西,华东交通大学,金融学,347,17190,
江西,华东交通大学,人力资源管理,347,17190,
江西,江西农业大学,英语,346,17752,
江西,江西农业大学,会计学,345,18374,
江西,江西农业大学,农林经济管理,345,18374,
江西,江西农业大学,土地资源管理,344,19034,
江西,江西农业大学,法学,344,19034,
北京,北京第二外国语学院,翻译,374,4701,
北京,北京第二外国语学院,德语,371,5663,
北京,北京第二外国语学院,酒店管理,371,5663,
北京,北京第二外国语学院,会展经济与管理,367,7043,
北京,北京第二外国语学院,爱沙尼亚语,367,7043,
辽宁,沈阳工业大学,法学,346,17752,
辽宁,沈阳工业大学,日语,345,18374,
辽宁,沈阳工业大学,金融学,345,18374,
辽宁,沈阳工业大学,广告学,345,18374,
辽宁,沈阳工业大学,国际经济与贸易,344,19034,
辽宁,沈阳工业大学,英语,344,19034,
江西,东华理工大学,法学,351,14879,
江西,东华理工大学,国际经济与贸易,347,17190,
江西,东华理工大学,广告学,346,17752,
江西,东华理工大学,工商管理类,346,17752,
甘肃,兰州理工大学,知识产权,344,19034,
甘肃,兰州理工大学,俄语,343,19608,
甘肃,兰州理工大学,法学,343,19608,
甘肃,兰州理工大学,日语,343,19608,
湖南,中南林业科技大学,会计学,347,17190,
湖南,中南林业科技大学,金融学,346,17752,
湖南,中南林业科技大学,国际商务,346,17752,
湖南,中南林业科技大学,市场营销,345,18374,
湖南,中南林业科技大学,农林经济管理,345,18374,
湖南,中南林业科技大学,行政管理,345,18374,
湖南,中南林业科技大学,法语,345,18374,
江苏,徐州医科大学,护理学类,344,19034,
江苏,徐州医科大学,公共管理类,344,19034,
江苏,苏州科技大学,建筑学,351,14879,
江苏,苏州科技大学,金融工程,350,15449,
江苏,苏州科技大学,城乡规划,350,15449,
江苏,苏州科技大学,历史学,350,15449,
江苏,苏州科技大学,汉语国际教育,350,15449,
江苏,苏州科技大学,财务管理,350,15449,
江苏,苏州科技大学,应用心理学,349,16031,
江苏,苏州科技大学,旅游管理,349,16031,
江苏,苏州科技大学,人力资源管理,349,16031,
江苏,苏州科技大学,物流管理,349,16031,
江苏,苏州科技大学,劳动与社会保障,349,16031,
江苏,苏州科技大学,日语,349,16031,
江苏,苏州科技大学,工商管理,349,16031,
江苏,苏州科技大学,人文地理与城乡规划,349,16031,
江苏,苏州科技大学,风景园林,349,16031,
江苏,苏州科技大学,社会工作,349,16031,
江苏,苏州科技大学,思想政治教育,349,16031,
江苏,苏州科技大学,广播电视学,349,16031,
江苏,苏州科技大学,学前教育,349,16031,
江苏,苏州科技大学,物流管理（中外合作）,344,19034,
安徽,安徽建筑大学,法学,348,16581,
安徽,安徽建筑大学,会计学,348,16581,
安徽,安徽建筑大学,金融工程,348,16581,
安徽,安徽建筑大学,劳动与社会保障,346,17752,
安徽,安徽建筑大学,人力资源管理,346,17752,
安徽,安徽建筑大学,财务管理,346,17752,
安徽,安徽建筑大学,资产评估,346,17752,
安徽,安徽建筑大学,土地资源管理,345,18374,
安徽,安徽建筑大学,房地产开发与管理,345,18374,
安徽,安徽建筑大学,城市管理,345,18374,
海南,海南师范大学,日语,348,16581,
海南,海南师范大学,英语,346,17752,
海南,海南师范大学,法学,346,17752,
海南,海南师范大学,经济学类,346,17752,
海南,海南师范大学,工商管理类,345,18374,
四川,成都信息工程大学,电子商务,362,9232,
四川,成都信息工程大学,英语,349,16031,
四川,成都信息工程大学,会计学,347,17190,
四川,成都信息工程大学,物流管理,346,17752,
四川,成都信息工程大学,人力资源管理,346,17752,
四川,成都信息工程大学,会展经济与管理,346,17752,
四川,成都信息工程大学,汉语国际教育,346,17752,
四川,成都信息工程大学,翻译,346,17752,
四川,成都信息工程大学,供应链管理,346,17752,
甘肃,兰州交通大学,汉语言文学,346,17752,
甘肃,兰州交通大学,西班牙语,345,18374,
甘肃,兰州交通大学,会计学,344,19034,
甘肃,兰州交通大学,国际经济与贸易,344,19034,
北京,北京体育大学,汉语言文学,372,5322,
北京,北京体育大学,网络与新媒体,370,5992,
北京,北京体育大学,新闻学,369,6316,
北京,北京体育大学,经济学,369,6316,
北京,北京体育大学,法语,369,6316,
北京,北京体育大学,西班牙语,369,6316,
北京,北京体育大学,汉语国际教育,369,6316,
北京,北京体育大学,教育学,368,6670,
北京,北京体育大学,葡萄牙语,368,6670,
北京,北京体育大学,马克思主义理论,368,6670,
北京,北京体育大学,英语,367,7043,
北京,北京体育大学,体育经济与管理,367,7043,
北京,北京体育大学,德语,367,7043,
北京,北京体育大学,旅游管理,367,7043,
北京,北京体育大学,俄语,366,7452,
北京,北京体育大学,公共事业管理,365,7865,
陕西,西安石油大学,翻译,345,18374,
陕西,西安石油大学,国际经济与贸易,344,19034,
陕西,西安石油大学,工商管理类,344,19034,
河北,华北理工大学,中医学,349,16031,
河北,华北理工大学,针灸推拿学,347,17190,
河北,华北理工大学,匈牙利语,346,17752,
河北,华北理工大学,应用心理学,345,18374,
河北,华北理工大学,劳动与社会保障,344,19034,
河北,华北理工大学,金融学,344,19034,
河北,华北理工大学,英语,344,19034,
江苏,南京工程学院,社会工作,347,17190,
江苏,南京工程学院,信息管理与信息系统,347,17190,
江苏,南京工程学院,工程造价,347,17190,
江苏,南京工程学院,会计学,347,17190,
江苏,南京工程学院,物流管理,347,17190,
江苏,南京工程学院,商务英语,347,17190,
江苏,南京工程学院,劳动与社会保障,346,17752,
江苏,南京工程学院,国际经济与贸易,346,17752,
江苏,南京工程学院,英语,346,17752,
江苏,南京工程学院,工程管理,346,17752,
江苏,南京工程学院,市场营销,346,17752,
江苏,南京工程学院,财务管理,346,17752,
天津,中国民航大学,法学,351,14879,
天津,中国民航大学,英语,350,15449,
四川,西南民族大学,汉语言文学,357,11623,
四川,西南民族大学,法学,357,11623,
四川,西南民族大学,汉语国际教育,353,13737,
四川,西南民族大学,旅游管理,352,14311,
四川,西南民族大学,新闻学,352,14311,
四川,西南民族大学,金融学类,352,14311,
四川,西南民族大学,经济学,352,14311,
湖南,湖南工业大学,法学,347,17190,
湖南,湖南工业大学,汉语言文学,347,17190,
湖南,湖南工业大学,会计学,346,17752,
湖南,湖南工业大学,财务管理,346,17752,
湖南,湖南工业大学,翻译,345,18374,
湖南,湖南工业大学,英语,345,18374,
湖南,湖南工业大学,日语,345,18374,
湖南,湖南工业大学,金融工程,345,18374,
湖南,湖南工业大学,工商管理类,345,18374,
湖南,湖南工业大学,新闻传播学类,344,19034,
辽宁,辽宁工程技术大学,劳动与社会保障,345,18374,
辽宁,辽宁工程技术大学,英语,344,19034,
上海,上海政法学院,国际经济与贸易,374,4701,
上海,上海政法学院,俄语,374,4701,
上海,上海政法学院,监狱学,374,4701,
上海,上海政法学院,经济与金融,373,4998,
上海,上海政法学院,财务管理,373,4998,
上海,上海政法学院,思想政治教育,373,4998,
上海,上海政法学院,新闻学,373,4998,
上海,上海政法学院,广播电视学,373,4998,
上海,上海政法学院,汉语言文学,373,4998,
上海,上海政法学院,汉语国际教育,373,4998,
上海,上海政法学院,翻译,373,4998,
江西,江西中医药大学,中医学,349,16031,
江西,江西中医药大学,针灸推拿学,348,16581,
江西,江西中医药大学,应用心理学,348,16581,
浙江,温州肯恩大学,会计学,352,14311,
浙江,温州肯恩大学,心理学,351,14879,
浙江,温州肯恩大学,管理科学,350,15449,
浙江,温州肯恩大学,金融学,347,17190,
浙江,温州肯恩大学,传播学,347,17190,
浙江,温州肯恩大学,英语,343,19608,
陕西,西安工业大学,人力资源管理,352,14311,
陕西,西安工业大学,汉语言文学,350,15449,
陕西,西安工业大学,英语,349,16031,
陕西,西安工业大学,市场营销,348,16581,
陕西,西安工业大学,物流管理,347,17190,
辽宁,大连外国语大学,汉语国际教育,370,5992,
辽宁,大连外国语大学,英语,369,6316,
辽宁,大连外国语大学,新闻学,367,7043,
辽宁,大连外国语大学,法语,366,7452,
辽宁,大连外国语大学,日语,365,7865,
辽宁,大连外国语大学,汉语言文学,365,7865,
辽宁,大连外国语大学,西班牙语,365,7865,
辽宁,大连外国语大学,国际经济与贸易,364,8300,
辽宁,大连外国语大学,旅游管理,363,8738,
辽宁,大连外国语大学,德语,363,8738,
辽宁,大连外国语大学,俄语,363,8738,
辽宁,大连外国语大学,信息管理与信息系统,362,9232,
湖北,湖北中医药大学,针灸推拿学,356,12128,
湖北,湖北中医药大学,应用心理学,356,12128,
湖北,湖北中医药大学,公共事业管理,355,12653,
湖北,湖北中医药大学,市场营销,354,13176,
湖北,湖北中医药大学,助产学,354,13176,
湖北,湖北中医药大学,英语,352,14311,
湖北,湖北中医药大学,护理学,352,14311,
湖北,湖北中医药大学,物流管理,352,14311,
湖北,湖北中医药大学,健康服务与管理,352,14311,
湖北,湖北中医药大学,汉语国际教育,351,14879,
湖北,湖北中医药大学,商务英语,347,17190,
山西,山西财经大学,会计学,356,12128,
山西,山西财经大学,金融学,355,12653,
山西,山西财经大学,财政学,355,12653,
山西,山西财经大学,贸易经济,352,14311,
山西,山西财经大学,法学,352,14311,
山西,山西财经大学,人力资源管理,352,14311,
山西,山西财经大学,劳动与社会保障,352,14311,
山西,山西财经大学,经济学,351,14879,
山西,山西财经大学,行政管理,349,16031,
山西,山西财经大学,文化产业管理,349,16031,
山西,山西财经大学,能源经济,349,16031,
山西,山西财经大学,网络与新媒体,349,16031,
山西,山西财经大学,市场营销,348,16581,
山西,山西财经大学,商务英语,345,18374,
广东,广东海洋大学,英语,347,17190,
广东,广东海洋大学,日语,344,19034,
广东,广东海洋大学,编辑出版学,344,19034,
广东,广东海洋大学,汉语言文学,344,19034,
重庆,四川外国语大学,英语,375,4400,
重庆,四川外国语大学,商务英语,372,5322,
重庆,四川外国语大学,翻译,371,5663,
重庆,四川外国语大学,国际经济与贸易,368,6670,
重庆,四川外国语大学,新闻传播学类,368,6670,
重庆,四川外国语大学,法学,367,7043,
重庆,四川外国语大学,学前教育,366,7452,
重庆,四川外国语大学,中国语言文学类,366,7452,
重庆,四川外国语大学,社会学类,366,7452,
重庆,四川外国语大学,教育学,365,7865,
重庆,四川外国语大学,国际政治,365,7865,
江苏,盐城师范学院,英语,348,16581,
江苏,盐城师范学院,小学教育,348,16581,
江苏,盐城师范学院,汉语言文学,347,17190,
江苏,南京晓庄学院,历史学,353,13737,
江苏,南京晓庄学院,思想政治教育,353,13737,
江苏,南京晓庄学院,小学教育,352,14311,
江苏,南京晓庄学院,学前教育,352,14311,
江苏,南京晓庄学院,外国语言文学类,352,14311,
江苏,南京晓庄学院,中国语言文学类,352,14311,
陕西,西安外国语大学,翻译,363,8738,
陕西,西安外国语大学,英语,361,9709,
陕西,西安外国语大学,国际经济与贸易,359,10618,
陕西,西安外国语大学,外交学,358,11119,
陕西,西安外国语大学,会计学,356,12128,
陕西,西安外国语大学,商务英语,356,12128,
陕西,西安外国语大学,汉语言文学,355,12653,
陕西,西安外国语大学,新闻学,355,12653,
陕西,西安外国语大学,语言学,355,12653,
陕西,西安外国语大学,汉语国际教育,354,13176,
陕西,西安外国语大学,工商管理,354,13176,
陕西,西安外国语大学,审计学,354,13176,
上海,上海电机学院,财务管理,352,14311,
上海,上海电机学院,国际经济与贸易,350,15449,
上海,上海电机学院,英语,348,16581,
上海,上海电机学院,德语,348,16581,
上海,上海电机学院,经济与金融,347,17190,
黑龙江,哈尔滨商业大学,法学,345,18374,
黑龙江,哈尔滨商业大学,旅游管理,345,18374,
黑龙江,哈尔滨商业大学,汉语言文学,344,19034,
黑龙江,哈尔滨商业大学,新闻学,343,19608,
湖南,湖南工商大学,旅游管理类,350,15449,
湖南,湖南工商大学,工商管理类,349,16031,
湖南,湖南工商大学,金融学类,348,16581,
湖南,湖南工商大学,国际经济与贸易,347,17190,
湖南,湖南工商大学,英语,347,17190,
湖南,湖南工商大学,经济学,347,17190,
湖南,湖南工商大学,物流管理,347,17190,
湖南,湖南工商大学,法学,347,17190,
江苏,江苏第二师范学院,英语,350,15449,
江苏,江苏第二师范学院,学前教育,350,15449,
江苏,江苏第二师范学院,汉语言文学,350,15449,
江苏,江苏第二师范学院,思想政治教育,350,15449,
江苏,江苏第二师范学院,历史学,350,15449,
江苏,江苏第二师范学院,应用心理学,350,15449,
江苏,江苏第二师范学院,小学教育,350,15449,
江苏,江苏第二师范学院,地理科学,349,16031,
上海,上海立信会计金融学院,会计学,377,3865,
上海,上海立信会计金融学院,审计学,375,4400,
上海,上海立信会计金融学院,法学,374,4701,
上海,上海立信会计金融学院,财务管理,373,4998,
上海,上海立信会计金融学院,金融学类,372,5322,
上海,上海立信会计金融学院,保险学,371,5663,
上海,上海立信会计金融学院,经济学类,371,5663,
上海,上海立信会计金融学院,财政学类,371,5663,
上海,上海立信会计金融学院,劳动与社会保障,370,5992,
上海,上海立信会计金融学院,英语,370,5992,
上海,上海立信会计金融学院,工商管理类,370,5992,
上海,上海立信会计金融学院,汉语言文学,370,5992,
上海,上海立信会计金融学院,日语,369,6316,
陕西,西安医学院,护理学,344,19034,
江苏,徐州工程学院,会计学,343,19608,
江苏,徐州工程学院,小学教育,343,19608,
甘肃,甘肃政法大学,侦查学,351,14879,
甘肃,甘肃政法大学,政治学与行政学,345,18374,
甘肃,甘肃政法大学,英语,344,19034,
甘肃,甘肃政法大学,汉语言文学,344,19034,
甘肃,甘肃政法大学,社会工作,343,19608,
甘肃,甘肃政法大学,新闻学,343,19608,
甘肃,甘肃政法大学,财务管理,343,19608,
甘肃,甘肃政法大学,金融学,343,19608,
山东,山东大学（威海）,法学类,387,1858,
山东,山东大学（威海）,新闻学,385,2148,
山东,山东大学（威海）,中国语言文学类,385,2148,
山东,山东大学（威海）,外国语言文学类,384,2304,
山东,山东大学（威海）,工商管理类,382,2664,
山东,山东大学（威海）,金融学,378,3622,
河北,华北电力大学保定校区,法学类,371,5663,
河北,华北电力大学保定校区,工商管理类,370,5992,
河北,华北电力大学保定校区,外国语言文学类,369,6316,
河北,华北电力大学保定校区,公共管理类,368,6670,
北京,北京电影学院,文化产业管理,387,1858,
江苏,中国人民大学（苏州校区）,金融学,392,1174,
江苏,中国人民大学（苏州校区）,国民经济管理,391,1299,
江苏,中国人民大学（苏州校区）,法语,389,1550,
安徽,合肥工业大学宣城校区,法学,370,5992,
安徽,合肥工业大学宣城校区,英语,369,6316,
安徽,合肥工业大学宣城校区,广告学,368,6670,
