﻿省份,学校名称,专业,最低录取分,最低录取名次,选课要求
北京,清华大学,文科试验班类（经济、金融与管理经济与金融国际班、会计学、信息管理与信息系统）,875,9,
浙江,浙江大学,社会科学试验班（竺可桢学院人文社科实验班、智能财务班会计学、经济学、财政学、金融学、国际经济与贸易、教育学、信息管理与信息系统、工商管理、社会学、农林经济管理、信息资源管理、政治学与行政学、国际政治、行政管理、土地资源管理、法学、古典文献学、汉语言文学、哲学、历史学、文物与博物馆学、新闻学等专业）,842,28,
上海,上海交通大学,经济管理试验班（金融学、国际经济与贸易、经济学、工商管理、会计学、人力资源管理、信息管理与信息系统；试验班采用“主修专业+辅修模块”培养模式，即学生在修读1个主修专业（专业不限人数）的同时，将自主选择修读1个辅修模块，充分尊重学生专业选择的意愿。工商管理含市场营销、商务数据科学方向）,843,27,
江苏,南京大学,经济管理试验班（经济学、金融学、金融工程、保险学、经济学（产业经济学方向）、工商管理、市场营销、会计学、财务管理、电子商务、工商管理（人力资源方向）、国际经济与贸易；学费以江苏省物价局最新批复为准）,838,32,
湖北,华中科技大学,工商管理类（工商管理、市场营销、会计学（注册会计师）、财政学（税务）、财务管理）,782,177,
湖北,华中科技大学,国际商务（外语二学位）,781,182,
湖北,华中科技大学,社会学类（社会学、社会工作）,780,189,
湖北,武汉大学,经济学类（经济学、金融工程、国际经济与贸易、财政学、金融学、保险学）,836,33,
湖北,武汉大学,法学,832,39,
湖北,武汉大学,新闻传播学类（新闻学、广播电视学、广告学、传播学）,829,42,
湖北,武汉大学,中国语言文学类（汉语言文学、汉语国际教育）,821,55,
湖北,武汉大学,外国语言文学类（英语、翻译、法语、日语、俄语、德语；口吃不宜报考）,820,57,
广东,中山大学,新闻传播学类（新闻学、传播学）,835,35,
广东,中山大学,经济学类（广州）（国际商务、管理科学、金融学、经济学）,833,38,
广东,中山大学,工商管理类（工商管理、会计学）,828,44,
广东,中山大学,法学,824,51,
广东,中山大学,哲学类（广州）（哲学、逻辑学）,824,51,
广东,中山大学,外国语言文学类（珠海）（英语、阿拉伯语、西班牙语、朝鲜语、俄语）,820,57,
广东,中山大学,汉语言文学（珠海）,818,61,
北京,北京理工大学,社会科学试验班（精品文科班）（经济学、社会工作、法学、英语、德语、日语、西班牙语；其中，英语、日语、德语、西班牙语专业方向学费为6000元/年）,780,189,
北京,中国人民大学,金融学类（金融学、金融工程、信用管理、保险学）,854,19,
北京,中国人民大学,新闻传播学类（新闻学、广播电视学、广告学、传播学）,852,20,
北京,中国人民大学,法学,847,25,
北京,中国人民大学,经济学类（经济学、能源经济、国际经济与贸易、国民经济管理）,847,25,
天津,南开大学,经济学类（经济学、财政学、国际经济与贸易、商务经济学）,813,73,
天津,南开大学,中国语言文学类（汉语言文学、编辑出版学、广播电视学）,807,88,
天津,南开大学,法学,804,96,
天津,南开大学,旅游管理类（旅游管理、会展经济与管理）,799,109,
山东,山东大学,中国语言文学类（汉语言文学）,779,192,
山东,山东大学,工商管理类（工商管理、市场营销、会计学、人力资源管理、国际商务、旅游管理）,771,230,
山东,山东大学,外国语言文学类（非英语）（俄语、德语、法语、西班牙语、日语、朝鲜语）,769,245,
山东,山东大学,经济学类（经济学、财政学、金融学、国际经济与贸易）,761,305,
山东,山东大学,政治学类（政治学与行政学、国际政治、科学社会主义）,760,315,
陕西,西北工业大学,外国语言文学类（英语、德语）,735,577,
福建,厦门大学,工商管理类（人力资源管理、工商管理、市场营销、旅游管理、酒店管理、管理科学、电子商务）,824,51,
福建,厦门大学,经济学类（金融学、金融工程、保险学、财政学、税收学、国际经济与贸易、国际商务、经济学、统计学、经济统计学、数据科学与大数据技术）,814,69,
福建,厦门大学,法学类（法学）,812,76,
福建,厦门大学,公共管理类（政治学与行政学、行政管理）,808,85,
福建,厦门大学,新闻传播学类（新闻学、广播电视学、广告学、传播学）,799,109,
福建,厦门大学,会计学（含会计学、财务管理专业）,798,111,
福建,厦门大学,人文科学试验班（汉语言文学、戏剧影视文学、汉语言、历史学（含世界史方向）、考古学、哲学）,797,116,
福建,厦门大学,日语,796,119,
福建,厦门大学,英语,796,119,
福建,厦门大学,社会学类（人类学、社会学、社会工作）,790,142,
福建,厦门大学,法语,787,158,
吉林,吉林大学,汉语言文学,770,242,
吉林,吉林大学,法学,765,274,
吉林,吉林大学,经济学类（经济学、财政学、国际经济与贸易、金融学；经济学院）,762,297,
重庆,重庆大学,公共管理类,767,260,
重庆,重庆大学,法学类,758,327,
重庆,重庆大学,外国语言文学类,754,370,
重庆,重庆大学,新闻传播学类,753,378,
江苏,南京航空航天大学,工商管理类（会计学、工商管理）,744,466,
江苏,南京航空航天大学,英语（民航业务、国际贸易）,741,508,
江苏,南京航空航天大学,经济与贸易类（国际经济与贸易、金融学）,739,528,
江苏,南京航空航天大学,公共事业管理,738,542,
江苏,南京航空航天大学,广播电视学,736,565,
甘肃,兰州大学,工商管理类（管理科学（基地班）、会计学、市场营销、人力资源管理、信息管理与信息系统、行政管理）,738,542,
甘肃,兰州大学,汉语言文学,738,542,
吉林,东北师范大学,汉语言文学（师范类）,750,405,
吉林,东北师范大学,法学,741,508,
北京,中国政法大学,法学,804,96,
北京,中国政法大学,英语（法律英语方向）,803,100,
北京,中国政法大学,网络与新媒体,801,104,
北京,中国政法大学,政治学与行政学,800,106,
北京,中国政法大学,行政管理,799,109,
湖北,华中师范大学,历史学类,782,177,
湖北,华中师范大学,中国语言文学类,775,208,
河南,郑州大学,法学类（法学、知识产权）,744,466,
河南,郑州大学,新闻传播学类（新闻学、广播电视学、广告学、网络与新媒体）,741,508,
河南,郑州大学,工商管理类（工商管理、财务管理、会计学）,741,508,
河南,郑州大学,经济学类（经济学、经济统计学、金融学、国际经济与贸易）,740,516,
河南,郑州大学,应用心理学,738,542,
河南,郑州大学,英语,737,553,
河南,郑州大学,公共管理类（行政管理、公共事业管理、社会工作、人力资源管理）,733,608,
河南,郑州大学,旅游管理类（旅游管理、酒店管理、市场营销）,731,635,
湖北,武汉理工大学,法学,735,577,
湖北,武汉理工大学,工商管理类（工商管理、市场营销、会计学、财务管理、人力资源管理）,733,608,
湖北,武汉理工大学,外国语言文学类（英语、法语、日语）,733,608,
湖北,武汉理工大学,思想政治教育,728,676,
江苏,江南大学,法学,737,553,
江苏,江南大学,日语,734,589,
湖北,中南财经政法大学,财务管理（在首义校区就读）,789,147,
湖北,中南财经政法大学,会计学,776,205,
湖北,中南财经政法大学,汉语言文学,771,230,
湖北,中南财经政法大学,法学类（法学；民商法、涉外经贸、政府法制、刑事司法）,770,242,
湖北,中南财经政法大学,经济与贸易类（国际经济与贸易、贸易经济）,770,242,
湖北,中南财经政法大学,经济学,764,281,
湖北,中南财经政法大学,金融学类（金融学、金融工程、投资学、保险学）,763,291,
湖北,中南财经政法大学,财政学类（财政学、税收学）,757,338,
湖北,中南财经政法大学,新闻传播学类（新闻学、广播电视学、网络与新媒体）,750,405,
湖北,中南财经政法大学,公共管理类（公共事业管理、行政管理、劳动与社会保障、城市管理）,747,437,
湖北,中南财经政法大学,社会学,747,437,
湖北,中南财经政法大学,劳动关系,746,444,
湖北,中南财经政法大学,外国语言文学类（英语、商务英语）,745,454,
湖北,中南财经政法大学,工商管理类（工商管理、市场营销、人力资源管理、电子商务、物流管理、旅游管理、农林经济管理）,744,466,
广东,深圳大学,法学,755,358,
广东,深圳大学,广告学,754,370,
广东,深圳大学,德语,752,389,
广东,深圳大学,工商管理,748,424,
广东,深圳大学,会计学,748,424,
广东,深圳大学,国际经济与贸易,747,437,
广东,深圳大学,人力资源管理,745,454,
重庆,西南大学,英语（公费师范）,782,177,
重庆,西南大学,地理科学（公费师范）,773,223,
重庆,西南大学,汉语言文学（公费师范）,758,327,
重庆,西南大学,思想政治教育（公费师范）,755,358,
重庆,西南大学,经济学类,749,414,
重庆,西南大学,工商管理类,749,414,
重庆,西南大学,历史学（公费师范）,748,424,
重庆,西南大学,文化产业管理,743,481,
福建,福州大学,会计学（第一年在福州市怡山校区培养条件允许情况下提前迁回旗山校区培养）,743,481,
福建,福州大学,法学,742,492,
四川,西南财经大学,金融学（双语实验班）,784,168,
四川,西南财经大学,会计学（双语实验班）,782,177,
四川,西南财经大学,金融学类（金融学、金融工程、信用管理）,777,201,
四川,西南财经大学,法学（法学与会计学双学位班）,776,205,
四川,西南财经大学,经济与贸易类（国际商务双语实验班、国际经济与贸易双语实验班）,768,253,
四川,西南财经大学,金融学（证券与期货方向）,765,274,
四川,西南财经大学,工商管理类（工商学院工商管理、市场营销、旅游管理、物流管理）,759,323,
四川,西南财经大学,外国语言文学类（英语、商务英语）,754,370,
江苏,江苏大学,金融学,718,837,
江苏,江苏大学,会计学,709,1014,
江苏,江苏大学,市场营销,708,1036,
江西,南昌大学,法学类（法学、知识产权）（前湖校区就读）,735,577,
江西,南昌大学,工商管理类（工商管理、会计学）（前湖校区就读）,729,666,
江西,南昌大学,中国语言文学类（汉语言文学、汉语国际教育）（前湖校区就读）,729,666,
江西,南昌大学,广播电视学（前湖校区就读）,724,737,
江西,南昌大学,新闻学（前湖校区就读）,724,737,
江西,南昌大学,劳动与社会保障（前湖校区就读）,723,753,
江西,南昌大学,翻译（前湖校区就读）,722,775,
江西,南昌大学,旅游管理（前湖校区就读）,720,798,
江西,南昌大学,日语（前湖校区就读）,720,798,
北京,华北电力大学,外国语言文学类（英语、翻译）,735,577,
北京,华北电力大学,工商管理类（会计学、财务管理、工商管理、人力资源管理、市场营销）,729,666,
北京,华北电力大学,公共管理类（公共事业管理、行政管理、汉语言文学、广告学）,729,666,
北京,北京外国语大学,英语,806,90,
北京,北京外国语大学,西班牙语,794,127,
北京,北京外国语大学,法学,792,134,
北京,北京外国语大学,工商管理类（会计学、财务管理、工商管理、国际商务、电子商务）,787,158,
北京,北京林业大学,法学,738,542,
北京,北京林业大学,工商管理类（工商管理、会计学、市场营销、人力资源管理、物业管理；按大类招生，大学期间前三个学期统一进行基础教学，第四学期开始按专业方向培养）,737,553,
北京,北京林业大学,自然地理与资源环境,737,553,
浙江,宁波大学,新闻传播学类（按类招生，含汉语言文学、历史学、新闻学、广告学专业）,730,647,
浙江,宁波大学,法学类（按类招生，含法学、法学（英语特色班）专业）,726,710,
浙江,宁波大学,英语（英语单科成绩不低于115分（150分制））,719,813,
浙江,宁波大学,工商管理类（按类招生，含工商管理、信息管理与信息系统、会计学（CPACanada）、会计学（ACCA）、会计学专业）,718,837,
浙江,宁波大学,日语（英语单科成绩不低于115分（150分制））,717,853,
福建,福建师范大学,图书馆学,691,1477,
福建,福建师范大学,公共管理类（劳动与社会保障、城市管理、行政管理）,684,1681,
湖南,湖南师范大学,汉语言文学（师范类）,746,444,
湖南,湖南师范大学,法学,742,492,
湖南,湖南师范大学,新闻学,742,492,
湖南,湖南师范大学,政治学与行政学,741,508,
湖南,湖南师范大学,社会学,741,508,
广东,广州大学,广播电视学,707,1062,
广东,广州大学,行政管理,702,1191,
江苏,南京邮电大学,工商管理,720,798,
江苏,南京邮电大学,经济统计学,719,813,
江苏,南京邮电大学,人力资源管理,719,813,
江苏,南京邮电大学,英语,717,853,
江苏,南京邮电大学,行政管理,713,942,
江苏,南京邮电大学,翻译,713,942,
江苏,南京邮电大学,公共事业管理,712,966,
江苏,南京邮电大学,市场营销,711,978,
广东,广州医科大学,应用心理学（不招色盲、色弱）,687,1583,
广东,广州医科大学,市场营销（不招单色识别不全者）,678,1867,
北京,中央民族大学,汉语言文学,771,230,
北京,中央民族大学,法学类（法学、法学（法学与英语））,763,291,
北京,中央民族大学,经济学类（经济学、财政学、金融学、国际经济与贸易）,760,315,
北京,中央民族大学,社会学类（社会学、社会工作）,759,323,
北京,中央民族大学,新闻传播学类（新闻学、广告学）,756,352,
北京,中央民族大学,外国语言文学类（英语、翻译）,752,389,
北京,中央民族大学,哲学类（哲学、宗教学）,747,437,
北京,中央民族大学,教育学,746,444,
北京,中央民族大学,公共管理类（公共事业管理、行政管理、政治学与行政学）,745,454,
北京,中央民族大学,历史学类（历史学（基地班）、历史学（中国与周边国家关系史实验班））,744,466,
山东,青岛大学,汉语言文学,701,1211,
山东,青岛大学,法学,700,1242,
山东,青岛大学,工商管理类（会计学、财务管理、工商管理、市场营销、国际商务、人力资源管理）,699,1265,
山东,青岛大学,经济学类（经济学、经济统计学、国际经济与贸易）,698,1292,
山东,青岛大学,英语,696,1349,
湖北,湖北大学,新闻传播学类,702,1191,
湖北,湖北大学,工商管理类,702,1191,
湖北,湖北大学,外国语言文学类,697,1323,
湖北,湖北大学,公共管理类,697,1323,
山西,山西大学,汉语言文学,690,1499,
山西,山西大学,法学,684,1681,
山西,山西大学,哲学类（哲学、伦理学）,684,1681,
山西,山西大学,历史学,683,1709,
湖南,长沙理工大学,金融学,697,1323,
湖南,长沙理工大学,会计学,697,1323,
湖南,长沙理工大学,市场营销,692,1452,
陕西,西安理工大学,法学,684,1681,
陕西,西安理工大学,英语,674,2015,
江西,江西师范大学,历史学（师范类）,716,871,
江西,江西师范大学,思想政治教育（师范类）,715,896,
江西,江西师范大学,中国语言文学类（汉语言文学（师范）、汉语国际教育）,713,942,
江西,江西师范大学,地理科学（师范类）,709,1014,
江西,江西师范大学,外国语言文学类（英语（师范）、翻译；英语单科成绩不低于110分（150分制））,707,1062,
江西,江西师范大学,心理学类（心理学（师范）、应用心理学）,700,1242,
江西,江西师范大学,公共事业管理（师范类）,699,1265,
江西,江西师范大学,社会工作,697,1323,
江西,江西师范大学,法学,695,1377,
江西,江西师范大学,小学教育（师范类）,695,1377,
江西,江西师范大学,工商管理,695,1377,
江西,江西师范大学,新闻传播学类（新闻学、广播电视学、广告学）,694,1395,
江西,江西师范大学,会计学,693,1424,
江西,江西师范大学,金融学,692,1452,
江西,江西师范大学,人力资源管理,690,1499,
江西,江西师范大学,法语（英语单科成绩不低于110分（150分制））,690,1499,
江西,江西师范大学,市场营销,689,1523,
江西,江西师范大学,旅游管理,689,1523,
江西,江西师范大学,文物与博物馆学,689,1523,
江西,江西师范大学,特殊教育（师范类）,689,1523,
江西,江西师范大学,学前教育（师范类）,688,1552,
江西,江西师范大学,日语（英语单科成绩不低于110分（150分制））,687,1583,
江西,江西师范大学,文化产业管理,687,1583,
江西,江西师范大学,建筑学,686,1615,
江西,江西师范大学,城乡规划,686,1615,
江西,江西师范大学,地理信息科学,686,1615,
江西,江西师范大学,公共管理类（行政管理、劳动与社会保障）,685,1641,
江西,江西师范大学,风景园林,685,1641,
江西,江西师范大学,经济学,684,1681,
江西,江西师范大学,国际经济与贸易,684,1681,
江西,江西师范大学,电子商务,684,1681,
江西,江西师范大学,管理科学与工程类（房地产开发与管理、工程管理）,683,1709,
江西,江西财经大学,工商管理类（会计学、会计学（注册会计师）、财务管理）,739,528,
江西,江西财经大学,金融学类（金融学、保险学、金融工程）,736,565,
江西,江西财经大学,会计学（ACCA方向）（英国特许注册会计师）,732,619,
江西,江西财经大学,会计学（国际会计）（本科教学实验班）,730,647,
江西,江西财经大学,经济学类（经济统计学）,728,676,
江西,江西财经大学,法学类（法学、法学（法务会计））,724,737,
江西,江西财经大学,金融学（国际投资与金融）（本科教学实验班）,722,775,
江西,江西财经大学,工商管理类（工商管理、市场营销、人力资源管理）,719,813,
江西,江西财经大学,旅游管理类（旅游管理）,718,837,
江西,江西财经大学,公共管理类（土地资源管理）,717,853,
福建,福建农林大学,茶学（在安溪校区就读）,638,3602,
安徽,安徽师范大学,新闻传播学类（新闻学、广告学、网络与新媒体）,692,1452,
安徽,安徽师范大学,旅游管理类（旅游管理、酒店管理；男生身高不低于170cm，女生身高不低于160cm）,687,1583,
安徽,安徽师范大学,历史学类（世界史、历史学（师范））,686,1615,
贵州,贵州大学,英语,703,1165,
贵州,贵州大学,政治学类（政治学与行政学、社会工作）,696,1349,
贵州,贵州大学,日语,695,1377,
贵州,贵州大学,历史学,693,1424,
重庆,西南政法大学,法学,755,358,
重庆,西南政法大学,经济学类（金融学、金融工程、国际经济与贸易、经济统计学）,753,378,
江苏,江苏师范大学,汉语言文学（师范类）,735,577,
江苏,江苏师范大学,英语（师范类）,718,837,
江苏,江苏师范大学,历史学（师范类）,714,921,
江苏,江苏师范大学,地理科学（师范类）,704,1131,
江苏,江苏师范大学,翻译,702,1191,
江苏,江苏师范大学,思想政治教育（师范类）,699,1265,
江苏,江苏师范大学,哲学,696,1349,
江苏,江苏师范大学,行政管理,696,1349,
江苏,江苏师范大学,秘书学,693,1424,
浙江,浙江工商大学,法学类（法学、知识产权）,735,577,
浙江,浙江工商大学,会计学（含会计学、财务管理、审计学、会计学ACCA专业）,730,647,
浙江,浙江工商大学,金融学类（金融学、投资学、金融工程）,723,753,
浙江,浙江工商大学,保险学,722,775,
浙江,浙江工商大学,新闻传播学类（广告学、新闻学、编辑出版学）,719,813,
浙江,浙江工商大学,经济学类（经济学、国际经济与贸易）,715,896,
浙江,浙江工商大学,旅游管理类（旅游管理、酒店管理）,712,966,
安徽,安徽农业大学,茶学（茶文化与贸易）,667,2271,
安徽,安徽农业大学,旅游管理,652,2900,
安徽,安徽农业大学,社会工作,647,3142,
浙江,浙江农林大学,城市管理,684,1681,
浙江,浙江农林大学,法学,683,1709,
浙江,浙江农林大学,广告学,683,1709,
浙江,浙江农林大学,国际经济与贸易,682,1744,
浙江,浙江农林大学,汉语言文学,682,1744,
甘肃,西北师范大学,历史学（师范类）,672,2080,
甘肃,西北师范大学,思想政治教育（师范类）,672,2080,
甘肃,西北师范大学,地理科学（师范类）,668,2236,
甘肃,西北师范大学,汉语国际教育（师范类）,665,2353,
甘肃,西北师范大学,翻译,660,2551,
甘肃,西北师范大学,酒店管理,660,2551,
甘肃,西北师范大学,旅游管理（卓越文科人才教育培养计划）,659,2590,
新疆,石河子大学,英语,633,3886,
新疆,石河子大学,农林经济管理,632,3932,
新疆,石河子大学,应用心理学,630,4044,
新疆,石河子大学,中国语言文学类（汉语言文学、中国少数民族语言文学）,628,4153,
新疆,石河子大学,护理学,625,4334,
广西,广西师范大学,汉语言文学（师范类）,707,1062,
广西,广西师范大学,英语（师范类）,692,1452,
广西,广西师范大学,历史学（师范类）,690,1499,
广西,广西师范大学,法学（应用型人才培养，突出实践教学，强化学生创新能力）,688,1552,
广西,广西师范大学,思想政治教育（师范类）,686,1615,
广西,广西师范大学,文化产业管理,682,1744,
广西,广西师范大学,社会学类（政治学与行政学、社会学）,682,1744,
广西,广西师范大学,汉语国际教育（师范类）（有较好的英语基础；在大三学年以中外校际对等交换培养模式派出交换生赴韩国、泰国等国家进行为期一年的汉语实践教育学习，这一学年免交国内学费，出国费用自理，该专业只录取填报有专业志愿考生）,682,1744,
广西,广西师范大学,秘书学,681,1772,
广西,广西师范大学,学前教育（师范类）（要求考生具备一定的乐曲、舞蹈、绘画、朗诵等方面的文艺基础）,681,1772,
广西,广西师范大学,小学教育（师范类）,681,1772,
福建,集美大学,市场营销,696,1349,
福建,集美大学,经济学,690,1499,
安徽,安徽理工大学,政治学与行政学,651,2952,
山东,山东财经大学,会计学,705,1108,
山东,山东财经大学,审计学,705,1108,
山东,山东财经大学,金融学,702,1191,
山东,山东财经大学,经济学,699,1265,
山东,山东财经大学,资源与环境经济学,698,1292,
山东,山东财经大学,工商管理类（工商管理、市场营销、人力资源管理）,697,1323,
山东,山东财经大学,投资学,696,1349,
山东,山东财经大学,体育经济与管理,694,1395,
天津,天津财经大学,会计学（注册会计师）,724,737,
天津,天津财经大学,广播电视学（财经新闻）,720,798,
天津,天津财经大学,金融学类（金融学、金融学（国际金融）、金融工程、保险学、投资学、信用管理）,713,942,
天津,天津财经大学,法学,708,1036,
天津,天津财经大学,国际商务,707,1062,
天津,天津财经大学,工商管理类（工商管理、工商管理（大数据管理决策）、市场营销、人力资源管理）,707,1062,
天津,天津财经大学,旅游管理类（旅游管理、会展经济与管理）,706,1085,
黑龙江,哈尔滨师范大学,思想政治教育（师范类）,645,3230,
江苏,西交利物浦大学,外国语言文学类,670,2149,
江苏,西交利物浦大学,工商管理类,665,2353,
四川,四川师范大学,英语,725,722,
四川,四川师范大学,汉语言文学,721,786,
四川,四川师范大学,历史学,718,837,
四川,四川师范大学,地理科学类（地理科学、自然地理与资源环境、人文地理与城乡规划、地理信息科学）,718,837,
四川,四川师范大学,法学,707,1062,
四川,四川师范大学,教育学,706,1085,
四川,四川师范大学,思想政治教育,703,1165,
四川,四川师范大学,财务管理,701,1211,
四川,四川师范大学,市场营销,700,1242,
江西,东华理工大学,工商管理类（含会计学、财务管理、市场营销专业）,666,2312,
江西,东华理工大学,英语（外贸方向）,663,2434,
江西,东华理工大学,法学,655,2762,
甘肃,兰州理工大学,财务管理,640,3493,
甘肃,兰州理工大学,法学,634,3810,
甘肃,兰州理工大学,工商管理,634,3810,
甘肃,兰州理工大学,国际经济与贸易,633,3886,
湖南,中南林业科技大学,英语,688,1552,
湖南,中南林业科技大学,法学,687,1583,
湖南,中南林业科技大学,会计学,684,1681,
湖南,中南林业科技大学,法语,681,1772,
湖南,中南林业科技大学,人力资源管理,679,1835,
湖南,中南林业科技大学,行政管理,678,1867,
湖南,中南林业科技大学,日语,678,1867,
湖南,中南林业科技大学,朝鲜语,675,1968,
湖南,中南林业科技大学,国际商务,675,1968,
湖南,中南林业科技大学,市场营销,674,2015,
湖南,中南林业科技大学,旅游管理类（旅游管理、酒店管理、会展经济与管理）,674,2015,
黑龙江,黑龙江中医药大学,康复治疗学（学费如有调整以黑龙江省物价局最新批复为准）,627,4215,
黑龙江,黑龙江中医药大学,针灸推拿学（学费如有调整以黑龙江省物价局最新批复为准）,611,5228,
黑龙江,黑龙江中医药大学,护理学（学费如有调整以黑龙江省物价局最新批复为准）,598,6074,
陕西,西安邮电大学,市场营销,697,1323,
陕西,西安邮电大学,行政管理,678,1867,
陕西,西安邮电大学,商务英语,677,1899,
广西,桂林电子科技大学,法学类（法学、知识产权）,653,2852,
广西,桂林电子科技大学,英语,652,2900,
山西,山西农业大学,法学,641,3443,
山西,山西农业大学,工商管理类（市场营销、物流管理）,638,3602,
山西,山西农业大学,英语,632,3932,
山西,山西农业大学,行政管理,631,3987,
山西,山西农业大学,农业经济管理类（农林经济管理、农村区域发展）,571,8143,
山东,山东中医药大学,针灸推拿学,712,966,
山东,山东中医药大学,中西医临床医学,687,1583,
山东,山东中医药大学,护理学,676,1929,
山东,山东中医药大学,康复治疗学,654,2802,
海南,海南师范大学,英语,671,2113,
海南,海南师范大学,地理科学,669,2184,
海南,海南师范大学,汉语言文学,665,2353,
海南,海南师范大学,翻译,665,2353,
海南,海南师范大学,历史学,664,2395,
海南,海南师范大学,思想政治教育,663,2434,
海南,海南师范大学,法学,660,2551,
海南,海南师范大学,日语,660,2551,
海南,海南师范大学,新闻传播学类,656,2728,
海南,海南师范大学,汉语国际教育,656,2728,
海南,海南师范大学,工商管理类,655,2762,
海南,海南师范大学,经济学类,655,2762,
海南,海南师范大学,教育学类,655,2762,
海南,海南师范大学,旅游管理类,655,2762,
海南,海南师范大学,少数民族预科班（少数民族预科班）,599,6027,
海南,海南师范大学,金融学（联合办学）,593,6431,
海南,海南师范大学,旅游管理（联合办学）,593,6431,
河南,中原工学院,汉语国际教育,616,4880,
河南,中原工学院,会展经济与管理,614,5010,
北京,北京体育大学,马克思主义理论（要求男生身高不得低于168cm，女生身高不得低于155cm，录取具体要求详见学校招生章程）,725,722,
北京,北京体育大学,英语（要求男生身高不得低于168cm，女生身高不得低于155cm，录取具体要求详见学校招生章程）,723,753,
北京,北京体育大学,新闻学（要求男生身高不得低于168cm，女生身高不得低于155cm，录取具体要求详见学校招生章程）,719,813,
北京,北京体育大学,网络与新媒体（要求男生身高不得低于168cm，女生身高不得低于155cm，录取具体要求详见学校招生章程）,717,853,
北京,北京体育大学,体育经济与管理（要求男生身高不得低于168cm，女生身高不得低于155cm，录取具体要求详见学校招生章程）,716,871,
北京,北京体育大学,汉语国际教育（要求男生身高不得低于168cm，女生身高不得低于155cm，录取具体要求详见学校招生章程）,713,942,
北京,北京体育大学,公共事业管理（要求男生身高不得低于168cm，女生身高不得低于155cm，录取具体要求详见学校招生章程）,710,993,
北京,北京体育大学,教育学（要求男生身高不得低于168cm，女生身高不得低于155cm，录取具体要求详见学校招生章程）,710,993,
北京,北京体育大学,旅游管理（要求男生身高不得低于168cm，女生身高不得低于155cm，录取具体要求详见学校招生章程）,709,1014,
浙江,嘉兴学院,汉语言文学,652,2900,
贵州,贵州师范大学,法学,655,2762,
江苏,南京工程学院,人力资源管理,664,2395,
天津,中国民航大学,法学（航空法）,707,1062,
天津,中国民航大学,英语（民航外语）,703,1165,
天津,中国民航大学,公共事业管理,701,1211,
福建,厦门理工学院,旅游管理类（酒店管理、会展经济与管理）,665,2353,
福建,厦门理工学院,工商管理,664,2395,
四川,西华大学,汉语言文学,671,2113,
河北,河北工程大学,经济学,647,3142,
河北,河北工程大学,工商管理类（工商管理、会计学）,646,3182,
河北,河北工程大学,国际经济与贸易,646,3182,
河北,河北工程大学,法学,644,3274,
安徽,安庆师范大学,新闻学,640,3493,
吉林,长春工业大学,社会工作,648,3095,
吉林,长春工业大学,英语,648,3095,
吉林,长春工业大学,法学,647,3142,
吉林,长春工业大学,国际经济与贸易,646,3182,
吉林,长春工业大学,广告学,641,3443,
吉林,长春工业大学,工商管理,640,3493,
吉林,长春工业大学,电子商务,637,3663,
内蒙古,内蒙古民族大学,历史学（师范类）,610,5291,
湖北,湖北师范大学,英语（师范类）,687,1583,
湖北,湖北师范大学,法语,684,1681,
湖北,湖北师范大学,汉语言文学（师范类）,682,1744,
湖北,湖北师范大学,教育学类（师范类教育学、学前教育、小学教育、特殊教育）,682,1744,
湖北,湖北师范大学,日语,680,1808,
广西,南宁师范大学,旅游管理（中外合作办学）（第一、二、三学年在我校学习；第四学年可自愿选择到英国卡迪夫城市大学学习或在我校学习。只录取填报有专业志愿的考生，该专业对外语要求较高，考生填报志愿时请慎重）,601,5888,
天津,天津外国语大学,德语,731,635,
天津,天津外国语大学,俄语,728,676,
天津,天津外国语大学,外国语言文学类（英语、翻译、商务英语）,724,737,
天津,天津外国语大学,国际政治,714,921,
天津,天津外国语大学,日语,714,921,
天津,天津外国语大学,希腊语,713,942,
天津,天津外国语大学,斯瓦希里语,706,1085,
天津,天津外国语大学,汉语国际教育,706,1085,
天津,天津外国语大学,新闻传播学类（新闻学、传播学）,706,1085,
天津,天津外国语大学,金融学,703,1165,
天津,天津外国语大学,旅游管理,702,1191,
天津,天津外国语大学,法学,701,1211,
贵州,遵义医科大学,助产学,621,4543,
贵州,遵义医科大学,公共事业管理,613,5075,
江苏,常熟理工学院,英语,639,3542,
江苏,常熟理工学院,市场营销,638,3602,
湖北,湖北文理学院,旅游管理,619,4666,
湖北,湖北文理学院,建筑学,609,5346,
黑龙江,齐齐哈尔大学,法学,639,3542,
黑龙江,齐齐哈尔大学,国际经济与贸易,633,3886,
黑龙江,齐齐哈尔大学,工商管理类（工商管理、市场营销、财务管理）,632,3932,
黑龙江,齐齐哈尔大学,中国语言文学类（汉语言文学（师范类）、汉语言文学）,630,4044,
天津,天津农学院,会计学,638,3602,
天津,天津农学院,人力资源管理,633,3886,
天津,天津农学院,市场营销,632,3932,
天津,天津农学院,酒店管理,632,3932,
四川,川北医学院,中西医临床医学,611,5228,
湖北,湖北科技学院,小学教育（师范类）,626,4277,
湖北,湖北科技学院,地理科学类（地理科学、地理信息科学）,625,4334,
湖北,湖北科技学院,中国语言文学类（汉语言文学、汉语国际教育）,625,4334,
湖北,湖北科技学院,学前教育（师范类）,624,4382,
广西,广西民族大学,越南语（国家基地班）（实行“3.5+0.5”培养模式）,664,2395,
广西,广西民族大学,汉语言文学（师范类）,659,2590,
广西,广西民族大学,英语（师范类）,655,2762,
四川,攀枝花学院,英语（英语单科成绩不低于90分（150分制））,602,5827,
广西,广西中医药大学,中医学（不招色盲、色弱）,662,2470,
广西,广西中医药大学,针灸推拿学（不招色盲、色弱）,652,2900,
广西,广西中医药大学,中医养生学（不招色盲、色弱）,652,2900,
广西,广西中医药大学,助产学（只招女生，身高155cm及以上；不招色盲、色弱）,648,3095,
广西,广西中医药大学,公共管理类（市场营销、信息管理与信息系统、公共事业管理；入学一年后实行专业分流，色盲、色弱考生不允许分流至信息管理与信息系统及市场营销专业，信息管理与信息系统专业只允许理工类考生报名分流）,638,3602,
广西,广西中医药大学,护理学（不招色盲、色弱；身高女生155cm及以上，男生165cm及以上）,635,3766,
广西,广西中医药大学,护理学（中外合作办学）（不招色盲、色弱；身高女生155cm及以上，男生165cm及以上）,615,4944,
广西,桂林医学院,公共事业管理（卫生事业管理方向）,616,4880,
广西,桂林医学院,市场营销（医药方向）,612,5148,
广西,桂林医学院,助产学（不招色盲、色弱、斜视；只招女生，身高不低于155cm）,609,5346,
江苏,徐州工程学院,经济与金融,631,3987,
江苏,徐州工程学院,旅游管理,628,4153,
江苏,徐州工程学院,市场营销,627,4215,
甘肃,西北民族大学,英语,653,2852,
甘肃,西北民族大学,阿拉伯语,651,2952,
甘肃,西北民族大学,法学,643,3334,
甘肃,西北民族大学,历史学,637,3663,
甘肃,西北民族大学,汉语言文学,632,3932,
甘肃,西北民族大学,文物与博物馆学,630,4044,
甘肃,西北民族大学,旅游管理,624,4382,
甘肃,西北民族大学,广告学,623,4436,
甘肃,西北民族大学,广播电视学,621,4543,
甘肃,西北民族大学,新闻学,621,4543,
甘肃,西北民族大学,公共事业管理,620,4598,
甘肃,西北民族大学,中国少数民族语言文学（维吾尔语言）,618,4733,
甘肃,西北民族大学,民族学,616,4880,
吉林,长春工程学院,英语,627,4215,
吉林,长春工程学院,财务管理,620,4598,
吉林,长春工程学院,市场营销,611,5228,
湖南,湖南文理学院,汉语言文学（师范类）,645,3230,
湖南,湖南文理学院,法学,642,3389,
湖南,湖南文理学院,旅游管理,640,3493,
湖南,湖南文理学院,思想政治教育（师范类）,640,3493,
湖南,湖南文理学院,商务英语（英语单科成绩不低于100分150分制）,639,3542,
湖南,湖南文理学院,新闻学,638,3602,
湖南,湖南文理学院,城乡规划,638,3602,
吉林,通化师范学院,汉语言文学（师范类）,617,4796,
吉林,通化师范学院,思想政治教育（师范类）,614,5010,
吉林,通化师范学院,法学,609,5346,
吉林,通化师范学院,汉语国际教育（师范类）,607,5497,
吉林,通化师范学院,小学教育（师范类）,606,5571,
吉林,通化师范学院,财务管理,605,5633,
吉林,通化师范学院,学前教育（师范类）,604,5701,
吉林,通化师范学院,物业管理,602,5827,
贵州,遵义师范学院,历史学,634,3810,
贵州,遵义师范学院,汉语言文学,633,3886,
河北,华北科技学院,市场营销,626,4277,
河北,华北科技学院,英语,621,4543,
河北,华北科技学院,汉语言文学,619,4666,
福建,三明学院,物流管理,619,4666,
福建,三明学院,旅游管理与服务教育,619,4666,
福建,三明学院,商务英语,618,4733,
福建,三明学院,财务管理（国际课程项目）,607,5497,
河北,河北地质大学,法学,654,2802,
河北,河北地质大学,广告学,650,2999,
河北,河北地质大学,工商管理类（财会方向会计学、审计学、财务管理）,649,3050,
广东,广东第二师范学院,汉语国际教育（师范类）（在广州花都校区就读；住宿费1700元/学年）,659,2590,
广东,广东第二师范学院,翻译（在广州花都校区就读；住宿费1700元/学年）,650,2999,
福建,莆田学院,会计学（第一学年在仙游校区培养；根据紫霄新校区的建设进度，以新生入学须知通知为准）,630,4044,
福建,莆田学院,财务管理（第一学年在仙游校区培养；根据紫霄新校区的建设进度，以新生入学须知通知为准）,630,4044,
福建,莆田学院,市场营销（第一学年在仙游校区培养；根据紫霄新校区的建设进度，以新生入学须知通知为准）,627,4215,
福建,莆田学院,新闻学（第一学年在仙游校区培养；根据紫霄新校区的建设进度，以新生入学须知通知为准）,626,4277,
福建,莆田学院,人力资源管理（第一学年在仙游校区培养；根据紫霄新校区的建设进度，以新生入学须知通知为准）,624,4382,
福建,莆田学院,旅游管理（第一学年在仙游校区培养；根据紫霄新校区的建设进度，以新生入学须知通知为准）,624,4382,
四川,四川旅游学院,烹饪与营养教育,625,4334,
四川,四川旅游学院,会计学,621.04,4483,
四川,四川旅游学院,酒店管理,615.02,4880,
北京,中华女子学院,学前教育（只招女生）（师范类）,650,2999,
北京,中华女子学院,社会工作（只招女生）,648,3095,
云南,玉溪师范学院,小学教育（师范类）,619,4666,
云南,玉溪师范学院,国际经济与贸易,616,4880,
湖北,湖北民族大学,旅游管理,633,3886,
湖北,湖北民族大学,社会学,626,4277,
湖北,湖北民族大学,小学教育（师范类）,626,4277,
江西,萍乡学院,汉语言文学（师范类）,615,4944,
江西,萍乡学院,电子商务,613,5075,
江西,萍乡学院,市场营销,613,5075,
河南,安阳工学院,会计学,612,5148,
河南,安阳工学院,汉语国际教育（英语单科成绩达到95分以上（150分制））,607,5497,
河南,安阳工学院,社会工作,604,5701,
山西,太原工业学院,经济学,615,4944,
山西,太原工业学院,财务管理,613,5075,
山西,太原工业学院,国际经济与贸易,612,5148,
山西,太原工业学院,工商管理,611,5228,
河北,廊坊师范学院,学前教育（师范类）,611,5228,
河北,廊坊师范学院,法学,608,5431,
河北,廊坊师范学院,社会工作,606,5571,
河北,河北北方学院,中医学,617,4796,
河北,河北北方学院,中西医临床医学,615,4944,
河北,河北金融学院,金融学（中外合作办学）,622,4483,
广西,桂林航天工业学院,商务英语,621,4543,
广西,桂林航天工业学院,国际商务,611,5228,
广西,百色学院,人文教育（师范类）,610,5291,
广西,百色学院,市场营销,608,5431,
广西,百色学院,英语（旅游、酒店）,607,5497,
广西,百色学院,思想政治教育（师范类）,606,5571,
广西,百色学院,新闻学,602,5827,
广西,百色学院,旅游管理,602,5827,
广西,百色学院,酒店管理,601,5888,
广西,百色学院,城市管理,601,5888,
四川,四川民族学院,法学,620,4598,
四川,四川民族学院,汉语言文学（师范类）,619,4666,
四川,四川民族学院,旅游管理,613,5075,
四川,四川民族学院,英语（师范类）,613,5075,
广西,广西科技师范学院,英语（师范类）,638,3602,
广西,广西科技师范学院,汉语言文学（师范类）,634,3810,
广西,广西科技师范学院,商务英语,631,3987,
广西,广西科技师范学院,小学教育（师范类）,630,4044,
广西,广西民族师范学院,新闻学,652,2900,
广西,广西民族师范学院,行政管理,643,3334,
广西,广西民族师范学院,汉语言文学（师范类）,643,3334,
广西,广西民族师范学院,市场营销,630,4044,
广西,广西民族师范学院,旅游管理,627,4215,
广西,广西民族师范学院,人力资源管理,626,4277,
广西,广西民族师范学院,国际经济与贸易,624,4382,
广西,广西民族师范学院,英语（师范类）,623,4436,
广西,广西民族师范学院,物流管理,622,4483,
广西,广西民族师范学院,思想政治教育（师范类）,621,4543,
山西,山西工程技术学院,工程造价,619,4666,
山西,山西工程技术学院,投资学,614,5010,
山西,山西工程技术学院,工程管理,608,5431,
山西,山西工程技术学院,思想政治教育,605,5633,
山西,山西工程技术学院,财务管理,605,5633,
云南,昭通学院,汉语言文学（师范类）,609,5346,
云南,昭通学院,行政管理,609,5346,
湖南,湖南医药学院,针灸推拿学,635,3766,
湖南,湖南医药学院,康复治疗学,634,3810,
湖南,湖南医药学院,健康服务与管理,630,4044,
湖南,湖南医药学院,护理学,626,4277,
湖南,湖南女子学院,财务管理（只招女生）,597,6136,
湖南,湖南女子学院,学前教育（师范类只招女生）,596,6225,
湖南,湖南女子学院,市场营销（只招女生）,595,6296,
山西,山西医科大学汾阳学院,护理学,631,3987,
山西,山西医科大学汾阳学院,助产学,625,4334,
山西,山西传媒学院,广告学,636,3722,
