﻿省份,学校名称,专业,最低录取分,最低录取名次,选课要求
浙江,浙江万里学院,汉语言文学,587,6898,
浙江,浙江万里学院,金融学,576,7746,
浙江,浙江万里学院,电子商务,569,8325,
浙江,浙江万里学院,会展经济与管理,560,9040,
浙江,浙江万里学院,社会工作,559,9121,
江苏,无锡学院,人力资源管理,607,5497,
江西,赣南科技学院,英语,593,6431,
江西,赣南科技学院,会计学,590,6666,
江西,赣南科技学院,电子商务,583,7187,
江西,赣南科技学院,金融学,582,7267,
福建,厦门大学嘉庚学院,广告学,657,2681,
福建,厦门大学嘉庚学院,国际经济与贸易,637,3663,
福建,厦门大学嘉庚学院,广播电视学,636,3722,
福建,厦门大学嘉庚学院,英语,635,3766,
福建,厦门大学嘉庚学院,会计学,630,4044,
福建,厦门大学嘉庚学院,金融学,630,4044,
福建,厦门大学嘉庚学院,财务管理,623,4436,
福建,厦门大学嘉庚学院,电子商务,622,4483,
福建,厦门大学嘉庚学院,汉语言文学,621,4543,
福建,厦门大学嘉庚学院,旅游管理,620,4598,
福建,厦门工学院,财务管理,587,6898,
福建,厦门工学院,广告学,581,7346,
云南,云南大学滇池学院,工商管理,589,6748,
云南,云南大学滇池学院,汉语言文学,582,7267,
云南,云南大学滇池学院,新闻学,582,7267,
云南,云南大学滇池学院,物流管理,580,7438,
云南,云南大学滇池学院,法学,579,7526,
陕西,西安财经大学行知学院,工商管理,579,7526,
陕西,西安财经大学行知学院,广播电视学,561,8962,
陕西,西安财经大学行知学院,物流管理,554,9486,
陕西,西安财经大学行知学院,行政管理,554,9486,
陕西,西安财经大学行知学院,财政学,554,9486,
陕西,西安财经大学行知学院,英语,553,9573,
陕西,西安财经大学行知学院,财务管理,553,9573,
陕西,西安财经大学行知学院,金融学,551,9732,
陕西,西安财经大学行知学院,会计学,528,11554,
陕西,西安明德理工学院,金融学,552,9656,
广东,广州华商学院,国际经济与贸易,583,7187,
广东,广州华商学院,国际经济与贸易（国际班）（只录取有专业志愿考生；与澳大利亚堪培拉大学学分互认项目，具体培养模式和学习费用请查看学校网站）,578,7609,
广东,广州华商学院,汉语言文学,569,8325,
广东,广州华商学院,英语,569,8325,
广东,广州华商学院,行政管理,569,8325,
广东,广州华商学院,网络与新媒体,568,8398,
广东,广州华商学院,会计学,567,8479,
江苏,扬州大学广陵学院,国际经济与贸易,591,6586,
江苏,扬州大学广陵学院,旅游管理,587,6898,
吉林,长春光华学院,新闻学,565,8637,
吉林,长春光华学院,经济学,564,8707,
吉林,长春光华学院,广告学,559,9121,
吉林,长春光华学院,英语,559,9121,
吉林,长春光华学院,应用心理学,558,9199,
吉林,长春光华学院,汉语言文学,557,9291,
山东,聊城大学东昌学院,汉语言文学,579,7526,
天津,天津外国语大学滨海外事学院,国际经济与贸易,600,5952,
天津,天津外国语大学滨海外事学院,日语,596,6225,
天津,天津外国语大学滨海外事学院,西班牙语,587,6898,
天津,天津外国语大学滨海外事学院,英语,585,7039,
天津,天津外国语大学滨海外事学院,新闻学,585,7039,
天津,天津外国语大学滨海外事学院,德语,581,7346,
天津,天津外国语大学滨海外事学院,法学,581,7346,
天津,天津外国语大学滨海外事学院,酒店管理,580,7438,
天津,天津外国语大学滨海外事学院,国际事务与国际关系,580,7438,
天津,天津外国语大学滨海外事学院,商务英语,579,7526,
天津,天津外国语大学滨海外事学院,学前教育,577,7673,
天津,天津外国语大学滨海外事学院,金融学,576,7746,
广西,柳州工学院,商务英语,575,7816,
广西,柳州工学院,财务管理,572,8053,
广西,南宁理工学院,旅游管理,574,7895,
广西,南宁理工学院,商务英语,569,8325,
广西,南宁理工学院,地理信息科学,567,8479,
广西,南宁理工学院,工商管理,566,8563,
四川,绵阳城市学院,金融工程,566,8563,
四川,绵阳城市学院,工商管理,557,9291,
四川,绵阳城市学院,商务英语,557,9291,
黑龙江,哈尔滨华德学院,财务管理（英才班）,524,11880,
吉林,长春大学旅游学院,财务管理,540,10608,
吉林,长春大学旅游学院,金融学,540,10608,
吉林,长春大学旅游学院,旅游管理,537,10844,
吉林,长春大学旅游学院,会计学,537,10844,
吉林,长春大学旅游学院,酒店管理,537,10844,
吉林,长春大学旅游学院,俄语,532,11260,
四川,成都银杏酒店管理学院,旅游管理,577,7673,
四川,成都银杏酒店管理学院,酒店管理（建议男生身高不低于170CM，女生身高不低于160CM）,574,7895,
四川,成都银杏酒店管理学院,会计学,567,8479,
四川,成都银杏酒店管理学院,英语,563,8792,
湖南,湖南文理学院芙蓉学院,英语（师范类）,598,6074,
湖南,湖南文理学院芙蓉学院,汉语言文学（师范类）,595,6296,
湖南,湖南文理学院芙蓉学院,旅游管理,595,6296,
