﻿省份,学校名称,专业,最低录取分,最低录取名次,选课要求
浙江,浙江万里学院,计算机科学与技术,535,18471,
浙江,浙江万里学院,电子信息工程,530,19118,
浙江,浙江万里学院,通信工程,525,19847,
浙江,浙江万里学院,环境工程,523,20115,
浙江,浙江万里学院,软件工程,520,20509,
浙江,浙江万里学院,生物制药,519,20645,
浙江,浙江万里学院,社会工作,519,20645,
河南,许昌学院,机械设计制造及其自动化（与美国科罗拉多大学普韦布洛分校课程合作）,525,19847,
江苏,无锡学院,大气科学,541,17630,
江西,赣南科技学院,会计学,542,17487,
江西,赣南科技学院,工程造价,541,17630,
江西,赣南科技学院,电气工程及其自动化,539,17906,
江西,赣南科技学院,机械类,538,18036,
江西,赣南科技学院,工业工程,537,18164,
江西,赣南科技学院,土木工程,537,18164,
江西,赣南科技学院,计算机科学与技术,536,18314,
江西,赣南科技学院,材料成型及控制工程,536,18314,
江西,赣南科技学院,物联网工程,535,18471,
江西,赣南科技学院,测绘工程,535,18471,
福建,厦门大学嘉庚学院,英语,664,3862,
福建,厦门大学嘉庚学院,会计学,625,7100,
福建,厦门大学嘉庚学院,计算机科学与技术,618,7818,
福建,厦门大学嘉庚学院,金融学,616,8032,
福建,厦门大学嘉庚学院,财务管理,607,8974,
福建,厦门大学嘉庚学院,法学,597,10143,
福建,厦门大学嘉庚学院,风景园林,586,11515,
福建,厦门大学嘉庚学院,机械设计制造及其自动化,584,11746,
福建,厦门大学嘉庚学院,土木工程,582,12008,
福建,厦门大学嘉庚学院,软件工程,572,13310,
福建,厦门大学嘉庚学院,物联网工程,572,13310,
福建,厦门大学嘉庚学院,工程管理（房建项目管理）,569,13704,
福建,厦门大学嘉庚学院,环境科学与工程,566,14116,
福建,厦门大学嘉庚学院,国际经济与贸易,565,14256,
福建,厦门大学嘉庚学院,建筑学,562,14684,
福建,厦门大学嘉庚学院,信息与计算科学,560,14956,
福建,厦门大学嘉庚学院,旅游管理,560,14956,
福建,厦门工学院,土木工程,538,18036,
福建,厦门工学院,建筑学,535,18471,
福建,厦门工学院,工程管理,535,18471,
福建,厦门工学院,车辆工程,525,19847,
福建,厦门工学院,材料科学与工程,520,20509,
云南,云南大学滇池学院,数据科学与大数据技术,532,18872,
云南,云南大学滇池学院,财务管理,523,20115,
云南,云南大学滇池学院,会计学,521,20377,
云南,云南大学滇池学院,土木工程,519,20645,
陕西,西安财经大学行知学院,财务管理,515,21199,
陕西,西安财经大学行知学院,数据科学与大数据技术,510,21903,
陕西,西安财经大学行知学院,物流管理,509,22034,
陕西,西安财经大学行知学院,金融学,509,22034,
陕西,西安财经大学行知学院,会计学,507,22296,
陕西,西安财经大学行知学院,市场营销,507,22296,
陕西,西安明德理工学院,飞行器制造工程,502,22945,
陕西,西安明德理工学院,会计学,499,23329,
广东,广州华商学院,电子商务,528,19405,
广东,广州华商学院,金融工程,526,19682,
广东,广州华商学院,会计学（国际班）（只录取有专业志愿考生；与澳大利亚堪培拉大学学分互认项目，具体培养模式和学习费用请查看学校网站）,523,20115,
广东,广州华商学院,会计学,520,20509,
广东,广州华商学院,计算机科学与技术,518,20777,
江苏,扬州大学广陵学院,通信工程,542,17487,
江苏,扬州大学广陵学院,环境工程,536,18314,
江苏,扬州大学广陵学院,水利水电工程,535,18471,
河北,河北工程大学科信学院,土木工程,545,17034,
河北,河北工程大学科信学院,自动化,540,17770,
河北,河北工程大学科信学院,建筑环境与能源应用工程,540,17770,
河北,河北工程大学科信学院,机械设计制造及其自动化,539,17906,
河北,河北工程大学科信学院,工程管理,538,18036,
河北,河北工程大学科信学院,水利水电工程,537,18164,
河北,河北工程大学科信学院,能源与动力工程,537,18164,
河北,河北工程大学科信学院,车辆工程,536,18314,
河北,河北工程大学科信学院,通信工程,535,18471,
河北,河北工程大学科信学院,电气工程及其自动化,535,18471,
吉林,长春光华学院,机械电子工程,529,19264,
吉林,长春光华学院,财务管理,521,20377,
吉林,长春光华学院,金融学,520,20509,
吉林,长春光华学院,会计学,519,20645,
吉林,长春光华学院,学前教育,519,20645,
吉林,长春光华学院,数字媒体技术,519,20645,
吉林,长春光华学院,应用心理学,518,20777,
吉林,长春光华学院,工商管理,518,20777,
吉林,长春光华学院,电子信息工程,518,20777,
吉林,长春光华学院,经济学,518,20777,
山东,聊城大学东昌学院,工程造价,510,21903,
天津,天津外国语大学滨海外事学院,汉语国际教育,547,16775,
天津,天津外国语大学滨海外事学院,金融学,540,17770,
天津,天津外国语大学滨海外事学院,法学,533,18741,
天津,天津外国语大学滨海外事学院,英语,529,19264,
天津,天津外国语大学滨海外事学院,法语,528,19405,
广西,柳州工学院,机械设计制造及其自动化,525,19847,
广西,柳州工学院,自动化,522,20256,
广西,柳州工学院,投资学,519,20645,
广西,柳州工学院,车辆工程,518,20777,
广西,柳州工学院,化学工程与工艺,516,21071,
湖北,湖北医药学院药护学院,麻醉学,541,17630,
湖北,湖北医药学院药护学院,临床医学,538,18036,
吉林,吉林动画学院,飞行器制造工程（无人机制造与应用方向）,505,22556,
吉林,吉林动画学院,飞行器动力工程（航空机械维修、民航飞行方向）,503,22811,
吉林,吉林动画学院,数字媒体技术（虚拟现实技术、影视特效与动画技术、游戏开发技术、大数据应用技术方向）,500,23213,
吉林,吉林动画学院,互联网金融,495,23864,
吉林,吉林动画学院,飞行器控制与信息工程（航空电子维修方向）,494,23988,
广西,南宁理工学院,电子商务,537,18164,
广西,南宁理工学院,地理信息科学,533,18741,
广西,南宁理工学院,土木工程,524,19985,
广西,南宁理工学院,电子信息工程,524,19985,
广西,南宁理工学院,建筑学,522,20256,
广西,南宁理工学院,工商管理,522,20256,
广西,南宁理工学院,通信工程,522,20256,
广西,南宁理工学院,商务英语,521,20377,
四川,绵阳城市学院,金融工程,518,20777,
四川,绵阳城市学院,土木工程,517,20912,
黑龙江,哈尔滨华德学院,财务管理（英才班）,488,24680,
黑龙江,哈尔滨华德学院,电子信息工程,487,24794,
黑龙江,哈尔滨华德学院,数据科学与大数据技术（英才班）,484,25150,
黑龙江,哈尔滨华德学院,智能制造工程（英才班）,481,25469,
黑龙江,哈尔滨华德学院,车辆工程（英才班）,481,25469,
吉林,长春大学旅游学院,会计学,513,21473,
吉林,长春大学旅游学院,酒店管理,509,22034,
吉林,长春大学旅游学院,财务管理,506,22440,
吉林,长春大学旅游学院,旅游管理,503,22811,
吉林,长春大学旅游学院,金融学,503,22811,
四川,成都银杏酒店管理学院,英语,524,19985,
四川,成都银杏酒店管理学院,酒店管理（建议男生身高不低于170CM，女生身高不低于160CM）,522,20256,
四川,成都银杏酒店管理学院,会计学,522,20256,
四川,成都银杏酒店管理学院,旅游管理,522,20256,
河北,华北理工大学冀唐学院,临床医学,545,17034,
河北,华北理工大学冀唐学院,护理学,544,17163,
河北,华北理工大学冀唐学院,中医学,543,17334,
河北,华北理工大学冀唐学院,药学,542,17487,
湖南,湖南文理学院芙蓉学院,生物科学（师范类）,540,17770,
湖南,湖南文理学院芙蓉学院,土木工程,535,18471,
湖南,湖南文理学院芙蓉学院,通信工程,535,18471,
