﻿省份,学校名称,专业,最低录取分,最低录取名次,选课要求
北京,首都师范大学,历史学（基地班）（办学地点：第一年在良乡校区）,630,1485,
北京,首都师范大学,世界史（办学地点：北一区）,627,1630,
北京,首都师范大学,中国语言文学类（含汉语言文学、汉语国际教育、秘书学）（办学地点：第一年在良乡校区）,625,1730,
北京,首都师范大学,心理学（办学地点：第一年在良乡校区）,622,1865,
北京,首都师范大学,文化产业管理（9）（办学地点：第一年在良乡校区）,621,1915,
北京,首都师范大学,西班牙语（办学地点：北一区）,618,2098,
北京,首都师范大学,历史学（师范）（办学地点：第一年在良乡校区）,614,2309,
北京,首都师范大学,考古学（9）（办学地点：第一年在良乡校区）,614,2309,
北京,首都师范大学,文化遗产（9）（办学地点：第一年在良乡校区）,614,2309,
北京,首都师范大学,德语（师范）（办学地点：北一区）,612,2402,
北京,首都师范大学,德语（办学地点：北一区）,612,2402,
北京,首都师范大学,法学（办学地点：第一年在良乡校区）,611,2458,
北京,首都师范大学,心理学（师范）（办学地点：第一年在良乡校区）,611,2458,
北京,首都师范大学,教育学（办学地点：第一年在良乡校区）,610,2517,
北京,首都师范大学,戏剧影视文学（9）（办学地点：第一年在良乡校区）,610,2517,
北京,首都师范大学,国际经济与贸易,608,2622,
北京,首都师范大学,英语（办学地点：北一区）,608,2622,
北京,首都师范大学,旅游管理,606,2727,
北京,首都师范大学,俄语（办学地点：北一区）,606,2727,
北京,首都师范大学,法语（办学地点：北一区）,606,2727,
北京,首都师范大学,日语（办学地点：北一区）,606,2727,
北京,首都师范大学,公共管理类（含公共事业管理、劳动与社会保障）,605,2778,
北京,首都师范大学,地理科学（师范）,604,2840,
北京,首都师范大学,英语（师范）（办学地点：北一区）,604,2840,
北京,首都师范大学,汉语言文学（师范）（办学地点：第一年在良乡校区）,603,2911,
北京,首都师范大学,政治学与行政学（办学地点：第一年在良乡校区）,603,2911,
北京,首都师范大学,社会工作（办学地点：第一年在良乡校区）,603,2911,
北京,首都师范大学,教育技术学（师范）（办学地点：第一年在良乡校区）,603,2911,
北京,首都师范大学,教育技术学（办学地点：第一年在良乡校区）,603,2911,
北京,首都师范大学,思想政治教育（师范）（办学地点：第一年在良乡校区）,603,2911,
北京,清华大学,法学（含国际班）,689,29,
北京,清华大学,文科试验班类（经济、金融与管理）（含经济与金融（国际班）、会计学、信息管理与信息系统）,688,32,
北京,清华大学,文科试验班类（新雅书院）（含政治学、经济学与哲学等专业）,688,32,
北京,清华大学,文科试验班类（人文与社会）（含汉语言文学、历史学、哲学、英语、英语（世界文学与文化实验班）、日语、社会学、经济学、国际政治、国际政治（国际事务与全球治理）、心理学、新闻学（国际新闻实验班）、新闻学（融媒体新闻实验班））,687,41,
北京,北京大学,新闻传播学类（含新闻学、广播电视学、广告学、编辑出版学）,689,29,
北京,北京大学,工商管理类（含金融学、经济学（金融）、会计学、市场营销）,686,47,
北京,北京大学,经济学类（含经济学、金融学、国际经济与贸易、保险学、财政学、资源与环境经济学）,685,51,
北京,北京大学,文科试验班类（含中国语言文学类、考古学、历史学类、哲学类、社会学类、国际政治、法学、信息管理与信息系统、新闻传播学类、经济学类、工商管理类、公共管理类、艺术学理论类、数据科学与大数据技术、政治学、经济学与哲学、古生物学、整合科学、外国语言与外国历史、外国语言文学类）,685,51,
北京,北京大学,法学,684,56,
北京,北京大学,中国语言文学类（含汉语言文学、汉语言、古典文献学、应用语言学）,684,56,
北京,北京大学,考古学,679,85,
北京,北京大学,国际政治（国政、外交学、国际政经）,679,85,
北京,北京大学,哲学类（含哲学、宗教学、逻辑学（科技哲学））,679,85,
北京,北京大学,历史学类（含历史学（中国史）、世界史、外国语言与外国历史）,679,85,
北京,北京大学,社会学类（含社会学、社会工作、人类学）,679,85,
浙江,浙江大学,社会科学试验班（竺可桢学院人文社科实验班、智能财务班）（含古典文献学、汉语言文学、哲学、历史学、文物与博物馆学、新闻学、广播电视学、广告学、英语、翻译、德语、法语、西班牙语、日语、俄语、经济学、财政学、金融学、国际经济与贸易、教育学、信息管理与信息系统、会计学、工商管理、社会学、农林经济管理、信息资源管理、政治，相关专业有牛津大学、新加坡国立大学、斯坦福大学交流项目）（办学地点：校本部）,664,308,
浙江,浙江大学,社会科学试验班（含经济学、财政学、金融学、国际经济与贸易、教育学、信息管理与信息系统、会计学、工商管理、社会学、农林经济管理、信息资源管理、政治学与行政学、行政管理、劳动与社会保障、土地资源管理、法学）（办学地点：校本部）,664,308,
上海,上海交通大学,经济管理试验班（含金融学、国际经济与贸易、经济学、工商管理、会计学、人力资源管理、信息管理与信息系统，试验班采用“主修专业+辅修模块”培养模式，即学生在修读1个主修专业专业不限人数的同时，将自主选择修读1个辅修模块，充分尊重学生专业选择的意愿。工商管理含市场营销、商务数据科学方向，办学地点：校本部）,671,179,
上海,复旦大学,经济学类（含荷兰格罗宁根大学双学位项目）（含经济学、金融学、财政学、保险学、经济学（数理经济方向拔尖项目）、经济学（国际项目UIPE）、国际经济与贸易（国际经济学）。国家公派留学计划及德国哥廷根大学、慕尼黑大学、法国巴黎政治大学等校免学费交流项目）（部分专业课程英语授课，详见复旦大学招生网）,675,128,
上海,复旦大学,社会科学试验班（含政治学与行政学、行政管理、国际政治、社会学、社会工作。赴美国加州大学伯克利分校、华盛顿大学、英国三一学院等校免学费交流项目）（部分专业课程英语授课，详见复旦大学招生网）,675,128,
上海,复旦大学,中国语言文学类（含汉语言文学、汉语言）（部分专业课程英语授课，详见复旦大学招生网）,674,141,
上海,复旦大学,新闻传播学类（卓越新闻人才计划）（含新闻学、广播电视学、传播学、广告学。日本早稻田大学、美国密苏里大学双学位项目；含赴美国北卡莱罗纳大学、德国慕尼黑大学、俄罗斯莫斯科国立大学等校免学费交流项目）（部分专业课程英语授课，详见复旦大学招生网）,672,166,
江苏,南京大学,外国语言文学类（含英语、德语、法语、西班牙语）（仙林校区）,665,288,
江苏,南京大学,经济管理试验班（含经济学、金融学、金融工程、保险学、经济学（产业经济学方向）、工商管理、市场营销、会计学、财务管理、电子商务、工商管理（人力资源方向）、国际经济与贸易）（仙林校区）,664,308,
江苏,南京大学,人文科学试验班（人文艺术传播类）（含哲学汉语国际教育、汉语言文学、新闻学、广播电视学、广告学、历史学、考古学、考古学（文物鉴定方向））（仙林校区）,663,336,
湖北,华中科技大学,建筑类（含建筑学、城乡规划、风景园林）,639,1120,
湖北,华中科技大学,新闻传播学类（含新闻学、广播电视学、广告学）,639,1120,
湖北,华中科技大学,工商管理类（含工商管理、市场营销、会计学（注册会计师）、财政学（税务）、财务管理）,638,1156,
湖北,华中科技大学,法学,637,1201,
湖北,华中科技大学,英语,637,1201,
湖北,华中科技大学,法语,637,1201,
湖北,武汉大学,法学,658,454,
湖北,武汉大学,新闻传播学类（含新闻学、广播电视学、广告学、传播学）,658,454,
湖北,武汉大学,人文科学试验班（弘毅学堂）（含汉语言文学、哲学、历史学、国学，基础学科拔尖学生培养试验计划）,657,480,
湖北,武汉大学,经济学类（含经济学、金融工程、国际经济与贸易、财政学、金融学、保险学）,656,511,
湖北,武汉大学,中国语言文学类（含汉语言文学、汉语国际教育）,655,531,
湖北,武汉大学,外国语言文学类（含英语、翻译、法语、日语、俄语、德语，口吃不宜报考）,652,611,
湖北,武汉大学,工商管理类（含工程管理、物流管理、工商管理、市场营销、会计学、财务管理、人力资源管理）,652,611,
陕西,西安交通大学,文科试验班类（含法学、哲学、社会学、网络与新媒体、汉语言文学、马克思主义理论）,643,953,
陕西,西安交通大学,外国语言文学类（含英语、法语、日语）,638,1156,
四川,四川大学,法语,643,953,
四川,四川大学,会计学（ACCA）,643,953,
四川,四川大学,中国语言文学类（含汉语言文学、汉语国际教育）,643,953,
四川,四川大学,经济学类（含国际经济与贸易、经济学、国民经济管理、财政学）,641,1039,
四川,四川大学,新闻传播学类（含新闻学、广播电视学、广告学、编辑出版学、网络与新媒体）,641,1039,
四川,四川大学,英语,640,1083,
四川,四川大学,国际政治,640,1083,
广东,中山大学,汉语言文学,651,639,
广东,中山大学,公共管理类（含行政管理、政治学与行政学）,650,686,
广东,中山大学,法学,648,745,
广东,中山大学,新闻传播学类（含新闻学、传播学）,648,745,
广东,中山大学,经济学类（含国际商务、管理科学、金融学、经济学）,648,745,
广东,中山大学,经济学类（含经济学、金融学、工商管理、会计学）,648,745,
广东,中山大学,国际政治,647,783,
黑龙江,哈尔滨工业大学,经济管理试验班（含信息管理与信息系统、大数据管理与应用、计算金融、电子商务、工商管理、市场营销、会计学、财务管理、金融学、国际经济与贸易）,641,1039,
黑龙江,哈尔滨工业大学,设计学类（含数字媒体艺术、环境设计）,631,1441,
北京,北京航空航天大学,社会科学试验班（含经济学、行政管理、英语、翻译、德语、法学，办学地点：校本部）,649,719,
江苏,东南大学,文科试验班类（含政治学与行政学、社会学、汉语言文学、旅游管理、哲学、国际经济与贸易、金融学、经济学、金融工程、法学）,640,1083,
北京,北京师范大学,社会学,668,227,
北京,北京师范大学,国际经济与贸易,667,240,
北京,北京师范大学,工商管理（商务管理实验班）,666,261,
北京,北京师范大学,法学,665,288,
北京,北京师范大学,传播学,665,288,
北京,北京师范大学,教育学（国家试点学院）,665,288,
北京,北京师范大学,人力资源管理（人力资源管理、公共事业管理）,665,288,
北京,北京师范大学,英语,664,308,
北京,北京师范大学,金融学,663,336,
北京,北京师范大学,会计学,663,336,
北京,北京师范大学,汉语言文学,662,358,
北京,北京师范大学,历史学,662,358,
北京,北京师范大学,人文科学试验班（含哲学、汉语言文学、历史学）,662,358,
北京,北京理工大学,社会科学试验班（精品文科班）（含经济学、社会工作、法学、英语、德语、日语、西班牙语。其中英语、日语、德语、西班牙语专业方向学费为6000元/年）,642,995,
北京,中国人民大学,法学,675,128,
北京,中国人民大学,新闻传播学类（含新闻学、广播电视学、广告学、传播学）,672,166,
北京,中国人民大学,国际政治,671,179,
北京,中国人民大学,财政学类（含财政学、税收学）,669,211,
北京,中国人民大学,工商管理类（含工商管理、财务管理、会计学、市场营销、贸易经济、管理科学）,668,227,
北京,中国人民大学,金融学类（含金融学、金融工程、信用管理、保险学）,667,240,
北京,中国人民大学,人力资源管理,666,261,
北京,中国人民大学,社会学类（含社会学、社会工作、公共事业管理（公共政策与人口管理））,666,261,
北京,中国人民大学,经济学类（含经济学、能源经济、国际经济与贸易、国民经济管理）,665,288,
北京,中国人民大学,人文科学试验班（含汉语言文学、汉语言、历史学、考古学、世界史、哲学、宗教学伦理学、马克思主义理论、中国共产党历史）,665,288,
天津,南开大学,经济学类（含经济学、财政学、国际经济与贸易、商务经济学）（办学地点：本校部1210南开大学天津）（办学地点：八里台校区）,660,412,
天津,南开大学,法学（办学地点：本校部1210南开大学天津）（办学地点：津南校区）,660,412,
天津,南开大学,金融学类（含金融学、金融工程、保险学、投资学、精算学）（办学地点：本校部1210南开大学天津）（办学地点：津南校区）,660,412,
天津,南开大学,中国语言文学类（含汉语言文学、编辑出版学、广播电视学）（办学地点：本校部1210南开大学天津）（办学地点：八里台校区）,659,435,
天津,南开大学,工商管理类（含工商、图档、管科、国会）（含工商管理、市场营销、人力资源管理、会计学、财务管理、信息管理与信息系统、工业工程、物流管理、图书馆学、档案学、会计学（国际会计））（办学地点：本校部1210南开大学天津）（办学地点：八里台校区，0）,658,454,
天津,南开大学,历史学类（含历史学、世界史、文物与博物馆学）（办学地点：本校部1210南开大学天津）（办学地点：津南校区）,658,454,
天津,南开大学,公共管理类（含社会学、政治学、公共管理及心理学）（含行政管理、城市管理、政治学与行政学、国际政治、社会学、社会工作、应用心理学）（办学地点：本校部1210南开大学天津）（办学地点：津南校区）,657,480,
天津,天津大学,人文科学试验班（含金融学、教育学、汉语言文学、城乡规划、建筑学、财务管理、工商管理、英语、法学，办学地点：卫津路校区）,644,904,
山东,山东大学,经济学类（含经济学、财政学、金融学、国际经济与贸易）,642,995,
山东,山东大学,法学类（含法学）,639,1120,
山东,山东大学,中国语言文学类（含汉语言文学）,639,1120,
山东,山东大学,历史学类（含历史学、档案学、考古学、文物与博物馆学、文化产业管理）,639,1120,
山东,山东大学,工商管理类（含工商管理、市场营销、会计学、人力资源管理、国际商务、旅游管理）,639,1120,
山东,山东大学,马克思主义理论,638,1156,
山东,山东大学,新闻传播学类（含新闻学）,638,1156,
湖南,中南大学,金融学类（经济管理类）,634,1311,
广东,华南理工大学,经济学（创新班）（本硕连读）,638,1156,
广东,华南理工大学,经济学类（含经济学、金融学、国际经济与贸易）,638,1156,
广东,华南理工大学,法学（卓越法律班）,635,1271,
广东,华南理工大学,工商管理类（含工商管理、人力资源管理、市场营销、财务管理）,635,1271,
广东,华南理工大学,旅游管理类（含旅游管理、会展经济与管理）,635,1271,
广东,华南理工大学,传播学（2+2联合班）,634,1311,
广东,华南理工大学,新闻传播学类（含新闻学、传播学、广告学）,633,1360,
广东,华南理工大学,行政管理,629,1531,
福建,厦门大学,法学类（含法学）,650,686,
福建,厦门大学,经济学类（含金融学、金融工程、保险学、财政学、税收学、国际经济与贸易、国际商务、经济学、统计学、经济统计学、数据科学与大数据技术）,650,686,
福建,厦门大学,日语,649,719,
福建,厦门大学,会计学（含会计学、财务管理专业）,648,745,
福建,厦门大学,法语,646,830,
福建,厦门大学,人文科学试验班（含汉语言文学、戏剧影视文学、汉语言、历史学（含世界史方向）、考古学、哲学）,646,830,
福建,厦门大学,公共管理类（含政治学与行政学、行政管理）,646,830,
福建,厦门大学,政治学类（含国际政治、外交学）,646,830,
福建,厦门大学,英语,645,868,
福建,厦门大学,新闻传播学类（含新闻学、广播电视学、广告学、传播学）,645,868,
吉林,吉林大学,法学（办学地点：前卫南区）,638,1156,
吉林,吉林大学,经济学类（含经济学、财政学、国际经济与贸易、金融学，经济学院）（办学地点：前卫南区）,637,1201,
吉林,吉林大学,人文科学试验班（文学与史学，匡亚明班）（含汉语言文学、历史学）（办学地点：前卫南区）,635,1271,
吉林,吉林大学,考古学（按类招。含考古学、文物与博物馆学）（办学地点：前卫南区）,634,1311,
吉林,吉林大学,外交学（宜英语语种考生就读）（办学地点：前卫南区）,634,1311,
吉林,吉林大学,社会学类（含社会学、社会工作、劳动与社会保障）（办学地点：前卫南区）,632,1396,
上海,华东师范大学,汉语言文学（办学地点：闵行校区）,654,559,
上海,华东师范大学,英语（办学地点：闵行校区）,653,583,
上海,华东师范大学,汉语国际教育（办学地点：中山北路校区）,649,719,
上海,华东师范大学,工商管理（中法创新实验班）（中法创新实验班，本校与法国里昂商学院合办，专业课程为全英文授课，须学法语；后两年可申请去法国，另按法方规定缴纳学费）（办学地点：闵行校区）,648,745,
上海,华东师范大学,金融学类（含金融学、经济学、国际经济与贸易）（办学地点：闵行校区）,646,830,
上海,华东师范大学,工商管理类（含工商管理、会计学、旅游管理、会展经济与管理、信息管理与信息系统、房地产开发与管理）（办学地点：闵行校区）,645,868,
上海,华东师范大学,法学（办学地点：闵行校区）,645,868,
北京,中国农业大学,农村区域发展（专业下设国际发展等方向，第三学期分方向培养）,643,953,
北京,中国农业大学,传播学,642,995,
北京,中国农业大学,法学,641,1039,
北京,中国农业大学,社会学,640,1083,
北京,中国农业大学,英语,640,1083,
北京,中国农业大学,工商管理类（含工商管理、会计学、电子商务）,640,1083,
湖南,湖南大学,国际经济与贸易,636,1237,
湖南,湖南大学,新闻传播学类,636,1237,
湖南,湖南大学,汉语言文学,635,1271,
湖南,湖南大学,经济学类,635,1271,
湖南,湖南大学,法学,634,1311,
湖南,湖南大学,日语,633,1360,
江苏,南京理工大学,法学,610,2517,
江苏,南京理工大学,广播电视学,605,2778,
上海,上海财经大学,会计学（办学地点：校本部）,656,511,
上海,上海财经大学,金融学（办学地点：校本部）,655,531,
上海,上海财经大学,财政学类（含财政学、税收学）（办学地点：校本部）,653,583,
上海,上海财经大学,工商管理类（含市场营销、工商管理（战略与创新创业）、国际商务、人力资源管理、工商管理（商务分析））（办学地点：校本部）,650,686,
上海,上海财经大学,新闻学（办学地点：校本部）,650,686,
重庆,重庆大学,新闻传播学类（含新闻学、广播电视学）,633,1360,
重庆,重庆大学,法学类（含法学、知识产权）,633,1360,
重庆,重庆大学,外国语言文学类（含英语、日语、德语）,632,1396,
重庆,重庆大学,公共管理类（含行政管理、城市管理）,632,1396,
北京,北京科技大学,工商管理类,638,1156,
北京,北京科技大学,社会科学试验班,638,1156,
北京,北京科技大学,外国语言文学类,636,1237,
江苏,南京航空航天大学,英语（民航业务、国际贸易）（办学地点：将军路校区）,628,1582,
江苏,南京航空航天大学,法学（办学地点：将军路校区）,626,1685,
江苏,南京航空航天大学,广播电视学（办学地点：将军路校区）,624,1781,
甘肃,兰州大学,工商管理类（含管理科学（基地班）、会计学、市场营销、人力资源管理、信息管理与信息系统、行政管理）,623,1820,
甘肃,兰州大学,新闻传播学类（含新闻学、广播电视学）,617,2152,
甘肃,兰州大学,历史学类（含历史学（基地班）、历史学、世界史、文物与博物馆学）,617,2152,
甘肃,兰州大学,俄语,616,2197,
辽宁,东北大学,外国语言文学类（只招英语、俄语、日语、德语考生，含英语、俄语、日语、德语）,625,1730,
辽宁,东北大学,公共管理类（含法学、新闻学、行政管理、公共事业管理）,623,1820,
北京,北京交通大学,新闻传播学类（含传播学、网络与新媒体）（办学地点：校本部）,642,995,
北京,北京交通大学,经济管理试验班（含经济学、金融学、劳动与社会保障、会计学、财务管理、工商管理、市场营销、旅游管理、工程管理、物流管理、信息管理与信息系统、保密管理）（办学地点：校本部）,642,995,
北京,北京交通大学,法学（办学地点：校本部）,640,1083,
北京,北京交通大学,外国语言文学类（含英语、西班牙语、葡萄牙语）,640,1083,
陕西,西安电子科技大学,管理科学与工程类（含信息管理与信息系统、工商管理、工业工程、金融学、电子商务、市场营销、人力资源管理、劳动与社会保障、行政管理、工程管理）,602,2972,
陕西,西安电子科技大学,英语,595,3384,
湖北,华中农业大学,经济学类（含经济学、国际经济与贸易、经济统计学、农林经济管理（国家卓越农林人才计划））,595,3384,
湖北,华中农业大学,工商管理类（含市场营销、人力资源管理、会计学、财务管理、工商管理）,594,3452,
湖北,华中农业大学,法学,589,3738,
江苏,苏州大学,中国语言文学类（含汉语言文学（师范）、汉语言文学（基地）、汉语国际教育）,632,1396,
江苏,苏州大学,旅游管理,630,1485,
江苏,苏州大学,法语,630,1485,
江苏,苏州大学,新闻传播学类（含新闻学、广告学、网络与新媒体）,630,1485,
江苏,苏州大学,哲学,629,1531,
吉林,东北师范大学,商务英语（办学地点：净月校区）,619,2036,
吉林,东北师范大学,汉语言文学（师范）（办学地点：本部校区）,616,2197,
北京,中央财经大学,金融学类（含金融学）（办学地点：按学校两校区建设规划和办学实际确定）,663,336,
北京,中央财经大学,经济学类（含经济学、国民经济管理）（办学地点：按学校两校区建设规划和办学实际确定）,658,454,
北京,中央财经大学,财政学类（含财政学、税收学）（办学地点：按学校两校区建设规划和办学实际确定）,655,531,
北京,中央财经大学,工商管理类（商学院）（含工商管理、市场营销（大数据营销）、人力资源管理、供应链管理）（办学地点：按学校两校区建设规划和办学实际确定）,654,559,
北京,中央财经大学,工商管理类（会计学院）（含会计学）,654,559,
北京,中央财经大学,文化产业管理（办学地点：按学校两校区建设规划和办学实际确定）,653,583,
北京,中央财经大学,新闻传播学类（含新闻学、广告学）（办学地点：按学校两校区建设规划和办学实际确定）,650,686,
北京,中央财经大学,法学（办学地点：按学校两校区建设规划和办学实际确定）,649,719,
北京,中央财经大学,外国语言文学类（财经英语与财经翻译）（含英语（财经英语）、翻译（财经翻译））,649,719,
上海,上海大学,社会学类（代表人文社科类）（含哲学、法学、社会学、社会工作、思想政治教育、汉语言文学、汉语国际教育、新闻学、广播电视学、广告学、历史学、网络与新媒体，大类招生，第一年末进行专业分流，办学地点：宝山校区）,636,1237,
北京,中国政法大学,法学（涉外法律人才培养模式实验班）（学制为四年）（办学地点：北京昌平）,662,358,
北京,中国政法大学,法学（法学人才培养模式改革实验班）（该专业分为两个阶段贯通培养）（办学地点：北京昌平）,655,531,
北京,中国政法大学,德语（办学地点：北京昌平）,653,583,
北京,中国政法大学,法学（办学地点：北京昌平）,651,639,
北京,中国政法大学,哲学（办学地点：北京昌平）,650,686,
北京,中国政法大学,国际政治（办学地点：北京昌平）,650,686,
北京,中国政法大学,政治学与行政学（办学地点：北京昌平）,650,686,
北京,中国政法大学,英语（法律英语）（办学地点：北京昌平）,650,686,
北京,中国政法大学,新闻学（办学地点：北京昌平）,648,745,
北京,中国政法大学,汉语言文学（办学地点：北京昌平）,647,783,
北京,中国政法大学,国际商务（办学地点：北京昌平）,647,783,
北京,中国政法大学,社会工作（办学地点：北京昌平）,646,830,
北京,中国政法大学,应用心理学（办学地点：北京昌平）,646,830,
北京,中国政法大学,行政管理（办学地点：北京昌平）,646,830,
北京,中国政法大学,翻译（法律翻译）（办学地点：北京昌平）,646,830,
北京,中国政法大学,网络与新媒体（办学地点：北京昌平）,645,868,
北京,中国政法大学,工商管理（办学地点：北京昌平）,645,868,
广东,暨南大学,会计学（ACCA）,635,1271,
广东,暨南大学,新闻学,633,1360,
广东,暨南大学,翻译,630,1485,
北京,对外经济贸易大学,国际经济与贸易（国际组织人才基地班）,662,358,
北京,对外经济贸易大学,金融学类（含金融学（国际金融与市场）、经济与金融）,660,412,
北京,对外经济贸易大学,经济学类（含国际经济与贸易、财政学、税收学）,660,412,
北京,对外经济贸易大学,金融学类（含金融学、金融工程、投资学）,658,454,
北京,对外经济贸易大学,经济统计学,657,480,
北京,对外经济贸易大学,工商管理类（含会计学、财务管理、人力资源管理、市场营销、工商管理）,656,511,
北京,对外经济贸易大学,保险学,655,531,
北京,对外经济贸易大学,法学类（含法学）,655,531,
北京,对外经济贸易大学,外国语言文学类（含商务英语、翻译、英语）,655,531,
北京,中国石油大学（北京）,工商管理类（含会计学、财务管理、信息管理与信息系统、市场营销）（办学地点：校本部）,629,1531,
北京,中国石油大学（北京）,英语（须加试外语口语，只招英语考生）（办学地点：校本部）,626,1685,
江苏,南京农业大学,国际经济与贸易,603,2911,
江苏,南京农业大学,社会学类（含法学、社会学、旅游管理、农村区域发展、公共事业管理）,603,2911,
江苏,南京农业大学,金融学,602,2972,
湖北,华中师范大学,教育学类（含教育学、学前教育、特殊教育，外语语种限制为英语、日语、俄语、法语）,625,1730,
湖北,华中师范大学,法学类（含法学、法学（法学经济学交叉班），外语语种限制为英语、日语、俄语、法语）,622,1865,
湖北,华中师范大学,教育学类（中外合作办学）（含学前教育）,592,3562,
湖北,华中师范大学,社会学类（含社会工作）（中外合作办学）,586,3913,
河南,郑州大学,工商管理类（含工商管理、财务管理、会计学）,602,2972,
河南,郑州大学,新闻传播学类（含新闻学、广播电视学、广告学、网络与新媒体）,598,3204,
四川,西南交通大学,新闻传播学类（含传播学、广告学，包含广告学、传播学专业）,615,2251,
四川,西南交通大学,应用心理学,602,2972,
四川,西南交通大学,外国语言文学类（含英语、翻译、日语、德语、法语）,602,2972,
江苏,中国矿业大学,公共管理类（含行政管理、法学、汉语言文学、广播电视学）（办学地点：南湖校区）,591,3616,
江苏,中国矿业大学,外国语言文学类（含英语、德语）（办学地点：南湖校区）,589,3738,
湖北,武汉理工大学,金融学,623,1820,
湖北,武汉理工大学,新闻传播学类（含广告学、编辑出版学）,618,2098,
湖北,武汉理工大学,工商管理类（含工商管理、市场营销、会计学、财务管理、人力资源管理）,617,2152,
山东,中国海洋大学,国际经济与贸易,630,1485,
山东,中国海洋大学,法语,629,1531,
湖北,中国地质大学（武汉）,经济学类（含经济学、国际经济与贸易）,600,3075,
湖北,中国地质大学（武汉）,广播电视学,599,3135,
湖北,中国地质大学（武汉）,法学,598,3204,
湖北,中国地质大学（武汉）,英语,596,3323,
湖北,中国地质大学（武汉）,工商管理类（含市场营销、会计学、旅游管理、工商管理（双语教学班））,596,3323,
江苏,江南大学,金融学（办学地点：蠡湖校区）,603,2911,
江苏,江南大学,汉语言文学（办学地点：蠡湖校区）,603,2911,
江苏,河海大学,法语（办学地点：江宁校区）,609,2570,
江苏,河海大学,英语（办学地点：江宁校区）,607,2662,
江苏,河海大学,法学（办学地点：江宁校区）,605,2778,
江苏,河海大学,广播电视学（办学地点：江宁校区）,605,2778,
江苏,河海大学,会计学（办学地点：江宁校区）,604,2840,
江苏,南京师范大学,应用心理学（仙林校区）,629,1531,
江苏,南京师范大学,历史学类（含历史学（师范、非师范）、文物与博物馆学）（仙林校区）,626,1685,
江苏,南京师范大学,公共管理类（含公共事业管理、行政管理）（仙林校区）,625,1730,
北京,北京邮电大学,日语,641,1039,
北京,北京邮电大学,公共事业管理（办学地点：前三年在沙河校区，第四年将根据学校整体规划确定）,639,1120,
北京,北京邮电大学,英语,635,1271,
北京,北京邮电大学,法学（办学地点：前三年在沙河校区，第四年将根据学校整体规划确定）,634,1311,
北京,北京工业大学,工商管理（办学地点：第一年在通州校区，第二至四年在平乐园校区）,619,2036,
北京,北京工业大学,会计学（办学地点：第一年在通州校区，第二至四年在平乐园校区）,618,2098,
北京,北京工业大学,工业设计,616,2197,
北京,北京工业大学,广告学,615,2251,
北京,北京工业大学,法学（办学地点：第一年在通州校区，第二至四年在平乐园校区）,614,2309,
北京,北京工业大学,英语,613,2355,
北京,北京工业大学,社会学类（含社会学、社会工作）（办学地点：第一年在通州校区，第二至四年在平乐园校区）,613,2355,
北京,北京化工大学,公共管理类（含公共事业管理、行政管理）,629,1531,
北京,北京化工大学,国际经济与贸易,628,1582,
北京,北京化工大学,法学,627,1630,
北京,北京化工大学,工商管理类（含工商管理、会计学、财务管理）,627,1630,
山东,中国石油大学（华东）,会计学,594,3452,
湖北,中南财经政法大学,经济管理试验班（含经济学、会计学、经济与金融、工商管理，第一专业志愿填报，要求为我校进档考生中投档成绩位列所在生源省份同科类排名前30%的考生。经济管理试验班不接收调剂考生，不符合录取规则的不予录取）,637,1201,
湖北,中南财经政法大学,会计学,635,1271,
湖北,中南财经政法大学,工商管理类（含工商管理、市场营销、人力资源管理、电子商务、物流管理、旅游管理、农林经济管理）,635,1271,
湖北,中南财经政法大学,金融学类（含金融学、金融工程、投资学、保险学）,633,1360,
湖北,中南财经政法大学,财政学类（含财政学、税收学）,632,1396,
湖北,中南财经政法大学,法学类（民商法、涉外经贸、政府法制、刑事司法）（含法学）,632,1396,
湖北,中南财经政法大学,法语,630,1485,
湖北,中南财经政法大学,外国语言文学类（含英语、商务英语）,630,1485,
陕西,西北大学,金融学,623,1820,
重庆,西南大学,工商管理类（含工商管理、人力资源管理、会计学、旅游管理）,625,1730,
重庆,西南大学,经济学类（含经济学、金融学）,620,1978,
重庆,西南大学,应用心理学,618,2098,
北京,中国地质大学（北京）,英语（须加试外语口语，只招英语考生）（办学地点：校本部）,632,1396,
北京,中国地质大学（北京）,法学（办学地点：校本部）,629,1531,
陕西,陕西师范大学,中国语言文学类（含汉语言文学（基地班）、汉语言文学（创新实验班）、秘书学、汉语言文学（师范））,619,2036,
四川,西南财经大学,金融学（证券与期货）,639,1120,
四川,西南财经大学,保险学（财务与会计双语实验班）,638,1156,
四川,西南财经大学,工商管理（双语实验班）,638,1156,
四川,西南财经大学,法学（法学与会计学双学位班）,637,1201,
四川,西南财经大学,金融学（双语实验班）,635,1271,
四川,西南财经大学,金融学类（含金融学、金融工程、信用管理）,635,1271,
四川,西南财经大学,经济与贸易类（含国际商务（双语实验班）、国际经济与贸易（双语实验班））,634,1311,
四川,西南财经大学,会计学（双语实验班）,633,1360,
四川,西南财经大学,经济学（国家经济学基础人才培养基地班）,628,1582,
四川,西南财经大学,财务管理（双语实验班）,625,1730,
江苏,江苏大学,法学（办学地点：校本部）,582,4130,
江苏,江苏大学,金融学（办学地点：校本部）,581,4183,
江苏,江苏大学,会计学（办学地点：校本部）,580,4228,
江西,南昌大学,经济学,589,3738,
江西,南昌大学,新闻学,585,3979,
北京,华北电力大学,工商管理类（含会计学、财务管理、工商管理、人力资源管理、市场营销）,634,1311,
北京,华北电力大学,法学类（含法学）,631,1441,
北京,华北电力大学,公共管理类（含公共事业管理、行政管理、汉语言文学、广告学）,631,1441,
北京,华北电力大学,外国语言文学类（含英语、翻译）,631,1441,
北京,中国矿业大学（北京）,法学（办学地点：第一、二年在沙河校区，第三、四年在学院路校区）,625,1730,
北京,中国矿业大学（北京）,英语（只招英语考生）（办学地点：第一、二年在沙河校区，第三、四年在学院路校区）,624,1781,
北京,中国矿业大学（北京）,行政管理（办学地点：第一、二年在沙河校区，第三、四年在学院路校区）,623,1820,
北京,北京外国语大学,外交学,663,336,
北京,北京外国语大学,英语,661,382,
北京,北京外国语大学,德语,661,382,
北京,北京外国语大学,西班牙语,661,382,
北京,北京外国语大学,外交学（法语与法语国家研究）,661,382,
北京,北京外国语大学,德语（国际传播）,661,382,
北京,北京外国语大学,法语,660,412,
北京,北京外国语大学,法语（国际关系）,660,412,
北京,北京外国语大学,政治学与行政学（公共政策与国际组织）,656,511,
北京,北京外国语大学,汉语国际教育,656,511,
北京,北京外国语大学,新闻学,655,531,
北京,北京外国语大学,金融学,654,559,
北京,北京外国语大学,法学,654,559,
北京,北京外国语大学,汉语言文学,654,559,
北京,北京外国语大学,工商管理类（含会计学、财务管理、工商管理、国际商务、电子商务）,653,583,
北京,北京林业大学,英语（办学地点：校本部）,636,1237,
北京,北京林业大学,国际经济与贸易（办学地点：校本部）,632,1396,
北京,北京林业大学,法学（办学地点：校本部）,631,1441,
北京,北京林业大学,商务英语（办学地点：校本部）,631,1441,
北京,北京林业大学,工商管理类（含工商管理、会计学、市场营销、人力资源管理、物业管理，工商管理类按大类招生，大学期间前三个学期统一进行基础教学，第四学期开始按专业方向培养）（办学地点：校本部）,630,1485,
北京,北京林业大学,应用心理学（办学地点：校本部）,630,1485,
云南,云南大学,法学,593,3513,
辽宁,东北财经大学,金融学类（含金融学、金融工程、投资学、保险学，学生大学二年级依据个人意愿学习成绩、综合表现和学校相关规定在所录取专业类内确定专业）（办学地点：校本部）,628,1582,
辽宁,东北财经大学,会计学（国际会计）（按ACCA方向、CPA方向培养）（办学地点：校本部）,625,1730,
辽宁,东北财经大学,会计学（注册会计师方向和创新人才培养实验班）（按注册会计师方向、创新人才培养实验班培养）（办学地点：校本部）,625,1730,
辽宁,东北财经大学,工商管理类（含工商管理、市场营销、人力资源管理）（办学地点：校本部）,622,1865,
辽宁,东北财经大学,国际经济与贸易（办学地点：校本部）,619,2036,
辽宁,东北财经大学,财政学类（含财政学、税收学，学生大学二年级依据个人意愿、学习成绩、综合表现和学校相关规定在所录取专业类内确定专业）（办学地点：校本部）,614,2309,
辽宁,东北财经大学,工商管理类（含会计学、财务管理、资产评估）（办学地点：校本部）,613,2355,
北京,北京中医药大学,中医学（办学地点：良乡校区）,643,953,
北京,北京中医药大学,中医学（实验班）（办学地点：良乡校区）,643,953,
北京,北京中医药大学,针灸推拿学（办学地点：良乡校区）,637,1201,
北京,北京中医药大学,法学（医药卫生）（办学地点：良乡校区）,635,1271,
北京,北京中医药大学,英语（中医药国际传播）（办学地点：良乡校区）,629,1531,
北京,北京中医药大学,英语（医学）（办学地点：良乡校区）,628,1582,
湖南,湖南师范大学,汉语言文学（币范）,594,3452,
湖南,湖南师范大学,汉语国际教育（师范）,593,3513,
湖南,湖南师范大学,法学,592,3562,
湖南,湖南师范大学,政治学与行政学,590,3680,
湖南,湖南师范大学,旅游管理,590,3680,
湖南,湖南师范大学,会展经济与管理,590,3680,
湖南,湖南师范大学,行政管理,588,3790,
湖南,湖南师范大学,酒店管理,588,3790,
北京,中国传媒大学,广告学（办学地点：校本部）,650,686,
北京,中国传媒大学,广告学（数字营销）（办学地点：校本部）,650,686,
北京,中国传媒大学,网络与新媒体（媒体创意）（办学地点：校本部）,648,745,
北京,中国传媒大学,网络与新媒体（智能融媒体运营）（办学地点：校本部）,648,745,
北京,中国传媒大学,新闻学（办学地点：校本部）,646,830,
北京,中国传媒大学,传播学（办学地点：校本部）,646,830,
北京,中国传媒大学,翻译,644,904,
北京,中国传媒大学,行政管理（智慧城市治理）（办学地点：校本部）,644,904,
北京,中国传媒大学,汉语言文学（办学地点：校本部）,644,904,
北京,中国传媒大学,文化产业管理（制片管理、公共文化与创意设计）（办学地点：校本部）,643,953,
北京,中国传媒大学,汉语国际教育（办学地点：校本部）,643,953,
北京,中国传媒大学,新闻传播学类（含传播学）（办学地点：校本部）（中外合作办学）,640,1083,
安徽,安徽大学,经济学类,605,2778,
上海,上海外国语大学,法语（办学地点：松江校区）,652,611,
上海,上海外国语大学,德语（办学地点：松江校区）,651,639,
上海,上海外国语大学,国际经济与贸易（办学地点：松江校区）,647,783,
上海,上海外国语大学,新闻传播学类（卓越国际新闻传播人才计划）（含新闻学（国际新闻）、广播电视学、广告学、网络与新媒体）（办学地点：松江校区）,646,830,
上海,上海外国语大学,国际政治（办学地点：松江校区）,645,868,
上海,上海外国语大学,翻译（办学地点：松江校区）,645,868,
江苏,中国药科大学,经济管理试验班（医药方向）（含国际经济与贸易、工商管理、市场营销、经济学）,593,3513,
江苏,中国药科大学,英语（医药方向）,591,3616,
北京,中央民族大学,汉语言文学（办学地点：校本部）,641,1039,
北京,中央民族大学,法学类（含法学、法学（法学与英语））（办学地点：校本部）,640,1083,
北京,中央民族大学,经济学类（含经济学、财政学、金融学、国际经济与贸易）（办学地点：校本部）,639,1120,
北京,中央民族大学,文物与博物馆学（办学地点：校本部）,639,1120,
北京,中央民族大学,历史学类（含历史学（基地班）、历史学（中国与周边国家关系史实验班））（办学地点：校本部）,639,1120,
北京,中央民族大学,民族学（办学地点：校本部）,638,1156,
北京,中央民族大学,新闻传播学类（含新闻学、广告学）（办学地点：校本部）,638,1156,
北京,中央民族大学,哲学类（含哲学、宗教学）（办学地点：校本部）,637,1201,
北京,中央民族大学,汉语国际教育（办学地点：校本部）,637,1201,
北京,中央民族大学,外国语言文学类（含英语、翻译）,637,1201,
湖南,湘潭大学,法学,579,4282,
湖南,湘潭大学,汉语言文学,579,4282,
湖南,湘潭大学,金融学,579,4282,
辽宁,大连海事大学,法学,601,3025,
辽宁,大连海事大学,英语,598,3204,
辽宁,大连海事大学,社会工作,595,3384,
黑龙江,东北林业大学,法学（办学地点：校本部）,583,4084,
黑龙江,东北林业大学,广告学（办学地点：校本部）,581,4183,
内蒙古,内蒙古大学,法学（办学地点：南校区）,604,2840,
内蒙古,内蒙古大学,历史学（办学地点：南校区）,588,3790,
内蒙古,内蒙古大学,哲学（办学地点：南校区）,586,3913,
内蒙古,内蒙古大学,旅游管理（办学地点：南校区）,579,4282,
内蒙古,内蒙古大学,编辑出版学（办学地点：南校区）,578,4328,
内蒙古,内蒙古大学,英语（办学地点：南校区）,578,4328,
北京,外交学院,法学,632,1396,
北京,外交学院,西班牙语,629,1531,
北京,外交学院,外交学,627,1630,
北京,外交学院,金融学,627,1630,
北京,外交学院,法语,625,1730,
北京,外交学院,国际经济与贸易,625,1730,
北京,外交学院,翻译,624,1781,
北京,外交学院,英语,623,1820,
北京,外交学院,日语,622,1865,
辽宁,辽宁大学,经济学类（含经济学、经济统计学、国民经济管理）（办学地点：沈阳蒲河校区）,604,2840,
辽宁,辽宁大学,金融学类（含金融学、保险学）（办学地点：沈阳蒲河校区）,592,3562,
辽宁,辽宁大学,国际政治（办学地点：沈阳蒲河校区）,592,3562,
海南,海南大学,金融学,592,3562,
海南,海南大学,国际经济与贸易,589,3738,
上海,华东政法大学,法学类（卓越人才实验班）（含法学（本硕贯通卓越法律人才实验班）、法学（沪港交流涉外卓越法律人才实验班）、法学（涉外卓越国际金融法律人才实验班）、法学（涉外卓越商事法律人才实验班）、法学（卓越律师人才实验班））（办学地点：松江校区）,637,1201,
上海,华东政法大学,法学类（含法学（民商法律）、法学（刑事法律）、法学（经济法）、法学（国际经济法）、法学（国际金融法）、法学（刑事司法）、法学（网络与信息法）、法学（英国利兹大学双学位项目班））（办学地点：松江校区）,633,1360,
上海,华东政法大学,新闻传播学类（含新闻学（法制新闻）、新闻学（卓越人才实验班）、文化产业管理、汉语言文学）（办学地点：松江校区）,631,1441,
北京,北京建筑大学,建筑学（大师实验班）,629,-,
北京,北京建筑大学,建筑学（城市设计方向）,604,-,
北京,北京建筑大学,建筑学,603,-,
北京,北京建筑大学,历史建筑保护工程,597,-,
北京,北京建筑大学,风景园林,596,-,
北京,北京建筑大学,城乡规划,595,-,
北京,北京建筑大学,设计学类,594,-,
北京,北京建筑大学,城市管理（实验班）,592,-,
重庆,西南政法大学,法学,627,1630,
重庆,西南政法大学,工商管理类（含会计学、审计学、工商管理、市场营销、劳动关系、电子商务及法律）,626,1685,
重庆,西南政法大学,新闻传播学类（含新闻学、广播电视学、传播学、网络与新媒体）,626,1685,
北京,北京语言大学,国际事务与国际关系,638,1156,
北京,北京语言大学,汉语言文学,636,1237,
北京,北京语言大学,国际政治,636,1237,
北京,北京语言大学,新闻学（国际新闻传播）,636,1237,
北京,北京语言大学,汉语国际教育,635,1271,
北京,北京语言大学,会计学,630,1485,
北京,北京语言大学,英语,629,1531,
北京,北京语言大学,国际经济与贸易,629,1531,
北京,北京语言大学,英语（英西复语）,629,1531,
北京,北京语言大学,人力资源管理,628,1582,
北京,北京语言大学,金融学,623,1820,
北京,北京语言大学,金融学（宏观经济核算与分析）,623,1820,
吉林,延边大学,朝鲜语（招汉语答卷非朝鲜族考生，办学地点：校本部）,576,4476,
天津,天津财经大学,金融学类（含金融学、金融学（国际金融）、金融工程、保险学、投资学、信用管理）（办学地点：校本部）,619,2036,
天津,天津财经大学,会计学（注册会计师）（办学地点：校本部）,615,2251,
天津,天津财经大学,会计学（办学地点：校本部）,615,2251,
江苏,西交利物浦大学,建筑类（含建筑学、城乡规划、土木工程）（学费八万八-学年，专业课纯英文授课）（中外合作办学）,622,1865,
江苏,西交利物浦大学,数学类（含金融数学、精算学、数学与应用数学、数据科学与大数据技术）（学费八万八-学年，专业课纯英文授课）（中外合作办学）,613,2355,
江苏,西交利物浦大学,外国语言文学类（含国际事务与国际关系、汉语国际教育、英语、广播电视学、传播学、影视摄影与制作、数字媒体艺术、艺术与科技）（中外合作办学）,609,2570,
江苏,西交利物浦大学,工商管理类（含经济学、经济与金融、信息管理与信息系统、工商管理、市场营销、会计学、国际商务、人力资源管理、供应链管理）（学费八万八-学年，专业课纯英文授课）（中外合作办学）,609,2570,
广东,北京师范大学-香港浸会大学联合国际学院,工商管理类（按大类招生，包含财务管理、人力资源管理、市场营销、工商管理、文化产业管理专业其中，工商管理专业培养创业与创新管理方向，文化产业管理专业培养文化创意与管理方向）（中外合作办学）,605,2778,
广东,北京师范大学-香港浸会大学联合国际学院,新闻传播学类（按大类招生，包含广告学、传播学专业其中，广告学专业培养公共关系与广告学方向）（中外合作办学）,592,3562,
北京,北京第二外国语学院,西班牙语,625,1730,
北京,北京第二外国语学院,德语,623,1820,
北京,北京第二外国语学院,翻译（对外文化传播）,623,1820,
北京,北京第二外国语学院,法语,622,1865,
北京,北京第二外国语学院,日语（同声传译）,614,2309,
北京,北京第二外国语学院,日语（人文交流）,614,2309,
北京,北京第二外国语学院,日语（动漫文创）,614,2309,
北京,北京第二外国语学院,英语,603,2911,
北京,北京第二外国语学院,商务英语,601,3025,
北京,北京第二外国语学院,国际事务与国际关系,600,3075,
北京,北京第二外国语学院,旅游管理,598,3204,
北京,北京第二外国语学院,新闻学（国际新闻）,598,3204,
北京,北京第二外国语学院,金融学（国际金融）,597,3269,
北京,北京第二外国语学院,汉语国际教育,596,3323,
北京,北京第二外国语学院,汉语言文学,595,3384,
北京,北京第二外国语学院,酒店管理,595,3384,
北京,北京第二外国语学院,国际经济与贸易（国际服务贸易）,595,3384,
北京,北京第二外国语学院,会展经济与管理,594,3452,
北京,北京第二外国语学院,贸易经济（国际文化贸易）,594,3452,
北京,北京第二外国语学院,人文地理与城乡规划（旅游规划与开发）,594,3452,
北京,北京第二外国语学院,财务管理（投资战略与财务云）,594,3452,
北京,北京第二外国语学院,市场营销（新媒体营销）,594,3452,
北京,北京第二外国语学院,财务管理（资本量化分析）,594,3452,
北京,北京第二外国语学院,市场营销（大数据应用）,594,3452,
山东,山东大学（威海）,工商管理类,626,1685,
河北,东北大学秦皇岛分校,外国语言文学类（只招英语、日语考生，含英语、日语）,590,3680,
河北,东北大学秦皇岛分校,工商管理类（含信息管理与信息系统、工商管理、会计学、行政管理、健康服务与管理、电子商务）,590,3680,
河北,华北电力大学保定校区,工商管理类（含会计学、工商管理）,598,3204,
河北,华北电力大学保定校区,公共管理类（含公共事业管理、社会工作）,595,3384,
河北,华北电力大学保定校区,法学类（含法学）,594,3452,
河北,华北电力大学保定校区,外国语言文学类（只招英语考生，含英语、翻译）,594,3452,
北京,北京电影学院,文化产业管理,637,1201,
上海,上海戏剧学院,艺术管理（办学地点：浦江校区）,615,2251,
北京,中国社会科学院大学,历史学（办学地点：主校区）,655,531,
北京,中国社会科学院大学,英语,647,783,
北京,中国社会科学院大学,法语,646,830,
北京,中国社会科学院大学,汉语言文学（办学地点：主校区）,645,868,
北京,中国社会科学院大学,新闻传播学类（含新闻学、广播电视学）（办学地点：主校区）,645,868,
北京,中国社会科学院大学,社会学（办学地点：主校区）,644,904,
北京,中国社会科学院大学,法学（办学地点：主校区）,643,953,
北京,中国戏曲学院,文化产业管理（办学地点：校本部）,599,3135,
