﻿省份,学校名称,专业,最低录取分,最低录取名次,选课要求
江苏,扬州大学,外国语言文学类（含英语（师范）、翻译、商务英语）,575,4528,
江苏,扬州大学,中国语言文学类（含汉语国际教育、汉语言文学（师范））,572,4725,
江苏,扬州大学,广播电视学,569,4882,
江苏,扬州大学,思想政治教育（师范）,564,5180,
江苏,南京工业大学,工商管理类（含工商管理、市场营销、会计学、人力资源管理，办学地点：江浦校区）,552,5828,
浙江,宁波大学,英语（办学地点：主校区）,571,4778,
浙江,宁波大学,工商管理（中加学分互认）,566,5062,
浙江,宁波大学,日语（办学地点：主校区）,565,5122,
北京,北京中医药大学,护理学（办学地点：良乡校区）,555,5655,
浙江,杭州电子科技大学,汉语国际教育（办学地点：下沙校区）,562,5290,
浙江,杭州电子科技大学,会计学（按会计学类培养）（含会计学、财务管理、审计学）（办学地点：下沙校区）,562,5290,
河南,河南大学,中国语言文学类（师范）（含汉语言文学、汉语国际教育）,565,5122,
河南,河南大学,英语（师范）,557,5546,
河南,河南大学,教育学类（师范）（含教育学、教育技术学）,557,5546,
浙江,浙江师范大学,学前教育（师范）（办学地点：杭州校区）,553,5782,
山东,山东师范大学,中国语言文学类（含汉语言文学（师范类）、汉语言、秘书学）,586,3913,
山东,山东师范大学,历史学类（含历史学（师范类）、世界史）,572,4725,
山东,山东师范大学,汉语国际教育（师范）,568,4951,
山东,青岛大学,金融学类（含财政学、金融学）,572,4725,
山东,青岛大学,经济学类（含经济学、经济统计学、国际经济与贸易）,567,5007,
山西,山西大学,哲学类（含哲学、伦理学）（办学地点：坞城校区）,568,4951,
山西,山西大学,汉语言文学（办学地点：坞城校区）,567,5007,
山西,山西大学,英语（办学地点：坞城校区）,560,5403,
山西,山西大学,法学（办学地点：坞城校区）,559,5451,
浙江,浙江理工大学,工商管理类（含会计学、工商管理、人力资源管理）（办学地点：下沙校区）,574,4593,
浙江,浙江理工大学,新闻传播学类（含汉语言文学、传播学）（办学地点：下沙校区）,568,4951,
浙江,浙江理工大学,经济与贸易类（含经济学、金融学、经济统计学、国际经济与贸易）（办学地点：下沙校区）,563,5238,
江西,江西师范大学,会计学,538,6637,
江西,江西财经大学,会计学（CIMA方向）（特许管理会计师）,586,3913,
江西,江西财经大学,金融学类（含金融学、保险学、金融工程）,582,4130,
江西,江西财经大学,金融学（CFA方向）（本科教学实验班，注册金融分析师）,580,4228,
江西,江西财经大学,法学类（含法学、法学（法务会计））,573,4660,
江西,江西财经大学,会计学（国际会计）（本科教学实验班）,572,4725,
河北,河北大学,中国语言文学类（含汉语言文学、汉语国际教育、古典文献学）（办学地点：新校区）,575,4528,
河北,河北大学,新闻传播学类（含新闻学、广播电视学、编辑出版学）（办学地点：新校区）,571,4778,
山东,山东科技大学,国际经济与贸易,542,6431,
山东,山东科技大学,金融学,540,6540,
安徽,安徽师范大学,中国语言文学类（含汉语国际教育、秘书学、戏剧影视文学、汉语言文学（师范））,552,5828,
安徽,安徽师范大学,学前教育（师范）,544,6311,
安徽,安徽师范大学,新闻传播学类（含新闻学、广告学、网络与新媒体）,542,6431,
河南,河南师范大学,汉语言文学（师范）,530,7129,
河南,河南师范大学,工商管理类（含工商管理、市场营销）,521,7632,
浙江,中国计量大学,标准化工程,569,4882,
浙江,中国计量大学,汉语言文学,547,6128,
北京,北京建筑大学,工商管理,565,5122,
北京,北京建筑大学,法学,562,5290,
北京,北京建筑大学,社会工作,561,5347,
北京,首都经济贸易大学,金融学（国际金融英文班）（英文授课）（办学地点：校本部）,625,1730,
北京,首都经济贸易大学,会计学（注册会计师专门化）（办学地点：校本部）,619,2036,
北京,首都经济贸易大学,会计学（办学地点：校本部）,612,2402,
北京,首都经济贸易大学,经济学（办学地点：校本部）,611,2458,
北京,首都经济贸易大学,财务管理（办学地点：校本部）,610,2517,
北京,首都经济贸易大学,税收学（税务师）（办学地点：校本部）,607,2662,
北京,首都经济贸易大学,资产评估（评估师）（办学地点：校本部）,603,2911,
北京,首都经济贸易大学,财政学（办学地点：校本部）,602,2972,
北京,首都经济贸易大学,经济与贸易类（按大类招生，含国际经济与贸易、贸易经济）（办学地点：校本部）,601,3025,
北京,首都经济贸易大学,公共管理类（按大类招生，含行政管理、公共事业管理、土地资源管理、城市管理、城市管理（区域经济管理））（办学地点：校本部）,598,3204,
北京,首都经济贸易大学,工商管理类（工商学院）（按大类招生，含工商管理、市场营销、电子商务、物流管理、旅游管理）（办学地点：校本部）,598,3204,
北京,首都经济贸易大学,工商管理类（劳经学院）（按大类招生，含人力资源管理、劳动与社会保障、劳动关系、社会工作）（办学地点：校本部）,598,3204,
北京,首都经济贸易大学,工商管理（国际会计）（英文授课）（办学地点：校本部）,581,4183,
北京,首都经济贸易大学,法语,577,4403,
北京,首都经济贸易大学,信息管理与信息系统（金融信息管理）（办学地点：校本部）,577,4403,
北京,首都经济贸易大学,商务英语,576,4476,
北京,首都经济贸易大学,法学（办学地点：校本部）,576,4476,
北京,首都经济贸易大学,广告学（办学地点：校本部）,576,4476,
北京,首都经济贸易大学,传播学（办学地点：校本部）,576,4476,
福建,华侨大学,汉语国际教育,570,4825,
福建,华侨大学,经济学类（含经济学、国际经济与贸易、电子商务）,567,5007,
黑龙江,黑龙江大学,新闻学,547,6128,
山东,山东农业大学,经济学类,522,7585,
浙江,浙江工商大学,法学类（含法学、知识产权）,577,4403,
浙江,浙江工商大学,新闻传播学类（含广告学、新闻学、编辑出版学）,571,4778,
浙江,浙江工商大学,汉语言文学,570,4825,
河南,河南农业大学,国际经济与贸易,509,8292,
山东,济南大学,经济学类（含经济学、国际经济与贸易、金融学、投资学）,564,5180,
山东,济南大学,新闻传播学类（含广播电视学、广告学）,561,5347,
江苏,江苏科技大学,英语,525,7425,
天津,天津师范大学,世界史,585,3979,
天津,天津师范大学,文物与博物馆学,581,4183,
天津,天津师范大学,新闻学,580,4228,
天津,天津师范大学,法学,576,4476,
安徽,安徽农业大学,茶学（茶文化与贸易）,509,8292,
安徽,安徽农业大学,社会工作,503,8641,
浙江,浙江农林大学,英语,535,6818,
浙江,浙江农林大学,会计学,531,7067,
浙江,浙江农林大学,文化产业管理（茶文化）,528,7243,
辽宁,辽宁师范大学,行政管理（办学地点：黄河路校区）,525,7425,
甘肃,西北师范大学,汉语言文学（卓越教师培养计划）（师范）,558,5501,
甘肃,西北师范大学,历史学（师范）,553,5782,
湖北,武汉工程大学,工商管理类（含工商管理、市场营销、会计学、财务管理、信息管理与信息系统、电子商务、公共事业管理、行政管理）,535,6818,
河北,河北师范大学,中国语言文学类（含汉语言文学（师范）、汉语言）（办学地点：石家庄）,568,4951,
江苏,南京财经大学,财政学（仙林校区）,569,4882,
江苏,南京财经大学,英语（仙林校区）,568,4951,
湖南,湖南农业大学,工商管理,515,7992,
上海,上海体育学院,新闻学（办学地点：校本部）,527,7298,
北京,北京工商大学,会计学（智能会计）（办学地点：良乡校区）,593,3513,
北京,北京工商大学,会计学（注册会计师）（办学地点：良乡校区）,593,3513,
北京,北京工商大学,外国语言文学类,587,3855,
北京,北京工商大学,法学（办学地点：良乡校区）,584,4043,
北京,北京工商大学,新闻传播学类（含新闻学、广告学）（办学地点：良乡校区）,584,4043,
北京,北京工商大学,财务管理（办学地点：良乡校区）,574,4593,
广西,广西师范大学,历史学（师范）,549,6015,
广西,广西师范大学,汉语言文学（师范）,547,6128,
湖北,三峡大学,工商管理类,523,7527,
浙江,浙江财经大学,电子商务,558,5501,
浙江,浙江财经大学,劳动与社会保障,546,6186,
四川,成都理工大学,工商管理类（中外合作办学）（会计学）,534,6888,
湖北,长江大学,历史学（师范类）,539,6540,
河南,河南理工大学,金融学,509,8292,
河南,河南理工大学,工商管理类（含工商管理、市场营销、人力资源管理）,507,8422,
北京,北方工业大学,国际经济与贸易（国际化培养班）,570,4825,
北京,北方工业大学,国际经济与贸易（专业教学背景为英语）（办学地点：校本部）,570,4825,
北京,北方工业大学,广告学（办学地点：校本部）,568,4951,
北京,北方工业大学,日语,567,5007,
北京,北方工业大学,汉语言文学（办学地点：校本部）,567,5007,
北京,北方工业大学,英语,566,5062,
江西,江西理工大学,法学,510,8237,
江西,江西理工大学,金融学,510,8237,
福建,集美大学,金融学,568,4951,
福建,集美大学,汉语国际教育（师范）,550,5953,
江西,南昌航空大学,经济学（金融与投资）,520,7698,
江西,南昌航空大学,新闻学,515,7992,
江西,南昌航空大学,会计学,514,8042,
山东,山东财经大学,财政学,548,6077,
上海,上海电力大学,日语（办学地点：浦东校区）,550,5953,
上海,上海电力大学,英语（办学地点：浦东校区）,547,6128,
山西,中北大学,法学,531,7067,
山西,中北大学,广播电视学,526,7373,
湖南,湖南科技大学,会计学,591,3616,
湖南,湖南科技大学,国际经济与贸易,585,3979,
湖南,湖南科技大学,经济学,577,4403,
湖南,湖南科技大学,法学,542,6431,
湖南,湖南科技大学,汉语国际教育,536,6747,
湖南,湖南科技大学,市场营销,524,7465,
河南,河南工业大学,财务管理,517,7877,
河南,河南工业大学,人力资源管理,513,8082,
河南,河南工业大学,翻译,511,8175,
河南,河南工业大学,市场营销,510,8237,
江苏,南京审计大学,审计学（办学地点：校本部）,615,2251,
江苏,南京审计大学,金融学（办学地点：校本部）,606,2727,
湖北,中南民族大学,法学类（含法学、知识产权）,544,6311,
湖北,中南民族大学,工商管理类（含工商管理、市场营销、人力资源管理、会计学、财务管理、旅游管理）,539,6585,
天津,天津科技大学,国际经济与贸易（办学地点：主校区）,565,5122,
天津,天津科技大学,法学类（含法学、知识产权）（办学地点：主校区）,563,5238,
天津,天津科技大学,翻译（办学地点：主校区）,562,5290,
天津,天津科技大学,日语（公共外语为日语（零起点））,560,5403,
天津,天津科技大学,汉语国际教育（办学地点：主校区）,560,5403,
湖南,南华大学,工商管理类,488,9446,
内蒙古,内蒙古农业大学,法学（办学地点：校本部）,509,8292,
北京,北京信息科技大学,网络与新媒体,566,5062,
北京,北京信息科技大学,传播学,565,5122,
北京,北京信息科技大学,人力资源管理,560,5403,
北京,北京信息科技大学,国际经济与贸易,560,5403,
北京,北京信息科技大学,行政管理,557,5546,
北京,北京信息科技大学,英语,556,5600,
北京,北京信息科技大学,市场营销,556,5600,
北京,北京信息科技大学,市场营销（品牌管理）,556,5600,
四川,西南科技大学,西班牙语,525,7425,
四川,西南科技大学,工商管理类（含工商管理、市场营销、会计学）,513,8082,
山东,烟台大学,法学,551,5895,
重庆,重庆师范大学,历史学（师范）,555,5655,
江西,江西农业大学,工商管理,527,7298,
山东,鲁东大学,历史学（师范）,537,6692,
江西,东华理工大学,工商管理类,514,8042,
甘肃,兰州理工大学,会计学,510,8237,
山东,青岛农业大学,知识产权,524,7465,
河南,郑州轻工业大学,朝鲜语,506,8476,
河南,华北水利水电大学,市场营销,494,9150,
湖南,中南林业科技大学,日语,510,8237,
安徽,安徽财经大学,金融学,562,5290,
安徽,安徽财经大学,会计学,551,5895,
广西,桂林电子科技大学,工商管理类（含市场营销、人力资源管理）,512,8134,
广西,桂林电子科技大学,英语,510,8237,
山西,山西农业大学,国际经济与贸易,518,7803,
山西,山西农业大学,英语,513,8082,
北京,北京农学院,农林经济管理（办学地点：校本部）,533,6945,
北京,北京农学院,会计学（办学地点：校本部）,533,6945,
北京,北京农学院,法学（办学地点：校本部）,533,6945,
北京,北京农学院,国际经济与贸易（办学地点：校本部）,532,7001,
北京,北京农学院,旅游管理（生态旅游）（办学地点：校本部）,532,7001,
北京,北京农学院,工商管理（办学地点：校本部）,531,7067,
北京,北京农学院,市场营销（办学地点：校本部）,528,7243,
北京,北京农学院,社会工作（办学地点：校本部）,528,7243,
北京,北京农学院,农村区域发展（规划）（办学地点：校本部）,528,7243,
北京,北京农学院,会展经济与管理（策划与设计）（办学地点：校本部）,527,7298,
北京,北京印刷学院,编辑出版学（办学地点：北校区）,576,4476,
北京,北京印刷学院,新闻学（办学地点：北校区）,556,5600,
北京,北京印刷学院,传播学（国际出版）,553,5782,
北京,北京印刷学院,网络与新媒体（办学地点：主校区）,552,5828,
北京,北京印刷学院,数字出版（办学地点：北校区）,550,5953,
北京,北京印刷学院,文化产业管理（办学地点：西校区）,548,6077,
北京,北京印刷学院,广告学（办学地点：北校区）,546,6186,
北京,北京印刷学院,市场营销（出版营销）（办学地点：西校区）,545,6253,
北京,北京印刷学院,财务管理（办学地点：西校区）,545,6253,
河南,河南中医药大学,中医学,561,5347,
安徽,安徽建筑大学,财务管理,508,8367,
安徽,安徽建筑大学,会计学,502,8703,
四川,西华师范大学,网络与新媒体,492,9201,
海南,海南师范大学,汉语国际教育,511,8175,
四川,成都信息工程大学,人力资源管理,538,6637,
四川,成都信息工程大学,国际经济与贸易,535,6818,
四川,成都信息工程大学,会计学,534,6888,
河南,中原工学院,市场营销（中外合作办学）,497,8981,
山东,山东建筑大学,会计学,519,7747,
山西,山西师范大学,编辑出版学（办学地点：校本部）,531,7067,
山西,山西师范大学,社会学（办学地点：校本部）,517,7877,
陕西,西安石油大学,工商管理类,525,7425,
辽宁,大连交通大学,工商管理类（含工商管理、会计学，办学地点：旅顺口校区）,514,8042,
辽宁,大连大学,汉语言文学,554,5715,
辽宁,大连大学,日语,549,6015,
辽宁,大连大学,工商管理类（含工商管理、市场营销、会计学）,546,6186,
陕西,西北政法大学,法学（民商法）,607,2662,
陕西,西北政法大学,法学（经济法）,589,3738,
陕西,西北政法大学,法学（刑事法）,583,4084,
陕西,西北政法大学,法学（反恐怖主义法）,582,4130,
陕西,西北政法大学,英语,579,4282,
河北,华北理工大学,金融学（办学地点：主校区）,525,7425,
河北,华北理工大学,工商管理（办学地点：主校区）,520,7698,
天津,中国民航大学,英语（民航外语）,585,3979,
辽宁,渤海大学,金融学（办学地点：松山校区）,514,8042,
四川,西南民族大学,应用心理学,531,7067,
四川,西南民族大学,财政学,527,7298,
北京,北京联合大学,西班牙语-2,547,6128,
北京,北京联合大学,酒店管理（全英语教学实验班）（办学地点：北四环校区）,536,6747,
北京,北京联合大学,英语（国际班）,536,6747,
北京,北京联合大学,英语（办学地点：北四环校区）,536,6747,
北京,北京联合大学,国际经济与贸易（全英语教学实验班）（办学地点：红领巾桥校区）,531,7067,
北京,北京联合大学,财务管理（办学地点：北四环校区）,530,7129,
北京,北京联合大学,电子商务（办学地点：北四环校区）,526,7373,
北京,北京联合大学,网络与新媒体（办学地点：学院路校区）,526,7373,
北京,北京联合大学,新闻学（办学地点：学院路校区）,526,7373,
北京,北京联合大学,会计学（国际会计）（办学地点：红领巾桥校区）,524,7465,
北京,北京联合大学,历史学（文遗保护与利用）（办学地点：学院路校区）,523,7527,
北京,北京联合大学,文物与博物馆学（办学地点：学院路校区）,523,7527,
北京,北京联合大学,工商管理（办学地点：北四环校区）,522,7585,
北京,北京联合大学,旅游管理（办学地点：北四环校区）,522,7585,
北京,北京联合大学,工商管理类（含工商管理、会计学、财务管理、工商管理（影视制片管理））（办学地点：北四环校区）,522,7585,
北京,北京联合大学,人力资源管理（办学地点：垈头校区，4）,522,7585,
北京,北京联合大学,新闻学（影视传播）（办学地点：学院路校区）,522,7585,
北京,北京联合大学,工商管理（影视制片管理）（办学地点：北四环校区）,521,7632,
北京,北京联合大学,酒店管理（国际班）（办学地点：北四环校区）,521,7632,
北京,北京联合大学,烹饪与营养教育（2）（办学地点：北四环校区）,521,7632,
北京,北京联合大学,国际经济与贸易（办学地点：红领巾桥校区）,521,7632,
北京,北京联合大学,会展经济与管理,519,7747,
北京,北京联合大学,会展经济与管理（体育休闲与赛事管理）（办学地点：北四环校区）,519,7747,
北京,北京联合大学,金融学（办学地点：红领巾桥校区）,519,7747,
北京,北京联合大学,档案学（信息开发）（办学地点：学院路校区）,519,7747,
北京,北京联合大学,人文地理与城乡规划（2）（办学地点：学院路校区）,519,7747,
北京,北京联合大学,地理信息科学（2）（办学地点：学院路校区）,519,7747,
北京,北京联合大学,日语（国际班）,519,7747,
北京,北京联合大学,日语（-2）,519,7747,
北京,北京联合大学,国际商务（办学地点：红领巾桥校区）,518,7803,
北京,北京联合大学,信息管理与信息系统（办学地点：红领巾桥校区）,518,7803,
北京,北京联合大学,市场营销（办学地点：红领巾桥校区，4）,518,7803,
北京,北京联合大学,特殊教育（师范）（2）（办学地点：蒲黄榆校区）,518,7803,
北京,北京联合大学,教育康复学（师范）（办学地点：蒲黄榆校区）,518,7803,
陕西,西安工业大学,网络与新媒体,518,7803,
辽宁,大连外国语大学,日语,580,4228,
辽宁,大连外国语大学,德语,575,4528,
辽宁,大连外国语大学,西班牙语,573,4660,
辽宁,大连外国语大学,国际事务与国际关系,573,4660,
辽宁,大连外国语大学,英语,572,4725,
辽宁,大连外国语大学,汉语国际教育（部分专业课程用英语授课，非英语语种考生慎重报考）（办学地点：校本部）,572,4725,
重庆,重庆工商大学,旅游管理类（含旅游管理、酒店管理）,549,6015,
重庆,重庆工商大学,财政学类（含财政学、税收学）,543,6368,
吉林,吉林师范大学,英语（师范）（办学地点：四平校区）,552,5828,
吉林,吉林师范大学,汉语言文学（范）（办学地点：四平校区）,542,6431,
四川,西华大学,健康服务与管理,523,7465,
四川,西华大学,知识产权,514,7992,
北京,北京石油化工学院,会计学（注册会计师）,544,6311,
北京,北京石油化工学院,人力资源管理,543,6368,
北京,北京石油化工学院,物流管理,541,6480,
北京,北京石油化工学院,国际经济与贸易,540,6540,
北京,北京石油化工学院,旅游管理类（含旅游管理、会展经济与管理）,539,6585,
北京,北京石油化工学院,市场营销,538,6637,
山西,山西财经大学,新闻学（办学地点：坞城校区，0）,542,6431,
山西,山西财经大学,市场营销（办学地点：迎泽校区）,539,6585,
山西,山西财经大学,税收学（办学地点：迎泽校区）,538,6637,
江西,南昌工程学院,审计学,498,8922,
吉林,北华大学,汉语言文学（师范）（含师范类，办学地点：南校区）,528,7243,
北京,北京物资学院,会计学（注册会计师）（办学地点：校本部）,578,4328,
北京,北京物资学院,会计学（管理会计）（办学地点：校本部）,577,4403,
北京,北京物资学院,财务管理（办学地点：校本部）,563,5238,
北京,北京物资学院,经济学（办学地点：校本部）,560,5403,
北京,北京物资学院,法学（办学地点：校本部）,553,5782,
北京,北京物资学院,国际经济与贸易（办学地点：校本部）,552,5828,
北京,北京物资学院,商务英语,551,5895,
北京,北京物资学院,物流管理与工程类（含物流管理、物流工程、采购管理、供应链管理）（办学地点：校本部）,551,5895,
北京,北京物资学院,工商管理类（含工商管理、市场营销、人力资源管理）（办学地点：校本部）,551,5895,
天津,天津外国语大学,日语（办学地点：五大道校区）,603,2911,
天津,天津外国语大学,德语（办学地点：五大道校区）,593,3513,
天津,天津外国语大学,阿拉伯语（办学地点：五大道校区）,587,3855,
天津,天津外国语大学,汉语国际教育（办学地点：五大道校区）,584,4043,
湖南,湖南理工学院,朝鲜语,508,8367,
湖南,湖南理工学院,法学,507,8422,
湖南,湖南理工学院,汉语言文学,506,8476,
广东,广东海洋大学,工商管理,516,7940,
广东,广东海洋大学,国际经济与贸易,512,8134,
重庆,四川外国语大学,英语,567,5007,
重庆,四川外国语大学,商务英语,567,5007,
江西,井冈山大学,会计学,497,8981,
江苏,盐城师范学院,法学（办学地点：校本部）,502,8703,
陕西,西安外国语大学,法语,584,4043,
陕西,西安外国语大学,英语,576,4476,
陕西,西安外国语大学,俄语,574,4593,
河南,河南财经政法大学,经济与贸易类（含国际经济与贸易、贸易经济）,524,7465,
江苏,江苏海洋大学,会计学（办学地点：通灌校区）,511,8175,
江苏,江苏海洋大学,日语（办学地点：通灌校区）,509,8292,
江苏,江苏海洋大学,财务管理（办学地点：通灌校区）,508,8367,
江苏,江苏海洋大学,英语（办学地点：通灌校区）,508,8367,
吉林,长春师范大学,旅游管理类（中外合作办学）（旅游管理）,512,8134,
吉林,吉林财经大学,财政学（办学地点：校本部）,543,6368,
吉林,吉林财经大学,税收学（办学地点：校本部）,542,6431,
内蒙古,内蒙古科技大学,工商管理,513,8082,
四川,四川轻化工大学,投资学,540,6540,
黑龙江,哈尔滨商业大学,工商管理类（含会计学会计学院、财务管理、审计学，办学地点：北校区）,525,7425,
天津,天津商业大学,酒店管理（中美合作）,517,7877,
黑龙江,齐齐哈尔大学,国际经济与贸易（办学地点：校本部）,514,8042,
河南,南阳师范学院,英语（师范）,506,8476,
湖南,湖南工商大学,会计学,541,6480,
湖南,长沙学院,财务管理,504,8589,
云南,西南林业大学,汉语国际教育,502,8703,
福建,福建中医药大学,针灸推拿学,554,5715,
吉林,长春大学,财务管理,517,7877,
江苏,常州工学院,财务管理（办学地点：辽河路校区）,492,9245,
陕西,陕西理工大学,经济学,508,8367,
上海,上海立信会计金融学院,会计学（办学地点：松江校区）,576,4476,
上海,上海立信会计金融学院,财政学类（含税收学、财政学）（办学地点：松江校区）,575,4528,
上海,上海立信会计金融学院,国际商务（办学地点：浦东校区，0）,572,4725,
湖南,衡阳师范学院,新闻学,517,7877,
湖南,衡阳师范学院,汉语言文学（师范）,516,7940,
云南,云南财经大学,会计学,502,8703,
浙江,浙江传媒学院,广播电视学,578,4328,
浙江,浙江传媒学院,新闻学,574,4593,
浙江,浙江传媒学院,编辑出版学,572,4725,
浙江,浙江传媒学院,广告学,570,4825,
浙江,浙江传媒学院,文化产业管理,567,5007,
浙江,浙江传媒学院,英语,567,5007,
浙江,浙江传媒学院,传播学,567,5007,
浙江,浙江传媒学院,中国语言文学类（含汉语言文学、汉语国际教育、秘书学）,567,5007,
湖南,湖南城市学院,城乡规划,506,8476,
江西,九江学院,会计学,507,8422,
陕西,宝鸡文理学院,英语（师范）（办学地点：高新校区）,505,8532,
河北,承德医学院,中西医临床医学,549,6015,
贵州,贵州财经大学,金融学类,537,6692,
陕西,西安财经大学,保险学,549,6015,
陕西,西安财经大学,人力资源管理,546,6186,
甘肃,西北民族大学,历史学,509,8292,
甘肃,西北民族大学,应用心理学,500,8815,
江苏,金陵科技学院,旅游管理（办学地点：幕府校区）,512,8134,
河南,郑州航空工业管理学院,旅游管理,502,8703,
北京,中国劳动关系学院,劳动关系,571,4778,
北京,中国劳动关系学院,法学,562,5290,
北京,中国劳动关系学院,人力资源管理,555,5655,
北京,中国劳动关系学院,财务管理,552,5828,
北京,中国劳动关系学院,工商管理,549,6015,
北京,中国劳动关系学院,行政管理,549,6015,
北京,中国劳动关系学院,汉语言文学,548,6077,
北京,中国劳动关系学院,新闻学,548,6077,
北京,中国劳动关系学院,经济学,547,6128,
北京,中国劳动关系学院,酒店管理,547,6128,
北京,中国劳动关系学院,社会工作,546,6186,
北京,中国劳动关系学院,劳动与社会保障,546,6186,
北京,中国劳动关系学院,政治学与行政学,546,6186,
江西,上饶师范学院,学前教育,506,8476,
辽宁,大连民族大学,市场营销（办学地点：金石滩校区）,517,7877,
辽宁,大连民族大学,旅游管理（办学地点：金石滩校区）,512,8134,
湖南,湖南文理学院,城乡规划,500,8815,
湖南,湖南文理学院,电子商务及法律,500,8815,
河北,防灾科技学院,会计学（办学地点：主校区）,516,7940,
河北,防灾科技学院,汉语言文学（办学地点：主校区）,516,7940,
河北,防灾科技学院,广告学（办学地点：主校区）,515,7992,
河北,防灾科技学院,工商管理（办学地点：主校区）,515,7992,
河北,防灾科技学院,英语（办学地点：主校区）,515,7992,
河北,华北科技学院,工商管理（办学地点：校本部）,518,7803,
河北,华北科技学院,新闻学（办学地点：校本部）,518,7803,
河北,华北科技学院,英语,517,7877,
河北,华北科技学院,国际经济与贸易（办学地点：校本部）,517,7877,
河北,华北科技学院,汉语国际教育（办学地点：校本部）,517,7877,
湖南,湖南工程学院,经济学,502,8703,
河北,河北地质大学,工商管理类（财会方向）（含会计学、审计学、财务管理）,516,7940,
河北,河北地质大学,工商管理类（企业管理）（含工商管理、市场营销、人力资源管理、旅游管理）,513,8082,
宁夏,北方民族大学,金融学,517,7877,
宁夏,北方民族大学,法学,510,8237,
广东,广东金融学院,金融学,533,6945,
北京,中华女子学院,汉语国际教育（师范）（北校区）（女生）,559,5451,
北京,中华女子学院,法学（北校区）（女生）,543,6368,
北京,中华女子学院,会计学（北校区）（女生）,542,6431,
北京,中华女子学院,网络与新媒体（北校区）（女生）,541,6480,
甘肃,兰州财经大学,保险学,507,8422,
贵州,贵州中医药大学,针灸推拿学,493,9201,
山西,山西中医药大学,中医学（办学地点：校本部）,560,5403,
山西,山西中医药大学,针灸推拿学（办学地点：校本部）,555,5655,
黑龙江,大庆师范学院,外国语言文学类（师范）（含英语师范类、翻译、商务英语，办学地点：校本部）,502,8703,
湖南,湖南人文科技学院,法学,499,8857,
河北,廊坊师范学院,思想政治教育（师范）（办学地点：校本部）,547,6128,
河北,廊坊师范学院,汉语言文学（师范）（办学地点：校本部）,534,6888,
河北,廊坊师范学院,学前教育（师范）（办学地点：校本部）,526,7373,
江苏,南京特殊教育师范学院,特殊教育（师范）（办学地点：校本部）,521,7632,
河北,河北北方学院,中医学,523,7527,
河北,河北北方学院,中西医临床医学,514,8042,
河北,河北金融学院,国际经济与贸易（办学地点：校本部）,525,7425,
河北,河北金融学院,财务管理（办学地点：校本部）,509,8292,
山东,山东石油化工学院,学前教育（师范）,496,9040,
江西,赣东学院,会计学,495,9090,
河北,衡水学院,学前教育（师范）（办学地点：校本部）,514,8042,
湖南,湖南财政经济学院,会计学,513,8082,
湖南,湖南财政经济学院,金融学,496,9040,
山西,吕梁学院,新闻学,500,8815,
江西,赣南科技学院,国际经济与贸易,488,9446,
江西,南昌医学院,中医学,511,8175,
黑龙江,哈尔滨金融学院,会计学,510,8237,
陕西,西安体育学院,新闻学,517,7877,
海南,三亚学院,旅游管理类（中外合作办学）（酒店管理）,497,8981,
海南,三亚学院,经济与金融,469,10309,
福建,厦门大学嘉庚学院,新闻学,530,7129,
福建,厦门大学嘉庚学院,广告学,508,8367,
四川,电子科技大学成都学院,国际经济与贸易,494,9150,
广东,北京理工大学珠海学院,国际经济与贸易,495,9090,
广东,珠海科技学院,金融学,504,8589,
广东,珠海科技学院,国际经济与贸易,492,9245,
广东,珠海科技学院,工商管理,490,9345,
重庆,重庆城市科技学院,建筑学,488,9446,
陕西,西安培华学院,日语,480,9827,
陕西,西安培华学院,英语,478,9899,
四川,西南财经大学天府学院,会计学,507,8422,
北京,北京城市学院,城市管理（城市运行安全管理）（办学地点：顺义校区）,498,8922,
北京,北京城市学院,会展经济与管理（办学地点：顺义校区）,496,9040,
北京,北京城市学院,学前教育,495,9090,
北京,北京城市学院,法学（办学地点：航天城校区）,495,9090,
北京,北京城市学院,传播学（含新闻报道、广告与新媒体、时尚编辑方向）（办学地点：航天城校区）,492,9245,
北京,北京城市学院,传播学（雅思英语国际课程班）（办学地点：航天城校区）,492,9245,
北京,北京城市学院,法语（办学地点：航天城校区）,489,9397,
北京,北京城市学院,翻译（本专业只招收英语语种考生）（办学地点：航天城校区）,489,9397,
北京,北京城市学院,护理学（办学地点：航天城校区）,489,9397,
北京,北京城市学院,建筑类（含建筑学、城乡规划、风景园林）（办学地点：顺义校区）,489,9397,
北京,北京城市学院,工商管理类（含会计学、工商管理、人力资源管理）（办学地点：顺义校区）,489,9397,
北京,北京城市学院,旅游管理（国际旅游方向韩语国际课程班）（办学地点：航天城校区）,489,9397,
北京,北京城市学院,旅游管理（民航业订制培养班）,488,9446,
北京,北京城市学院,社会工作（办学地点：航天城校区）,488,9446,
北京,北京城市学院,英语（含商务、教育方向）（本专业只招收英语语种考生）（办学地点：航天城校区）,488,9446,
北京,北京城市学院,德语（办学地点：航天城校区）,488,9446,
北京,北京城市学院,西班牙语（办学地点：航天城校区）,488,9446,
北京,北京城市学院,文物与博物馆学（含文物修复、文物数字信息方向）（办学地点：顺义校区）,488,9446,
北京,北京城市学院,工程造价（办学地点：顺义校区）,488,9446,
北京,北京城市学院,工商管理（奢侈品管理方向英语国际课程班）（招收英语较好考生，英语教学以雅思为特色。与法国SKEMA商学院、ESSCA商学院等院校对接，前三年在我校学习，达到成绩要求后第四年可赴法学习，法方院校可用英文授课，毕业获得我校本科学历学位证书。符合要求有机会直接攻读法方院校硕士学位。国外院校学费和生活费自理）（办学地点：航天城校区）,488,9446,
湖南,长沙医学院,中医学,495,9090,
湖南,长沙医学院,口腔医学,495,9090,
河北,保定理工学院,会计学（以省发改委批复为准）,492,9245,
天津,南开大学滨海学院,商务英语（办学地点：天津市滨海新区）,517,7877,
天津,南开大学滨海学院,法学（办学地点：天津市滨海新区）,515,7992,
河南,郑州工商学院,会计学,488,9446,
湖北,武汉城市学院,电子商务,488,9446,
辽宁,大连财经学院,会计学（办学地点：校本部）,487,9490,
辽宁,大连财经学院,金融学（办学地点：校本部）,486,9535,
四川,四川大学锦江学院,审计学,496,9040,
北京,北京服装学院,传播学,540,6540,
北京,北京服装学院,广告学,539,6585,
北京,北京服装学院,国际经济与贸易,536,6747,
北京,北京服装学院,信息管理与信息系统,534,6888,
北京,北京服装学院,工商管理类（含工商管理、市场营销、会计学）,534,6888,
天津,北京科技大学天津学院,工程造价（办学地点：天津市宝坻区）,514,8042,
天津,北京科技大学天津学院,英语（办学地点：天津市宝坻区）,508,8367,
天津,北京科技大学天津学院,国际经济与贸易（办学地点：天津市宝坻区）,505,8532,
天津,北京科技大学天津学院,财务管理（办学地点：天津市宝坻区）,505,8532,
天津,北京科技大学天津学院,金融工程（办学地点：天津市宝坻区）,504,8589,
福建,集美大学诚毅学院,金融学,484,9640,
陕西,西安科技大学高新学院,汉语国际教育,495,9090,
天津,天津财经大学珠江学院,会计学（注册会计师）（办学地点：校本部）,505,8532,
天津,天津财经大学珠江学院,税收学（税务管理与代理）（办学地点：校本部）,499,8857,
四川,成都东软学院,电子商务,488,9446,
北京,首都师范大学科德学院,会展经济与管理（策划与经营）（学费中均包含-次公费出国实习实践费用及国内多次实践教学费用。此外，学校与多所海外名校建立合作开设本硕直通项目，学生自愿报名交费，通过雅思教学、学术能力培养、硕士预科课程和专业教育相融通，帮助更多学生完成海外升硕的目标，办学地点：北京市大兴区）,455,10932,
吉林,长春财经学院,审计学（办学地点：校本部）,489,9397,
北京,北京邮电大学世纪学院,传播学,489,9397,
北京,北京邮电大学世纪学院,电子商务,489,9397,
北京,北京邮电大学世纪学院,英语,488,9446,
北京,北京邮电大学世纪学院,财务管理（国际注册会计师）,488,9446,
北京,北京邮电大学世纪学院,财务管理,481,9781,
河北,北京中医药大学东方学院,中医学（办学地点：廊坊校区）,518,7803,
河北,北京中医药大学东方学院,中西医临床医学（办学地点：廊坊校区）,515,7992,
湖北,武汉华夏理工学院,经济与金融,477,9938,
北京,北京工商大学嘉华学院,国际商务,469,10309,
北京,北京工商大学嘉华学院,国际商务（英国萨塞克斯大学方向班）,469,10309,
北京,北京工商大学嘉华学院,会计学（国际班）,468,10359,
北京,北京工商大学嘉华学院,财务管理（国际班）,468,10359,
北京,北京工商大学嘉华学院,金融工程,465,10474,
北京,北京工商大学嘉华学院,审计学,465,10474,
北京,北京工商大学嘉华学院,投资学（投资管理）,465,10474,
北京,北京工商大学嘉华学院,投资学（国际班）,465,10474,
北京,北京工商大学嘉华学院,审计学（ACCA方向）,465,10474,
北京,北京工商大学嘉华学院,金融工程（国际班）,465,10474,
北京,北京工商大学嘉华学院,会计学（中国注册会计师CPA方向）,459,10767,
北京,北京工商大学嘉华学院,国际商务（国际班）,459,10767,
北京,北京工商大学嘉华学院,财务管理（美国注册管理会计师CMA方向）,458,10805,
北京,北京工商大学嘉华学院,金融学（金融十科技实验班）,458,10805,
北京,北京工商大学嘉华学院,金融学（国际班）,458,10805,
北京,北京工商大学嘉华学院,审计学（国际班）,458,10805,
四川,吉利学院,网络与新媒体（办学地点：本校部1210南开大学天津）,489,9397,
四川,吉利学院,经济与金融（办学地点：本校部1210南开大学天津）,488,9446,
四川,吉利学院,外国语言文学类（含英语（国际传媒、跨国商务国际特色班）、英语（国际幼儿教育丹麦特色班），含两次出国学习）,488,9446,
四川,吉利学院,工商管理类（含财务管理、人力资源管理、市场营销）（办学地点：本校部1210南开大学天津）,485,9579,
四川,吉利学院,教育学类（含学前教育、小学教育、艺术教育）（办学地点：本校部1210南开大学天津）,480,9827,
江西,南昌工学院,数字媒体技术（VR技术方向）,-,-,
天津,天津医科大学临床医学院,公共事业管理（办学地点：校本部）,506,8476,
天津,天津医科大学临床医学院,健康服务与管理（办学地点：校本部）,502,8703,
江苏,南京艺术学院,文化产业管理,574,4593,
江苏,南京艺术学院,美术学（文物鉴赏与修复）,562,5290,
河北,石家庄铁道大学四方学院,会计学（办学地点：南校区）,504,8589,
河北,石家庄铁道大学四方学院,工程管理（办学地点：南校区）,500,8815,
吉林,长春人文学院,汉语言文学（办学地点：校本部）,498,8922,
黑龙江,黑龙江外国语学院,俄语（精英班）（为精英班。该专业含有海外课程学分。该环节为培养方案中必修学分，学生全部参加，学校承担学习费用）,489,9397,
河北,河北工程大学科信学院,国际经济与贸易（办学地点：校本部）,501,8758,
江苏,无锡太湖学院,会计学（办学地点：校本部）,482,9736,
江西,南昌交通学院,会计学,495,9090,
河北,河北外国语学院,护理学,512,8134,
河北,河北外国语学院,法语,505,8532,
河北,河北外国语学院,网络与新媒体,502,8703,
北京,北京工业大学耿丹学院,工程管理（高收费专业）,478,9899,
北京,北京工业大学耿丹学院,国际经济与贸易（高收费专业）,475,10034,
北京,北京工业大学耿丹学院,建筑学（高收费专业）,475,10034,
北京,北京工业大学耿丹学院,城乡规划（国际班）（高收费专业）,472,10174,
北京,北京工业大学耿丹学院,工业设计（高收费专业）,469,10309,
北京,北京工业大学耿丹学院,社会工作（高收费专业）,468,10359,
北京,北京工业大学耿丹学院,金融工程（高收费专业）,468,10359,
北京,北京工业大学耿丹学院,汉语国际教育（高收费专业）,467,10391,
北京,北京工业大学耿丹学院,财务管理（高收费专业）,467,10391,
北京,北京工业大学耿丹学院,市场营销（大数据营销）（高收费专业）,467,10391,
北京,北京第二外国语学院中瑞酒店管理学院,酒店管理（现代营销）（办学地点：北京市大兴区）,474,10085,
北京,北京第二外国语学院中瑞酒店管理学院,酒店管理（自主创业）（办学地点：北京市大兴区）,467,10391,
北京,北京第二外国语学院中瑞酒店管理学院,酒店管理（酒店运营管理）（办学地点：北京市大兴区）,465,10474,
北京,北京第二外国语学院中瑞酒店管理学院,酒店管理（人力资源）（办学地点：北京市大兴区）,459,10767,
北京,北京第二外国语学院中瑞酒店管理学院,酒店管理（财务及投融资）（办学地点：北京市大兴区）,458,10805,
北京,北京第二外国语学院中瑞酒店管理学院,酒店管理（奢侈品管理）（办学地点：北京市大兴区）,458,10805,
北京,北京第二外国语学院中瑞酒店管理学院,酒店管理（健康管理与服务）（办学地点：北京市大兴区）,458,10805,
天津,天津外国语大学滨海外事学院,日语,513,8082,
天津,天津外国语大学滨海外事学院,汉语国际教育（办学地点：校本部）,513,8082,
天津,天津外国语大学滨海外事学院,翻译,510,8237,
山东,青岛农业大学海都学院,财务管理,501,8758,
天津,天津商业大学宝德学院,金融学类（含金融学、国际经济与贸易、电子商务）（办学地点：校本部）,503,8641,
天津,天津商业大学宝德学院,英语,502,8703,
江西,江西财经大学现代经济管理学院,会计学,496,9040,
河北,华北理工大学轻工学院,财务管理（以省发改委批复为准，办学地点：丰润校区）,497,8981,
河北,华北理工大学轻工学院,工商管理（以省发改委批复为准，办学地点：丰润校区）,496,9040,
江西,南昌航空大学科技学院,新闻学,488,9446,
山西,山西晋中理工学院,财务管理（办学地点：校本部）,504,8589,
河北,河北东方学院,文物与博物馆学（办学地点：校本部）,498,8922,
山西,山西财经大学华商学院,财务管理（办学地点：校本部）,505,8532,
山西,山西财经大学华商学院,会计学（办学地点：校本部）,488,9446,
江西,江西农业大学南昌商学院,汉语言,495,9090,
湖南,湖南理工学院南湖学院,广告学,506,8476,
北京,北京舞蹈学院,文化产业管理,569,4882,
湖南,湖南文理学院芙蓉学院,汉语言文学（师范）,490,9345,
江苏,南京中医药大学翰林学院,应用心理学,501,8758,
江苏,南京审计大学金审学院,审计学,573,4660,
内蒙古,内蒙古艺术学院,文化产业管理,490,9345,
