﻿省份,学校名称,专业,最低录取分,最低录取名次,选课要求
广东,中山大学,经济学类（经济学、金融学）（广州）,615,389,
广东,中山大学,法学,614,414,
广东,中山大学,工商管理类（工商管理、会计学）,613,440,
广东,中山大学,工商管理,612,474,
广东,中山大学,经济学类（经济学、金融学）（珠海）,612,474,
广东,中山大学,汉语言文学,611,505,
广东,中山大学,哲学类（哲学、逻辑学）,610,532,
广东,中山大学,历史学,610,532,
广东,中山大学,外国语言文学类（英语、阿拉伯语、西班牙语、朝鲜语、俄语）,609,574,
广东,中山大学,旅游管理类（旅游管理、会展经济与管理）,609,574,
广东,华南理工大学,经济学（创新班）,606,-,
广东,华南理工大学,传播学（2+2联合班）,597,-,
广东,华南理工大学,新闻传播学类,597,-,
广东,华南理工大学,法学类,597,-,
广东,华南理工大学,日语,597,-,
广东,华南理工大学,工商管理类,596,-,
广东,华南理工大学,经济学类,596,-,
广东,华南理工大学,商务英语,596,-,
广东,华南理工大学,行政管理,595,-,
广东,华南理工大学,旅游管理类,595,-,
广东,广州医科大学,应用心理学,558,5895,
广东,广州医科大学,公共事业管理,555,6515,
山西,山西大学,汉语言文学,557,-,
山西,山西大学,历史学,554,-,
山西,山西大学,翻译,554,-,
山西,山西大学,英语,553,-,
山西,山西大学,俄语,553,-,
山西,山西大学,日语,553,-,
山西,山西大学,德语,553,-,
山西,山西大学,政治学类,552,-,
山西,太原理工大学,国际经济与贸易,570,-,
山西,太原理工大学,英语,566,-,
山西,太原理工大学,思想政治教育,564,-,
山西,太原理工大学,会计学,564,-,
山西,太原理工大学,汉语国际教育,563,-,
山西,太原理工大学,法学,563,-,
山西,太原理工大学,行政管理,562,-,
海南,海南大学,法学,570,3772,
海南,海南大学,传播学,569,3928,
海南,海南大学,汉语言文学,569,3928,
海南,海南大学,思想政治教育,568,4071,
海南,海南大学,金融学,567,4215,
海南,海南大学,国际经济与贸易,566,4370,
海南,海南大学,会计学,566,4370,
海南,海南大学,行政管理,565,4534,
海南,海南大学,英语,565,4534,
海南,海南大学,戏剧影视文学,565,4534,
海南,海南大学,俄语,565,4534,
海南,海南大学,工商管理,564,4703,
海南,海南大学,日语,563,4881,
海南,海南大学,农林经济管理,563,4881,
海南,海南大学,旅游管理类,563,4881,
海南,海南大学,人文地理与城乡规划（中外合作办学）（中外合作办学）,544,8986,
海南,海南大学,行政管理（中外合作办学）（中外合作办学）,542,9569,
海南,海南大学,会展经济与管理（中外合作办学）（中外合作办学）,533,12221,
海南,海南大学,酒店管理（中外合作办学）（中外合作办学）,527,14242,
上海,上海海事大学,法学（海商法）,564,4784,
上海,上海海事大学,交通管理（航运管理）,560,5546,
上海,上海海事大学,外国语言文学类,557,6102,
上海,上海海事大学,经济学类,556,6312,
海南,海南师范大学,汉语言文学,553,6850,
海南,海南师范大学,地理科学,552,7069,
海南,海南师范大学,思想政治教育,551,7281,
海南,海南师范大学,地理科学类,551,7281,
海南,海南师范大学,新闻传播学类,549,7737,
海南,海南师范大学,应用心理学,546,8480,
海南,海南师范大学,历史学,545,8729,
海南,海南师范大学,翻译,545,8729,
海南,海南师范大学,日语,544,8986,
海南,海南师范大学,教育学类,544,8986,
海南,海南师范大学,英语,544,8986,
海南,海南师范大学,工商管理类,544,8986,
海南,海南师范大学,法学,544,8986,
海南,海南师范大学,电子商务,543,9273,
海南,海南师范大学,经济学类,543,9273,
海南,海南师范大学,旅游管理类,543,9273,
海南,海南师范大学,汉语国际教育,542,9569,
海南,海南师范大学,小学教育（中文与社会方向）,542,9569,
海南,海南师范大学,小学教育（英语教育方向）,541,9837,
海南,海南师范大学,小学教育（数学与科学方向）,541,9837,
海南,海南师范大学,学前教育（中外合作办学）,493,30425,
山西,山西师范大学,历史学,541,-,
山西,山西师范大学,旅游管理,540,-,
山西,山西师范大学,思想政治教育,539,-,
山西,山西师范大学,编辑出版学,536,-,
山西,山西师范大学,社会学,536,-,
山西,山西师范大学,教育学,534,-,
山西,山西师范大学,法学,533,-,
山西,山西师范大学,自然地理与资源环境,526,-,
山西,山西财经大学,法学,545,-,
山西,山西财经大学,金融学,532,-,
山西,山西财经大学,税收学,532,-,
山西,山西财经大学,资源与环境经济学,527,-,
山西,山西财经大学,汉语国际教育,524,-,
山西,山西财经大学,网络与新媒体,524,-,
山西,山西财经大学,贸易经济,522,-,
山西,山西财经大学,人力资源管理,522,-,
山西,山西财经大学,行政管理,522,-,
山西,山西财经大学,文化产业管理,522,-,
山西,山西财经大学,自然地理与资源环境,521,-,
湖南,吉首大学,汉语言文学（师范）,521,16820,
湖南,吉首大学,英语（师范）,517,18482,
湖南,吉首大学,汉语言文学,516,18911,
湖南,吉首大学,法学,513,20199,
湖南,吉首大学,思想政治教育,513,20199,
湖南,吉首大学,历史学（师范）,511,21094,
湖南,吉首大学,英语,508,22589,
湖南,吉首大学,经济学,506,23571,
湖南,吉首大学,新闻学,506,23571,
湖南,吉首大学,网络与新媒体,506,23571,
湖南,吉首大学,翻译,506,23571,
湖南,吉首大学,电子商务,506,23571,
湖南,吉首大学,会计学,505,24123,
湖南,吉首大学,公共事业管理,504,24624,
湖南,吉首大学,金融工程,504,24624,
湖南,吉首大学,商务英语,503,25163,
湖南,吉首大学,工商管理,503,25163,
湖南,吉首大学,针灸推拿学,503,25163,
湖南,吉首大学,护理学,503,25163,
湖南,吉首大学,日语,503,25163,
湖南,吉首大学,城乡规划,503,25163,
湖南,吉首大学,人力资源管理,503,25163,
湖南,吉首大学,旅游管理,503,25163,
湖南,吉首大学,国际经济与贸易,503,25163,
湖南,吉首大学,风景园林,503,25163,
湖南,吉首大学,医学影像技术,502,25723,
湖南,吉首大学,小学教育,502,25723,
湖南,吉首大学,医学检验技术,501,26265,
湖南,吉首大学,学前教育,499,27330,
广西,南宁师范大学,汉语言文学,537,11129,
广西,南宁师范大学,历史学,533,12402,
广西,南宁师范大学,工商管理类,531,13052,
广西,南宁师范大学,新闻传播学类,520,17234,
广西,南宁师范大学,英语,518,18052,
湖南,湖南文理学院,汉语言文学（师范）,519,-,
湖南,湖南文理学院,地理信息科学,513,-,
湖南,湖南文理学院,地理科学（师范）,513,-,
湖南,湖南文理学院,思想政治教育（师范）,513,-,
湖南,湖南文理学院,新闻学,511,-,
湖南,湖南文理学院,历史学（师范）,510,-,
湖南,湖南文理学院,英语（师范）,508,-,
湖南,湖南文理学院,法学,505,-,
湖南,湖南文理学院,会计学,503,-,
湖南,湖南文理学院,电子商务及法律,503,-,
湖南,湖南文理学院,风景园林,503,-,
湖南,湖南文理学院,国际经济与贸易,502,-,
湖南,湖南文理学院,市场营销,502,-,
湖南,湖南文理学院,旅游管理,502,-,
湖南,湖南文理学院,财务管理,502,-,
湖南,湖南文理学院,日语,502,-,
湖南,湖南文理学院,商务英语,502,-,
湖南,湖南文理学院,城乡规划,502,-,
湖南,湖南文理学院,金融工程,502,-,
湖南,湖南文理学院,学前教育（师范）,502,-,
湖南,湖南文理学院,酒店管理,502,-,
四川,宜宾学院,广播电视学,495,29534,
四川,宜宾学院,汉语言文学,495,29534,
四川,宜宾学院,日语,492,31198,
四川,宜宾学院,物流管理,491,31760,
四川,宜宾学院,英语,490,32337,
四川,宜宾学院,公共事业管理,486,34747,
四川,宜宾学院,公共关系学,484,35982,
海南,海南热带海洋学院,思想政治教育,497,28190,
海南,海南热带海洋学院,新闻学,497,28190,
海南,海南热带海洋学院,国际事务与国际关系,495,29307,
海南,海南热带海洋学院,中国语言文学类,494,29846,
海南,海南热带海洋学院,物流管理,493,30425,
海南,海南热带海洋学院,工商管理类,493,30425,
海南,海南热带海洋学院,历史学类,490,32084,
海南,海南热带海洋学院,小学教育,490,32084,
海南,海南热带海洋学院,电子商务,489,32700,
海南,海南热带海洋学院,英语,489,32700,
海南,海南热带海洋学院,学前教育,486,34514,
海南,海南热带海洋学院,社会工作,486,34514,
海南,海南热带海洋学院,泰语,486,34514,
海南,海南热带海洋学院,俄语,485,35106,
海南,海南热带海洋学院,旅游管理类,485,35106,
海南,海南热带海洋学院,旅游管理（中外合作办学）,467,47258,
湖南,湖南人文科技学院,汉语言文学（师范）,491,31760,
湖南,湖南人文科技学院,思想政治教育（师范）,491,31760,
湖南,湖南人文科技学院,英语（师范）,486,34747,
湖南,湖南人文科技学院,网络与新媒体,485,35354,
湖南,湖南人文科技学院,学前教育（师范）,485,35354,
湖南,湖南人文科技学院,法学,484,35982,
湖南,湖南人文科技学院,应用心理学,484,35982,
湖南,湖南人文科技学院,人力资源管理,483,36624,
湖南,湖南人文科技学院,社会工作,483,36624,
湖南,湖南人文科技学院,秘书学,483,36624,
湖南,湖南人文科技学院,财务管理,483,36624,
湖南,湖南人文科技学院,商务英语,483,36624,
湖南,湖南人文科技学院,市场营销,483,36624,
湖南,湖南人文科技学院,旅游管理,483,36624,
湖南,湖南人文科技学院,学前教育（中外合作办学）（师范）,477,40614,
山西,吕梁学院,新闻学,487,-,
山西,吕梁学院,汉语言文学,484,-,
山西,吕梁学院,建筑学,484,-,
山西,吕梁学院,财务管理,483,-,
山西,吕梁学院,应用心理学,482,-,
山西,吕梁学院,食品质量与安全,482,-,
江西,南昌医学院,中医学,506,-,
江西,南昌医学院,针灸推拿学,504,-,
山西,山西晋中理工学院,工商管理,476,-,
