﻿省份,学校名称,专业,最低录取分,最低录取名次,选课要求
广东,中山大学,临床医学（八年制）,655,383,
广东,中山大学,口腔医学（5+3一体化）,651,524,
广东,中山大学,口腔医学,631,2094,
广东,中山大学,经济学类（经济学、金融学）（广州）,629,2332,
广东,中山大学,临床医学,625,2902,
广东,中山大学,经济学类（经济学、金融学）（珠海）,625,2902,
广东,中山大学,药学,624,3062,
广东,中山大学,电子信息类（电子信息科学与技术、通信工程）,624,3062,
广东,中山大学,软件工程,624,3062,
广东,中山大学,工商管理类（工商管理、会计学）,624,3062,
广东,中山大学,预防医学,624,3062,
广东,中山大学,数学类（数学与应用数学、统计学）,623,3222,
广东,中山大学,物理学类（物理学、光电信息科学与工程）,622,3359,
广东,中山大学,航空航天类（航空航天工程、理论与应用力学）,622,3359,
广东,中山大学,生态学,622,3359,
广东,中山大学,核工程与核技术（含中法合作办学）,622,3359,
广东,中山大学,生物医学工程,621,3543,
广东,中山大学,环境科学与工程类（环境科学、环境工程）,620,3716,
广东,华南理工大学,计算机科学与技术（全英创新班）,627,2596,
广东,华南理工大学,计算机科学与技术（拔尖基地班）,627,2596,
广东,华南理工大学,软件工程（卓越班）,626,2749,
广东,华南理工大学,自动化（创新班）,626,2749,
广东,华南理工大学,电气工程及其自动化（卓越班）,623,3222,
广东,华南理工大学,信息工程（创新班）,623,3222,
广东,华南理工大学,计算机类,622,3359,
广东,华南理工大学,软件工程,621,3543,
广东,华南理工大学,自动化类,621,3543,
广东,华南理工大学,工商管理（全英班）,621,3543,
广东,华南理工大学,经济学（创新班）,621,3543,
广东,华南理工大学,工程力学（创新班）,621,3543,
广东,华南理工大学,信息工程,620,3716,
广东,华南理工大学,电气类,619,3877,
广东,华南理工大学,应用物理学（严济慈英才班）,619,3877,
广东,华南理工大学,软件工程（3+2中澳班）（中外合作办学）,619,3877,
广东,华南理工大学,机械类（创新班）,619,3877,
广东,华南理工大学,数学类,618,4048,
广东,华南理工大学,经济学类,618,4048,
广东,华南理工大学,建筑学,618,4048,
广东,华南理工大学,工业设计,617,4263,
广东,华南理工大学,临床医学,617,4263,
广东,华南理工大学,物理学类,617,4263,
广东,华南理工大学,风景园林,617,4263,
广东,华南理工大学,金融科技,617,4263,
广东,华南理工大学,材料类（创新班）,617,4263,
广东,华南理工大学,化学类（拔尖基地班）,616,4452,
广东,华南理工大学,化工与制药类,616,4452,
广东,华南理工大学,工科试验班（智慧土木与数字建造）,616,4452,
广东,华南理工大学,工科试验班（智能装备与先进制造）,616,4452,
广东,华南理工大学,会计学,616,4452,
广东,华南理工大学,电子商务类,616,4452,
广东,华南理工大学,轻工类,616,4452,
广东,华南理工大学,工商管理类,616,4452,
广东,华南理工大学,法学（卓越法律班）,616,4452,
广东,华南理工大学,城乡规划,616,4452,
广东,华南理工大学,材料类,615,4665,
广东,华南理工大学,交通运输类,615,4665,
广东,华南理工大学,生物科学类,614,4853,
广东,华南理工大学,环境工程（3+2中澳班）（中外合作办学）,614,4853,
广东,华南理工大学,环境工程（全英班）,614,4853,
广东,华南理工大学,环境科学与工程类,613,5050,
广东,广州医科大学,临床医学,598,9046,
广东,广州医科大学,基础医学,597,9357,
广东,广州医科大学,生物技术,589,12105,
广东,广州医科大学,医学检验技术,584,14043,
广东,广州医科大学,食品卫生与营养学,582,14888,
广东,广州医科大学,护理学,557,27576,
山西,山西大学,物理学（国家基地）,582,14888,
山西,山西大学,计算机科学与技术,571,19869,
山西,山西大学,光电信息科学与工程,569,20866,
山西,山西大学,数据科学与大数据技术,569,20866,
山西,山西大学,人工智能,565,22980,
山西,山西大学,电子信息类,563,24080,
山西,山西大学,统计学,562,24661,
山西,山西大学,数学类,562,24661,
山西,山西大学,应用心理学,561,25203,
山西,山西大学,自动化,558,26992,
山西,山西大学,教育学,558,26992,
山西,山西大学,机械电子工程,557,27576,
山西,山西大学,电气工程及其自动化,556,28176,
山西,山西大学,测控技术与仪器,556,28176,
山西,山西大学,能源动力类,556,28176,
山西,山西大学,土木工程,554,29374,
山西,山西大学,经济学类,554,29374,
山西,山西大学,自然地理与资源环境,548,33124,
山西,山西大学,资源循环科学与工程,547,33788,
山西,山西大学,哲学类,547,33788,
山西,山西大学,化学类,544,35782,
山西,山西大学,旅游管理,543,36439,
山西,山西大学,环境科学与工程类,543,36439,
山西,山西大学,食品科学与工程,536,41408,
山西,山西大学,生物科学类,531,45193,
山西,山西大学,食品科学与工程（食品酿造）,530,45965,
山西,太原理工大学,计算机科学与技术,586,13272,
山西,太原理工大学,电气工程及其自动化（试验班）,586,13272,
山西,太原理工大学,人工智能,581,15316,
山西,太原理工大学,机械设计制造及其自动化,580,15752,
山西,太原理工大学,电气工程及其自动化,580,15752,
山西,太原理工大学,电子信息工程,580,15752,
山西,太原理工大学,化学工程与工艺（试验班）,580,15752,
山西,太原理工大学,智能测控工程,579,16183,
山西,太原理工大学,光电信息科学与工程,579,16183,
山西,太原理工大学,自动化,578,16609,
山西,太原理工大学,机械电子工程,578,16609,
山西,太原理工大学,数据科学与大数据技术,578,16609,
山西,太原理工大学,能源与动力工程,578,16609,
山西,太原理工大学,信息与计算科学,577,17074,
山西,太原理工大学,智能感知工程,577,17074,
山西,太原理工大学,材料成型及控制工程,577,17074,
山西,太原理工大学,行政管理,577,17074,
山西,太原理工大学,国际经济与贸易,577,17074,
山西,太原理工大学,法学,576,17569,
山西,太原理工大学,工程力学,576,17569,
山西,太原理工大学,机器人工程,576,17569,
山西,太原理工大学,水文与水资源工程,576,17569,
山西,太原理工大学,金属材料工程,576,17569,
山西,太原理工大学,冶金工程,576,17569,
山西,太原理工大学,飞行器设计与工程,575,17983,
山西,太原理工大学,水利水电工程,575,17983,
山西,太原理工大学,安全工程,575,17983,
山西,太原理工大学,过程装备与控制工程,575,17983,
山西,太原理工大学,汉语国际教育,575,17983,
山西,太原理工大学,思想政治教育,575,17983,
山西,太原理工大学,精细化工,575,17983,
山西,太原理工大学,应用化学,574,18443,
山西,太原理工大学,生物医学工程,574,18443,
山西,太原理工大学,纺织工程,574,18443,
山西,太原理工大学,城市地下空间工程,574,18443,
山西,太原理工大学,建筑环境与能源应用工程,574,18443,
山西,太原理工大学,化学工程与工艺,573,18934,
山西,太原理工大学,材料科学与工程,573,18934,
山西,太原理工大学,统计学,573,18934,
山西,太原理工大学,土木工程,573,18934,
山西,太原理工大学,测绘工程,573,18934,
山西,太原理工大学,会计学,573,18934,
山西,太原理工大学,农业水利工程,573,18934,
山西,太原理工大学,工业设计,573,18934,
山西,太原理工大学,采矿工程,573,18934,
山西,太原理工大学,道路桥梁与渡河工程,573,18934,
山西,太原理工大学,英语,573,18934,
山西,太原理工大学,地质工程,572,19416,
山西,太原理工大学,工程管理,572,19416,
山西,太原理工大学,采矿工程（煤炭智能化）,572,19416,
山西,太原理工大学,机械设计制造及其自动化（中外合作办学）,548,33124,
海南,海南大学,会计学,582,14722,
海南,海南大学,计算机科学与技术,579,16011,
海南,海南大学,电子信息类,576,17398,
海南,海南大学,软件工程（NIIT）,575,17815,
海南,海南大学,自动化,575,17815,
海南,海南大学,信息安全,574,18273,
海南,海南大学,数据科学与大数据技术,573,18768,
海南,海南大学,机械设计制造及其自动化,573,18768,
海南,海南大学,海洋工程与技术,572,19244,
海南,海南大学,建筑学,572,19244,
海南,海南大学,旅游管理类,572,19244,
海南,海南大学,土地资源管理,572,19244,
海南,海南大学,土木工程,571,19693,
海南,海南大学,密码科学与技术,571,19693,
海南,海南大学,风景园林,571,19693,
海南,海南大学,数学与应用数学,570,20193,
海南,海南大学,物流管理,570,20193,
海南,海南大学,应用物理学,570,20193,
海南,海南大学,车辆工程,570,20193,
海南,海南大学,生物科学,568,21246,
海南,海南大学,人工智能,567,21735,
海南,海南大学,应用化学,566,22238,
海南,海南大学,海洋科学,566,22238,
海南,海南大学,林学,564,23303,
海南,海南大学,生物医学工程,563,23886,
海南,海南大学,动物医学,562,24462,
海南,海南大学,园林,561,25000,
海南,海南大学,生物技术,561,25000,
海南,海南大学,设施农业科学与工程,561,25000,
海南,海南大学,水产养殖学,560,25591,
海南,海南大学,生态学,560,25591,
海南,海南大学,食品科学与工程类,559,26158,
海南,海南大学,材料类,559,26158,
海南,海南大学,园艺,558,26762,
海南,海南大学,植物保护,558,26762,
海南,海南大学,环境科学,557,27343,
海南,海南大学,化学工程与工艺,556,27941,
海南,海南大学,农业资源与环境,556,27941,
海南,海南大学,药学,555,28552,
海南,海南大学,动物科学,551,31011,
海南,海南大学,农学,550,31635,
海南,海南大学,行政管理（中外合作办学）（中外合作办学）,546,34203,
海南,海南大学,酒店管理（中外合作办学）（中外合作办学）,545,34869,
海南,海南大学,人文地理与城乡规划（中外合作办学）（中外合作办学）,544,35521,
海南,海南大学,会展经济与管理（中外合作办学）（中外合作办学）,542,36855,
上海,上海海事大学,电子信息类,569,20866,
上海,上海海事大学,计算机类,565,22980,
上海,上海海事大学,交通管理（航运管理）,565,22980,
上海,上海海事大学,能源与动力工程,563,24080,
上海,上海海事大学,电气类,563,24080,
上海,上海海事大学,物流管理与工程类,562,24661,
上海,上海海事大学,材料科学与工程,560,25805,
上海,上海海事大学,环境工程,558,26992,
上海,上海海事大学,经济学类,558,26992,
上海,上海海事大学,数学类,558,26992,
上海,上海海事大学,物流管理,557,27576,
上海,上海海事大学,机械类,557,27576,
海南,海南师范大学,汉语言文学,551,31011,
海南,海南师范大学,物理学,548,32900,
海南,海南师范大学,人工智能,544,35521,
海南,海南师范大学,新闻传播学类,542,36855,
海南,海南师范大学,地理科学类,542,36855,
海南,海南师范大学,化学,541,37551,
海南,海南师范大学,地理科学,541,37551,
海南,海南师范大学,教育学类,541,37551,
海南,海南师范大学,数学与应用数学,539,38992,
海南,海南师范大学,思想政治教育,539,38992,
海南,海南师范大学,数据科学与大数据技术,538,39708,
海南,海南师范大学,英语,538,39708,
海南,海南师范大学,法学,537,40423,
海南,海南师范大学,应用心理学,536,41129,
海南,海南师范大学,翻译,535,41896,
海南,海南师范大学,电子信息科学与技术,535,41896,
海南,海南师范大学,小学教育（中文与社会方向）,535,41896,
海南,海南师范大学,电子商务,535,41896,
海南,海南师范大学,生物科学,534,42606,
海南,海南师范大学,计算机科学与技术,534,42606,
海南,海南师范大学,小学教育（数学与科学方向）,534,42606,
海南,海南师范大学,工商管理类,534,42606,
海南,海南师范大学,软件工程（NIIT班）,533,43342,
海南,海南师范大学,日语,532,44145,
海南,海南师范大学,自动化,532,44145,
海南,海南师范大学,经济学类,532,44145,
海南,海南师范大学,生态学,532,44145,
海南,海南师范大学,旅游管理类,532,44145,
海南,海南师范大学,制药工程,529,46462,
海南,海南师范大学,小学教育（英语教育方向）,529,46462,
海南,海南师范大学,生物技术,529,46462,
海南,海南师范大学,学前教育（中外合作办学）,472,100057,
海南,海南师范大学,应用化学,466,106590,
河南,中原工学院,广播电视学,500,-,
河南,中原工学院,电子信息类,499,72815,
河南,中原工学院,自动化,498,73777,
河南,中原工学院,航空航天类,486,85716,
河南,中原工学院,能源与动力工程,483,88778,
河南,中原工学院,工程造价,482,89778,
河南,中原工学院,机械类,482,89778,
河南,中原工学院,建筑环境与能源应用工程,479,92933,
河南,中原工学院,金融学,475,97137,
河南,中原工学院,软件工程（中外合作办学）（中外合作办学）,466,106947,
河南,中原工学院,电气工程及其自动化（中外合作办学）（中外合作办学）,465,107979,
河南,中原工学院,纺织工程,460,113489,
河南,中原工学院,材料成型及控制工程,460,113489,
河南,中原工学院,测控技术与仪器（中外合作办学）（中外合作办学）,459,114566,
河南,中原工学院,给排水科学与工程,456,117983,
河南,中原工学院,环境工程,455,119128,
山西,山西师范大学,思想政治教育,529,46751,
山西,山西师范大学,法学,510,62645,
山西,山西师范大学,教育学,509,63528,
山西,山西师范大学,自然地理与资源环境,505,67144,
山西,山西师范大学,社会学,504,68092,
山西,山西师范大学,编辑出版学,500,71841,
山西,山西师范大学,食品质量与安全,499,72815,
山西,山西师范大学,旅游管理,499,72815,
山西,山西师范大学,电子信息工程,499,72815,
山西,山西师范大学,食品科学与工程,497,74735,
山西,山西师范大学,环境生态工程,496,75759,
山西,山西财经大学,金融工程,535,42178,
山西,山西财经大学,资产评估,533,43621,
山西,山西财经大学,金融数学,529,46751,
山西,山西财经大学,保险学,522,52353,
山西,山西财经大学,法学,516,57293,
山西,山西财经大学,信息与计算科学,516,57293,
山西,山西财经大学,工程造价,515,58144,
山西,山西财经大学,信息管理与信息系统,514,59031,
山西,山西财经大学,金融科技,511,61768,
山西,山西财经大学,应急管理,510,62645,
山西,山西财经大学,农林经济管理,509,63528,
山西,山西财经大学,物流管理,508,64440,
山西,山西财经大学,电子商务,507,65329,
山西,山西财经大学,旅游管理,506,66205,
山西,山西财经大学,地理信息科学,503,69014,
湖南,吉首大学,临床医学,518,55594,
湖南,吉首大学,计算机科学与技术,512,60866,
湖南,吉首大学,英语（师范）,508,64440,
湖南,吉首大学,电气工程及其自动化,500,71841,
湖南,吉首大学,数学与应用数学（师范）,499,72815,
湖南,吉首大学,思想政治教育,499,72815,
湖南,吉首大学,生物科学（师范）,496,75759,
湖南,吉首大学,电子信息工程,495,76748,
湖南,吉首大学,英语,495,76748,
湖南,吉首大学,法学,494,77727,
湖南,吉首大学,药学,494,77727,
湖南,吉首大学,数据科学与大数据技术,494,77727,
湖南,吉首大学,护理学,493,78754,
湖南,吉首大学,化学（师范）,493,78754,
湖南,吉首大学,生物科学,492,79722,
湖南,吉首大学,机械设计制造及其自动化,492,79722,
湖南,吉首大学,学前教育,490,81696,
湖南,吉首大学,会计学,489,82695,
湖南,吉首大学,通信工程,489,82695,
湖南,吉首大学,翻译,489,82695,
湖南,吉首大学,软件工程,488,83729,
湖南,吉首大学,医学影像技术,487,84753,
湖南,吉首大学,人力资源管理,487,84753,
湖南,吉首大学,食品科学与工程,486,85716,
湖南,吉首大学,医学检验技术,485,86686,
湖南,吉首大学,环境工程,485,86686,
湖南,吉首大学,生物工程,485,86686,
湖南,吉首大学,物理学（师范）,485,86686,
湖南,吉首大学,化学工程与工艺,485,86686,
湖南,吉首大学,制药工程,485,86686,
湖南,吉首大学,日语,485,86686,
湖南,吉首大学,化学,485,86686,
湖南,吉首大学,公共事业管理,484,87789,
湖南,吉首大学,金融工程,484,87789,
湖南,吉首大学,机械电子工程,484,87789,
湖南,吉首大学,商务英语,483,88778,
湖南,吉首大学,经济学,483,88778,
湖南,吉首大学,工商管理,483,88778,
湖南,吉首大学,针灸推拿学,483,88778,
湖南,吉首大学,材料科学与工程,483,88778,
湖南,吉首大学,建筑学,483,88778,
湖南,吉首大学,土木工程,483,88778,
湖南,吉首大学,城乡规划,483,88778,
湖南,吉首大学,统计学,483,88778,
湖南,吉首大学,电子商务,483,88778,
湖南,吉首大学,旅游管理,483,88778,
湖南,吉首大学,国际经济与贸易,483,88778,
湖南,吉首大学,风景园林,483,88778,
湖南,吉首大学,小学教育,483,88778,
广西,南宁师范大学,化学,529,46751,
广西,南宁师范大学,数学与应用数学,522,52353,
广西,南宁师范大学,生物科学,516,57293,
广西,南宁师范大学,金融数学,513,59922,
广西,南宁师范大学,地理科学类,511,61768,
广西,南宁师范大学,小学教育,507,65329,
广西,南宁师范大学,电子信息工程,501,70882,
广西,南宁师范大学,工商管理类,500,71841,
广西,南宁师范大学,数字媒体技术,499,72815,
山西,太原科技大学,电气工程及其自动化,517,56436,
山西,太原科技大学,计算机科学与技术,515,58144,
山西,太原科技大学,机械设计制造及其自动化,510,62645,
山西,太原科技大学,自动化,510,62645,
山西,太原科技大学,智能装备与系统,508,64440,
山西,太原科技大学,环境科学,507,65329,
山西,太原科技大学,冶金工程,507,65329,
山西,太原科技大学,会计学,506,66205,
山西,太原科技大学,应用统计学,506,66205,
山西,太原科技大学,油气储运工程,505,67144,
山西,太原科技大学,材料成型及控制工程,504,68092,
山西,太原科技大学,过程装备与控制工程,504,68092,
山西,太原科技大学,环境工程,504,68092,
山西,太原科技大学,生物工程,491,80702,
山西,太原科技大学,化学工程与工艺,489,82695,
山西,太原科技大学,交通工程,485,86686,
山西,太原科技大学,交通运输,483,88778,
湖南,湖南文理学院,英语（师范）,503,69014,
湖南,湖南文理学院,计算机科学与技术,500,71841,
湖南,湖南文理学院,地理科学（师范）,494,77727,
湖南,湖南文理学院,思想政治教育（师范）,492,79722,
湖南,湖南文理学院,数学与应用数学（师范）,491,80702,
湖南,湖南文理学院,软件工程,489,82695,
湖南,湖南文理学院,新闻学,488,83729,
湖南,湖南文理学院,地理信息科学,487,84753,
湖南,湖南文理学院,物理学（师范）,487,84753,
湖南,湖南文理学院,信息与计算科学,487,84753,
湖南,湖南文理学院,法学,484,87789,
湖南,湖南文理学院,网络工程,483,88778,
湖南,湖南文理学院,生物科学（师范）,483,88778,
湖南,湖南文理学院,日语,482,89778,
湖南,湖南文理学院,电气工程及其自动化,482,89778,
湖南,湖南文理学院,化学（师范）,481,90905,
湖南,湖南文理学院,会计学,480,91929,
湖南,湖南文理学院,应用统计学,480,91929,
湖南,湖南文理学院,商务英语,480,91929,
湖南,湖南文理学院,电子信息科学与技术,479,92933,
湖南,湖南文理学院,自动化,479,92933,
湖南,湖南文理学院,通信工程,479,92933,
湖南,湖南文理学院,风景园林,479,92933,
湖南,湖南文理学院,国际经济与贸易,478,93999,
湖南,湖南文理学院,机械设计制造及其自动化,478,93999,
湖南,湖南文理学院,电子商务及法律,478,93999,
湖南,湖南文理学院,酒店管理,478,93999,
湖南,湖南文理学院,光电信息科学与工程,477,95064,
湖南,湖南文理学院,市场营销,477,95064,
湖南,湖南文理学院,旅游管理,477,95064,
湖南,湖南文理学院,财务管理,477,95064,
湖南,湖南文理学院,城乡规划,477,95064,
湖南,湖南文理学院,土木工程,477,95064,
湖南,湖南文理学院,机械电子工程,477,95064,
湖南,湖南文理学院,金融工程,477,95064,
湖南,湖南文理学院,学前教育（师范）,477,95064,
湖南,湖南文理学院,集成电路设计与集成系统,477,95064,
湖南,湖南文理学院,化学,476,96094,
湖南,湖南文理学院,动物科学,474,98206,
湖南,湖南文理学院,医学检验技术,474,98206,
湖南,湖南文理学院,材料科学与工程,473,99314,
湖南,湖南文理学院,制药工程,473,99314,
湖南,湖南文理学院,环境工程,471,101467,
湖南,湖南文理学院,水产养殖学,471,101467,
湖南,湖南文理学院,农学,471,101467,
湖南,湖南文理学院,食品科学与工程,471,101467,
湖南,湖南文理学院,环境科学,471,101467,
湖南,湖南文理学院,机械设计制造及其自动化（中外合作办学）,446,129033,
湖南,湖南文理学院,信息管理与信息系统（中外合作办学）,443,132242,
四川,宜宾学院,数字媒体技术,482,89778,
四川,宜宾学院,计算机科学与技术,482,89778,
四川,宜宾学院,软件工程,477,95064,
四川,宜宾学院,工程管理,474,98206,
四川,宜宾学院,法学,473,99314,
四川,宜宾学院,数学与应用数学,473,99314,
四川,宜宾学院,机械电子工程,472,100415,
四川,宜宾学院,信息与计算科学,471,101467,
四川,宜宾学院,生物科学,465,107979,
四川,宜宾学院,工商管理,465,107979,
四川,宜宾学院,环境工程,461,112355,
四川,宜宾学院,制药工程,440,135475,
海南,海南热带海洋学院,工商管理类,484,87461,
海南,海南热带海洋学院,中国语言文学类,479,92558,
海南,海南热带海洋学院,数字媒体技术,476,95716,
海南,海南热带海洋学院,电子信息类,472,100057,
海南,海南热带海洋学院,海洋科学类,470,102203,
海南,海南热带海洋学院,计算机类,469,103281,
海南,海南热带海洋学院,物理学,467,105502,
海南,海南热带海洋学院,数学与应用数学,467,105502,
海南,海南热带海洋学院,海洋资源与环境,466,106590,
海南,海南热带海洋学院,旅游管理类,466,106590,
海南,海南热带海洋学院,化学,462,110902,
海南,海南热带海洋学院,生物科学类,460,113110,
海南,海南热带海洋学院,生态学,459,114187,
海南,海南热带海洋学院,海洋渔业科学与技术,456,117628,
海南,海南热带海洋学院,环境工程,456,117628,
海南,海南热带海洋学院,园艺,453,121010,
海南,海南热带海洋学院,旅游管理（中外合作办学）,451,123226,
海南,海南热带海洋学院,食品科学与工程类,451,123226,
海南,海南热带海洋学院,水产养殖学,451,123226,
山西,太原工业学院,计算机类,473,99314,
山西,太原工业学院,机械类,468,104725,
山西,太原工业学院,质量管理工程,467,105858,
山西,太原工业学院,材料类,453,121381,
湖南,湖南人文科技学院,汉语言文学（师范）,471,101467,
湖南,湖南人文科技学院,英语（师范）,469,103626,
湖南,湖南人文科技学院,思想政治教育（师范）,467,105858,
湖南,湖南人文科技学院,应用心理学,465,107979,
湖南,湖南人文科技学院,计算机科学与技术,462,111258,
湖南,湖南人文科技学院,数学与应用数学（师范）,461,112355,
湖南,湖南人文科技学院,网络与新媒体,461,112355,
湖南,湖南人文科技学院,学前教育（师范）,461,112355,
湖南,湖南人文科技学院,法学,460,113489,
湖南,湖南人文科技学院,软件工程,460,113489,
湖南,湖南人文科技学院,商务英语,460,113489,
湖南,湖南人文科技学院,社会工作,459,114566,
湖南,湖南人文科技学院,旅游管理,459,114566,
湖南,湖南人文科技学院,秘书学,458,115703,
湖南,湖南人文科技学院,人力资源管理,458,115703,
湖南,湖南人文科技学院,财务管理,458,115703,
湖南,湖南人文科技学院,市场营销,458,115703,
湖南,湖南人文科技学院,化学（师范）,457,116823,
湖南,湖南人文科技学院,自动化,455,119128,
湖南,湖南人文科技学院,通信工程,455,119128,
湖南,湖南人文科技学院,网络工程,455,119128,
湖南,湖南人文科技学院,机械设计制造及其自动化,454,120234,
湖南,湖南人文科技学院,电子信息工程,454,120234,
湖南,湖南人文科技学院,农学,453,121381,
湖南,湖南人文科技学院,金融工程,453,121381,
湖南,湖南人文科技学院,能源与动力工程,453,121381,
湖南,湖南人文科技学院,材料成型及控制工程,453,121381,
湖南,湖南人文科技学院,食品科学与工程,453,121381,
湖南,湖南人文科技学院,电子商务,453,121381,
湖南,湖南人文科技学院,园艺,452,122478,
湖南,湖南人文科技学院,学前教育（中外合作办学）（师范）,452,122478,
湖南,湖南人文科技学院,环境工程,451,123593,
湖南,湖南人文科技学院,植物保护,451,123593,
湖南,湖南人文科技学院,材料化学,450,124672,
湖南,湖南人文科技学院,材料科学与工程,450,124672,
山西,吕梁学院,食品质量与安全,458,115703,
山西,吕梁学院,汉语言文学,457,116823,
山西,吕梁学院,应用心理学,455,119128,
山西,吕梁学院,建筑学,455,119128,
山西,吕梁学院,财务管理,453,121381,
山西,吕梁学院,电子信息工程,452,122478,
山西,吕梁学院,生物科学,451,123593,
山西,吕梁学院,化学工程与工艺,451,123593,
山西,吕梁学院,采矿工程,451,123593,
山西,吕梁学院,物理学,451,123593,
山西,吕梁学院,冶金工程,451,123593,
江西,南昌医学院,临床医学,547,-,
江西,南昌医学院,中医学,518,-,
江西,南昌医学院,针灸推拿学,500,-,
山西,山西晋中理工学院,工商管理,448,126847,
