﻿省份,学校名称,专业,最低录取分,最低录取名次,选课要求
广东,中山大学,临床医学（八年制）,662,872,
广东,中山大学,口腔医学（5+3一体化）,659,1129,
广东,中山大学,经济学类（金融学、经济学）,654,1648,
广东,中山大学,数学类（数学与应用数学、统计学）,651,2045,
广东,中山大学,口腔医学,650,2211,
广东,中山大学,临床医学（广州）,646,2811,
广东,中山大学,法学,644,3152,
广东,中山大学,计算机类（计算机科学与技术、信息与计算科学、保密管理）,642,3579,
广东,中山大学,工商管理类（工商管理、会计学）,641,3799,
广东,中山大学,物理学类（物理学、光电信息科学与工程）,641,3799,
广东,中山大学,电子信息类（通信工程、微电子科学与工程、光电信息科学与工程）,639,4243,
广东,中山大学,网络空间安全,638,4482,
广东,中山大学,数学类（数学与应用数学、信息与计算科学）,637,4721,
广东,中山大学,电子信息类（电子信息科学与技术、通信工程）,637,4721,
广东,中山大学,经济学类（经济学、金融学）,636,5005,
广东,中山大学,临床医学（深圳）,636,5005,
广东,中山大学,软件工程,636,5005,
广东,中山大学,经济学,636,5005,
广东,中山大学,工商管理,636,5005,
广东,中山大学,微电子科学与工程（珠海）,635,5280,
广东,中山大学,微电子科学与工程（深圳）,634,5564,
广东,中山大学,人工智能,634,5564,
广东,中山大学,遥感科学与技术,633,5830,
广东,中山大学,机械工程,633,5830,
广东,中山大学,能源与动力工程,633,5830,
广东,中山大学,生物科学类（生物科学、生物技术、生态学）,632,6136,
广东,中山大学,化学类（化学、高分子材料与工程）,631,6460,
广东,中山大学,物理学,631,6460,
广东,中山大学,航空航天类（航空航天工程、理论与应用力学）,631,6460,
广东,中山大学,物理学类（物理学、天文学）,630,6803,
广东,中山大学,生态学,630,6803,
广东,中山大学,心理学,629,7118,
广东,中山大学,基础医学,629,7118,
广东,中山大学,核工程与核技术（含中法合作办学）,629,7118,
广东,中山大学,生物医学工程,628,7467,
广东,中山大学,材料类（材料物理、材料化学、高分子材料与工程）,627,7833,
广东,中山大学,环境科学与工程类（环境科学、环境工程）,627,7833,
广东,中山大学,法医学,626,8188,
广东,中山大学,预防医学（广州）,621,10208,
广东,中山大学,药学（广州）,618,11488,
广东,中山大学,药学（深圳）,615,12968,
广东,中山大学,预防医学（深圳）,614,13481,
广东,华南理工大学,计算机科学与技术（全英创新班）,646,2811,
广东,华南理工大学,计算机科学与技术（拔尖基地班）,645,2955,
广东,华南理工大学,软件工程（卓越班）,643,3353,
广东,华南理工大学,信息工程（创新班）,638,4482,
广东,华南理工大学,电气工程及其自动化（卓越班）,637,4721,
广东,华南理工大学,自动化（创新班）,637,4721,
广东,华南理工大学,经济学（创新班）,633,5830,
广东,华南理工大学,法学（卓越法律班）,633,5830,
广东,华南理工大学,建筑学,632,6136,
广东,华南理工大学,计算机类,632,6136,
广东,华南理工大学,应用物理学（严济慈英才班）,631,6460,
广东,华南理工大学,机械类（创新班）,630,6803,
广东,华南理工大学,软件工程,630,6803,
广东,华南理工大学,材料类（创新班）,628,7467,
广东,华南理工大学,金融科技,628,7467,
广东,华南理工大学,信息工程,628,7467,
广东,华南理工大学,法学类,627,7833,
广东,华南理工大学,工程力学（创新班）,627,7833,
广东,华南理工大学,软件工程（3+2中澳班）（中外合作办学）,627,7833,
广东,华南理工大学,自动化类,627,7833,
广东,华南理工大学,电气类,625,8565,
广东,华南理工大学,土木工程（卓越全英班）,624,8949,
广东,华南理工大学,数学类,624,8949,
广东,华南理工大学,物理学类,624,8949,
广东,华南理工大学,化学类（拔尖基地班）,623,9363,
广东,华南理工大学,经济学类,623,9363,
广东,华南理工大学,工业设计,623,9363,
广东,华南理工大学,城乡规划,622,9755,
广东,华南理工大学,会计学,622,9755,
广东,华南理工大学,新闻传播学类,622,9755,
广东,华南理工大学,工科试验班（智能装备与先进制造）,621,10208,
广东,华南理工大学,商务英语,621,10208,
广东,华南理工大学,风景园林,620,10637,
广东,华南理工大学,工商管理类,620,10637,
广东,华南理工大学,工商管理（全英班）,620,10637,
广东,华南理工大学,行政管理,620,10637,
广东,华南理工大学,工科试验班（智慧土木与数字建造）,619,11055,
广东,华南理工大学,电子商务类,619,11055,
广东,华南理工大学,旅游管理类,619,11055,
广东,华南理工大学,生物科学类,618,11488,
广东,华南理工大学,临床医学,618,11488,
广东,华南理工大学,环境工程（全英班）,618,11488,
广东,华南理工大学,交通运输类,618,11488,
广东,华南理工大学,环境工程（3+2中澳班）（中外合作办学）,618,11488,
广东,华南理工大学,食品科学与工程类,616,12453,
广东,华南理工大学,环境科学与工程类,616,12453,
广东,华南理工大学,医学影像学,615,12968,
广东,华南理工大学,材料类,614,13481,
广东,华南理工大学,化工与制药类,613,14015,
广东,华南理工大学,轻工类,613,14015,
广东,广州医科大学,口腔医学,602,20411,
广东,广州医科大学,临床医学,595,25341,
广东,广州医科大学,麻醉学,593,26683,
广东,广州医科大学,医学影像学,592,27866,
广东,广州医科大学,儿科学,592,27933,
广东,广州医科大学,精神医学,591,28694,
广东,广州医科大学,中西医临床医学,589,29822,
广东,广州医科大学,基础医学,586,32732,
广东,广州医科大学,预防医学,584,33926,
广东,广州医科大学,临床药学,583,34972,
广东,广州医科大学,食品卫生与营养学,583,35318,
广东,广州医科大学,生物技术,582,35612,
广东,广州医科大学,生物医学工程,582,35662,
广东,广州医科大学,药学,582,35689,
广东,广州医科大学,应用心理学,575,42623,
广东,广州医科大学,医学检验技术,569,48603,
广东,广州医科大学,医学技术类,565,52541,
广东,广州医科大学,公共事业管理,563,55799,
广东,广州医科大学,法学,563,54849,
广东,广州医科大学,护理学,561,58027,
山西,山西大学,物理学（国家基地）,592,28043,
山西,山西大学,计算机科学与技术,583,35597,
山西,山西大学,数学类,582,36460,
山西,山西大学,应用心理学,577,41134,
山西,山西大学,资源循环科学与工程,561,58058,
山西,山西大学,电气工程及其自动化,559,60356,
山西,山西大学,化学类,558,61483,
山西,山西大学,生物科学类,557,62657,
山西,山西大学,能源动力类,556,63828,
山西,太原理工大学,电气工程及其自动化,589,30449,
山西,太原理工大学,机械设计制造及其自动化,589,30449,
山西,太原理工大学,数据科学与大数据技术,589,30449,
山西,太原理工大学,通信工程,587,32105,
山西,太原理工大学,自动化,587,32105,
山西,太原理工大学,机械电子工程,586,32992,
山西,太原理工大学,能源与动力工程,585,33870,
山西,太原理工大学,材料科学与工程,584,34723,
山西,太原理工大学,土木工程,584,34723,
山西,太原理工大学,材料成型及控制工程,584,34723,
山西,太原理工大学,光电信息科学与工程,584,34723,
山西,太原理工大学,水利水电工程,584,34723,
山西,太原理工大学,测绘工程,584,34723,
海南,海南大学,信息安全,594,26492,
海南,海南大学,软件工程（NIIT）,593,27246,
海南,海南大学,计算机科学与技术,593,27246,
海南,海南大学,电子信息类,592,28043,
海南,海南大学,数据科学与大数据技术,592,28043,
海南,海南大学,风景园林,591,28817,
海南,海南大学,自动化,591,28817,
海南,海南大学,数学与应用数学,591,28817,
海南,海南大学,机械设计制造及其自动化,591,28817,
海南,海南大学,应用物理学,591,28817,
海南,海南大学,土木工程,590,29634,
海南,海南大学,车辆工程,590,29634,
海南,海南大学,密码科学与技术,589,30449,
海南,海南大学,建筑学,589,30449,
海南,海南大学,海洋工程与技术,589,30449,
海南,海南大学,物流管理,588,31286,
海南,海南大学,生物科学,588,31286,
海南,海南大学,园林,587,32105,
海南,海南大学,化学工程与工艺,586,32992,
海南,海南大学,药学,586,32992,
海南,海南大学,生物技术,586,32992,
海南,海南大学,环境科学,585,33870,
海南,海南大学,动物医学,585,33870,
海南,海南大学,植物保护,585,33870,
海南,海南大学,生物医学工程,585,33870,
海南,海南大学,食品科学与工程类,584,34723,
海南,海南大学,海洋科学,584,34723,
海南,海南大学,人工智能,583,35597,
海南,海南大学,应用化学,583,35597,
海南,海南大学,动物科学,583,35597,
海南,海南大学,水产养殖学,582,36460,
海南,海南大学,材料类,582,36460,
海南,海南大学,农学,581,37386,
海南,海南大学,会展经济与管理（中外合作办学）（中外合作办学）,574,44054,
海南,海南大学,人文地理与城乡规划（中外合作办学）（中外合作办学）,572,46090,
海南,海南大学,行政管理（中外合作办学）（中外合作办学）,565,53575,
海南,海南大学,酒店管理（中外合作办学）（中外合作办学）,564,54709,
上海,上海海事大学,法学（海商法）,579,39198,
上海,上海海事大学,交通管理（航运管理）,576,42116,
上海,上海海事大学,物流管理,573,45066,
上海,上海海事大学,交通运输,569,49261,
上海,上海海事大学,交通工程,566,52473,
上海,上海海事大学,管理科学,565,53575,
上海,上海海事大学,工业设计,564,54709,
上海,上海海事大学,能源与动力工程,564,54709,
上海,上海海事大学,电气类,563,55818,
上海,上海海事大学,计算机类,562,56910,
上海,上海海事大学,大数据管理与应用,562,56910,
上海,上海海事大学,电子信息类,561,58058,
上海,上海海事大学,物流管理与工程类,560,59174,
上海,上海海事大学,安全工程,559,60356,
上海,上海海事大学,港口航道与海岸工程,558,61483,
上海,上海海事大学,日语,558,61483,
上海,上海海事大学,材料科学与工程,558,61483,
上海,上海海事大学,经济学类,558,61483,
上海,上海海事大学,外国语言文学类,558,61483,
上海,上海海事大学,机械类,558,61483,
上海,上海海事大学,环境工程,557,62657,
上海,上海海事大学,船舶与海洋工程,557,62657,
上海,上海海事大学,数学类,557,62657,
海南,海南师范大学,网络空间安全,579,39198,
海南,海南师范大学,汉语言文学,569,49261,
海南,海南师范大学,数学与应用数学,569,49261,
海南,海南师范大学,英语,568,50326,
海南,海南师范大学,物理学,567,51402,
海南,海南师范大学,生物科学,566,52473,
海南,海南师范大学,地理科学类,566,52473,
海南,海南师范大学,法学,561,58058,
海南,海南师范大学,旅游管理类,561,58058,
海南,海南师范大学,化学,561,58058,
海南,海南师范大学,光电信息科学与工程,559,60356,
海南,海南师范大学,应用心理学,559,60356,
海南,海南师范大学,计算机科学与技术,558,61483,
海南,海南师范大学,教育学类,558,61483,
海南,海南师范大学,人工智能,555,65002,
海南,海南师范大学,电子信息科学与技术,555,65002,
海南,海南师范大学,软件工程（NIIT班）,549,72445,
海南,海南师范大学,学前教育（中外合作办学）,522,109732,
河南,中原工学院,机械类,514,121608,
河南,中原工学院,知识产权,512,124505,
河南,中原工学院,会展经济与管理,498,-,
山西,山西师范大学,教育技术学,528,101010,
山西,山西师范大学,小学教育,528,101010,
山西,山西师范大学,编辑出版学,525,105249,
山西,山西师范大学,食品质量与安全,523,108187,
山西,山西师范大学,环境生态工程,510,127721,
山西,山西财经大学,金融工程,543,80183,
山西,山西财经大学,金融数学,541,82775,
山西,山西财经大学,计算机科学与技术,540,84118,
山西,山西财经大学,信息管理与信息系统,539,85470,
山西,山西财经大学,资产评估,539,85470,
山西,山西财经大学,数据科学与大数据技术,539,85470,
山西,山西财经大学,国民经济管理,538,86831,
山西,山西财经大学,电子商务,537,88274,
山西,山西财经大学,物流管理,537,88274,
广西,南宁师范大学,数学与应用数学,551,69968,
广西,南宁师范大学,地理科学类,551,69968,
广西,南宁师范大学,化学,550,71202,
广西,南宁师范大学,小学教育,543,80183,
广西,南宁师范大学,软件工程,535,91030,
广西,南宁师范大学,教育技术学,535,91030,
广西,南宁师范大学,数字媒体技术,535,91030,
广西,南宁师范大学,计算机科学与技术,533,93825,
广西,南宁师范大学,土地资源管理,533,93825,
广西,南宁师范大学,物流管理,533,93825,
广西,南宁师范大学,电子信息工程,533,93825,
广西,南宁师范大学,旅游管理,517,117059,
山西,太原科技大学,计算机科学与技术,532,95201,
山西,太原科技大学,机械设计制造及其自动化,528,101010,
山西,太原科技大学,焊接技术与工程,528,101010,
山西,太原科技大学,应急技术与管理,528,101010,
山西,太原科技大学,材料成型及控制工程,527,102386,
山西,太原科技大学,交通运输,519,114059,
广东,岭南师范学院,英语（师范）,538,85882,
广东,岭南师范学院,地理科学（师范）,536,89450,
广东,岭南师范学院,数学与应用数学（师范）,535,90701,
广东,岭南师范学院,地理信息科学,532,95091,
广东,岭南师范学院,物理学（师范）,531,96053,
广东,岭南师范学院,翻译,529,98873,
广东,岭南师范学院,财务管理,528,100296,
广东,岭南师范学院,商务英语,528,100785,
广东,岭南师范学院,国际经济与贸易,526,102569,
广东,岭南师范学院,生物科学（师范）,526,103119,
广东,岭南师范学院,工商管理,526,103677,
广东,岭南师范学院,生物技术,524,105843,
广东,岭南师范学院,财务会计教育（师范）,524,106291,
广东,岭南师范学院,市场营销,524,105344,
广东,岭南师范学院,科学教育（师范）,524,105621,
广东,岭南师范学院,信息与计算科学,524,106369,
广东,岭南师范学院,统计学,524,106060,
广东,岭南师范学院,心理学（师范）,523,107914,
广东,岭南师范学院,化学（师范）,521,110188,
广东,岭南师范学院,计算机科学与技术,519,113036,
广东,岭南师范学院,电子商务,519,113327,
广东,岭南师范学院,应用化学,518,114697,
广东,岭南师范学院,法学,518,114410,
广东,岭南师范学院,学前教育（师范）,517,115696,
广东,岭南师范学院,社会工作,517,116813,
广东,岭南师范学院,烹饪与营养教育（师范）,516,118458,
广东,岭南师范学院,教育技术学（师范）,516,117563,
广东,岭南师范学院,软件工程,515,120046,
广东,岭南师范学院,食品质量与安全,515,118726,
广东,岭南师范学院,日语,515,118860,
广东,岭南师范学院,行政管理,515,119171,
广东,岭南师范学院,人力资源管理,515,118607,
广东,岭南师范学院,食品科学与工程,514,120890,
广东,岭南师范学院,数据科学与大数据技术,514,121415,
广东,岭南师范学院,化学工程与工艺,514,121006,
广东,岭南师范学院,制药工程,514,120848,
广东,岭南师范学院,高分子材料与工程,514,120739,
广东,岭南师范学院,电子信息工程,513,122511,
广东,岭南师范学院,物联网工程,513,122962,
广东,岭南师范学院,海洋资源开发技术,512,124228,
广东,岭南师范学院,人工智能,512,123121,
广东,岭南师范学院,园林,512,123790,
广东,岭南师范学院,机器人工程,511,125865,
广东,岭南师范学院,电气工程及其自动化,511,124660,
广东,岭南师范学院,机械设计制造及其自动化,511,125285,
广东,岭南师范学院,机电技术教育（师范）,511,125575,
广东,岭南师范学院,汽车服务工程（师范）,511,125775,
广东,岭南师范学院,应用物理学,507,131086,
广东,岭南师范学院,工业设计,507,131529,
广东,岭南师范学院,电气工程及其自动化（2+2）,500,142094,
广东,岭南师范学院,机械设计制造及其自动化（2+2）,499,143351,
广东,岭南师范学院,烹饪与营养教育（师范）（中外合作办学）,487,163223,
广东,广东药科大学,口腔医学,566,52412,
广东,广东药科大学,临床医学,556,62917,
广东,广东药科大学,中西医临床医学,552,68056,
广东,广东药科大学,临床药学,544,78902,
广东,广东药科大学,中医学,543,78973,
广东,广东药科大学,预防医学,539,84181,
广东,广东药科大学,药学类,537,88080,
广东,广东药科大学,制药工程,535,90093,
广东,广东药科大学,计算机科学与技术,531,95605,
广东,广东药科大学,医学检验技术,531,95578,
广东,广东药科大学,中药学类,528,100351,
广东,广东药科大学,生物信息学,527,101180,
广东,广东药科大学,海洋药学,527,102165,
广东,广东药科大学,生物科学类,525,104657,
广东,广东药科大学,生物工程类,525,104766,
广东,广东药科大学,卫生检验与检疫,525,104536,
广东,广东药科大学,英语,524,106149,
广东,广东药科大学,康复治疗学,521,109815,
广东,广东药科大学,化妆品科学与技术,520,112166,
广东,广东药科大学,智能医学工程,519,113078,
广东,广东药科大学,应用化学,518,114286,
广东,广东药科大学,药事管理,517,115956,
广东,广东药科大学,药学,517,115964,
广东,广东药科大学,食品质量与安全,517,115670,
广东,广东药科大学,食品科学与工程,517,116108,
广东,广东药科大学,护理学,517,115972,
广东,广东药科大学,计算机科学与技术,517,116787,
广东,广东药科大学,化学工程与工艺,517,116079,
广东,广东药科大学,数字媒体技术,516,117806,
广东,广东药科大学,电子信息工程,514,120580,
广东,广东药科大学,国际经济与贸易,512,123853,
广东,广东药科大学,生物医学工程,511,124589,
广东,广东药科大学,经济学,511,125403,
广东,广东药科大学,电子商务,510,126331,
广东,广东药科大学,物流管理,509,129156,
广东,广东药科大学,中药资源与开发,508,129440,
广东,广东药科大学,高分子材料与工程,508,129375,
广东,广东药科大学,工商管理类,508,129420,
广东,广东药科大学,健康服务与管理,508,129358,
广东,广东药科大学,中草药栽培与鉴定,508,129332,
广东,广东药科大学,公共事业管理,508,129295,
湖南,湖南文理学院,自动化,519,114059,
湖南,湖南文理学院,土木工程,514,121608,
湖南,湖南文理学院,动物科学,509,129220,
湖南,湖南文理学院,水产养殖学,508,130750,
湖南,湖南文理学院,食品科学与工程,508,130750,
湖南,湖南文理学院,医学检验技术,508,130750,
湖南,湖南文理学院,制药工程,507,132322,
广东,广东金融学院,金融学,542,80881,
广东,广东金融学院,计算机科学与技术,540,83938,
广东,广东金融学院,网络与新媒体,538,85639,
广东,广东金融学院,会计学,537,87141,
广东,广东金融学院,汉语言文学,537,88072,
广东,广东金融学院,软件工程,537,86999,
广东,广东金融学院,数据科学与大数据技术,536,88509,
广东,广东金融学院,法学,534,92344,
广东,广东金融学院,英语,532,94550,
广东,广东金融学院,金融工程,530,97456,
广东,广东金融学院,互联网金融,529,99092,
广东,广东金融学院,信息管理与信息系统,529,98533,
广东,广东金融学院,财政学,528,100249,
广东,广东金融学院,应用心理学,524,106295,
广东,广东金融学院,审计学,523,107341,
广东,广东金融学院,信息与计算科学,523,108047,
广东,广东金融学院,应用统计学,522,109704,
广东,广东金融学院,翻译,522,108854,
广东,广东金融学院,投资学,521,109934,
广东,广东金融学院,数学与应用数学,521,110727,
广东,广东金融学院,国际经济与贸易,521,110354,
广东,广东金融学院,金融科技,520,111829,
广东,广东金融学院,商务英语,519,113256,
广东,广东金融学院,财务管理,519,113599,
广东,广东金融学院,经济与金融,516,117374,
广东,广东金融学院,知识产权,516,118534,
广东,广东金融学院,文化产业管理,516,118469,
广东,广东金融学院,电子商务,515,119821,
广东,广东金融学院,经济学,514,120143,
广东,广东金融学院,经济统计学,514,121314,
广东,广东金融学院,金融数学,513,122182,
广东,广东金融学院,工商管理,513,121795,
广东,广东金融学院,金融学（2+2创新班）,513,122165,
广东,广东金融学院,人力资源管理,513,122693,
广东,广东金融学院,行政管理,512,124004,
广东,广东金融学院,会计学（2+2创新班）,511,125260,
广东,广东金融学院,金融学（2+2中澳班）,510,126308,
广东,广东金融学院,会计学（2+2国际班）,510,126360,
广东,广东金融学院,市场营销,510,126939,
广东,广东金融学院,电子商务及法律,510,126683,
广东,广东金融学院,会计学（2+2中澳班）,510,127309,
广东,广东金融学院,信用管理,510,127541,
广东,广东金融学院,劳动与社会保障,510,127368,
广东,广东金融学院,会计学（3+X国际班）,509,128136,
广东,广东金融学院,金融学（3+X国际班）,509,128082,
广东,广东金融学院,金融学（2+2国际班）,509,128049,
广东,广东金融学院,计算机科学与技术（2+2中澳班）,509,127854,
广东,广东金融学院,供应链管理,509,129220,
广东,广东金融学院,金融科技（2+2国际班）,509,127805,
广东,广东金融学院,国际商务,509,128944,
广东,广东金融学院,物流管理,509,128796,
广东,广东金融学院,资产评估,509,128274,
广东,广东金融学院,创业管理,509,128549,
广东,广东金融学院,劳动关系,509,128745,
广东,广东金融学院,精算学,508,129364,
广东,广东金融学院,信用风险管理与法律防控,508,129487,
广东,广东金融学院,保险学,508,129335,
广东,广东金融学院,社会工作,508,129455,
广东,广东金融学院,公共事业管理,508,129403,
广东,广东金融学院,酒店管理,508,129463,
海南,海南热带海洋学院,旅游管理类,510,127721,
海南,海南热带海洋学院,计算机类,509,129220,
海南,海南热带海洋学院,电子信息类,508,130750,
海南,海南热带海洋学院,海洋科学类,505,135500,
海南,海南热带海洋学院,生物科学类,505,135500,
海南,海南热带海洋学院,海洋资源与环境,505,135500,
海南,海南热带海洋学院,化学,504,137064,
海南,海南热带海洋学院,环境工程,504,137064,
海南,海南热带海洋学院,海洋渔业科学与技术,504,137064,
海南,海南热带海洋学院,水产养殖学,503,138594,
海南,海南热带海洋学院,食品科学与工程类,503,138594,
海南,海南热带海洋学院,市场营销（中外合作办学）,495,151171,
海南,海南热带海洋学院,旅游管理（中外合作办学）,492,156174,
山西,太原工业学院,计算机类,502,140151,
山西,太原工业学院,机械类,500,143271,
山西,太原工业学院,食品科学与工程类,498,146432,
山西,太原工业学院,化工与制药类,495,151171,
山西,太原工业学院,环境科学与工程类,495,151171,
山西,太原工业学院,材料类,495,151171,
湖南,湖南人文科技学院,法学,506,133903,
湖南,湖南人文科技学院,应用心理学,504,137064,
湖南,湖南人文科技学院,能源与动力工程,503,138594,
湖南,湖南人文科技学院,软件工程,503,138594,
湖南,湖南人文科技学院,财务管理,503,138594,
山西,吕梁学院,软件工程,501,141718,
山西,吕梁学院,电子信息工程,500,143271,
山西,山西科技学院,计算机科学与技术,505,135500,
山西,山西科技学院,信息管理与信息系统,504,137064,
山西,山西科技学院,电子商务,502,140151,
山西,山西科技学院,会计学,499,144857,
江西,南昌医学院,中医学,546,-,
江西,南昌医学院,中西医临床医学,546,-,
江西,南昌医学院,临床医学,538,-,
江西,南昌医学院,针灸推拿学,533,-,
江西,南昌医学院,口腔医学技术,529,-,
江西,南昌医学院,药学,529,-,
江西,南昌医学院,中药学,529,-,
江西,南昌医学院,护理学,528,-,
江西,南昌医学院,康复治疗学,527,-,
江西,南昌医学院,医学检验技术,525,-,
江西,南昌医学院,医学影像技术,525,-,
江西,南昌医学院,助产学,507,-,
江西,南昌医学院,保险学,503,-,
山西,山西晋中理工学院,区块链工程,485,167495,
