﻿省份,学校名称,专业,最低录取分,最低录取名次,选课要求
广东,中山大学,经济学类（金融学、经济学）,626,290,
广东,中山大学,汉语言文学（广州）,619,497,
广东,中山大学,法学,619,497,
广东,中山大学,工商管理类（工商管理、会计学）,617,579,
广东,中山大学,历史学（广州）,616,619,
广东,中山大学,新闻传播学类（新闻学、传播学）,616,619,
广东,中山大学,哲学类（哲学、逻辑学）,614,730,
广东,中山大学,汉语言文学（珠海）,614,730,
广东,中山大学,社会学类（社会学、人类学、考古学）,610,942,
广东,中山大学,历史学（珠海）,610,942,
广东,中山大学,哲学,609,998,
广东,中山大学,外国语言文学类（英语、德语、法语、日语）,608,1053,
广东,中山大学,公共管理类（行政管理、政治学与行政学）,607,1119,
广东,中山大学,经济学类（经济学、金融学）,606,1184,
广东,中山大学,国际政治,606,1184,
广东,中山大学,工商管理,605,1264,
广东,中山大学,外国语言文学类（英语、阿拉伯语、西班牙语、朝鲜语、俄语）,604,1326,
广东,中山大学,经济学,603,1423,
广东,中山大学,旅游管理类（旅游管理、会展经济与管理）,602,1504,
广东,华南理工大学,法学（卓越法律班）,605,1264,
广东,华南理工大学,经济学（创新班）,605,1264,
广东,华南理工大学,法学类,598,1881,
广东,华南理工大学,新闻传播学类,597,1981,
广东,华南理工大学,工商管理类,596,2075,
广东,华南理工大学,经济学类,595,2168,
广东,华南理工大学,传播学（2+2联合班）,595,2168,
广东,华南理工大学,行政管理,594,2277,
广东,华南理工大学,日语,593,2388,
广东,华南理工大学,商务英语,592,2520,
广东,华南理工大学,旅游管理类,592,2520,
广东,广州医科大学,预防医学,567,7062,
广东,广州医科大学,药学,558,9832,
广东,广州医科大学,临床药学,556,10203,
广东,广州医科大学,中西医临床医学,556,10223,
广东,广州医科大学,食品卫生与营养学,556,10298,
广东,广州医科大学,医学检验技术,550,12376,
广东,广州医科大学,应用心理学,545,14686,
广东,广州医科大学,医学技术类,544,15069,
广东,广州医科大学,护理学,543,15273,
广东,广州医科大学,法学,543,15203,
广东,广州医科大学,公共事业管理,541,16072,
山西,山西大学,哲学类,560,9194,
山西,山西大学,考古学,546,14335,
山西,山西大学,汉语言文学,546,14335,
山西,山西大学,政治学类,546,14335,
山西,山西大学,英语,542,16011,
海南,海南大学,行政管理,583,3808,
海南,海南大学,法学,578,4688,
海南,海南大学,传播学,571,6197,
海南,海南大学,汉语言文学,570,6430,
海南,海南大学,思想政治教育,570,6430,
海南,海南大学,金融学,570,6430,
海南,海南大学,国际经济与贸易,568,6923,
海南,海南大学,会计学,568,6923,
海南,海南大学,工商管理,568,6923,
海南,海南大学,农林经济管理,567,7184,
海南,海南大学,戏剧影视文学,567,7184,
海南,海南大学,旅游管理类,567,7184,
海南,海南大学,日语,567,7184,
海南,海南大学,英语,566,7447,
海南,海南大学,俄语,566,7447,
海南,海南大学,会展经济与管理（中外合作办学）（中外合作办学）,534,19631,
海南,海南大学,人文地理与城乡规划（中外合作办学）（中外合作办学）,531,21174,
海南,海南大学,行政管理（中外合作办学）（中外合作办学）,531,21174,
海南,海南大学,酒店管理（中外合作办学）（中外合作办学）,499,42247,
上海,上海海事大学,法学（海商法）,561,8875,
上海,上海海事大学,交通管理（航运管理）,561,8875,
上海,上海海事大学,日语,547,13941,
上海,上海海事大学,经济学类,547,13941,
上海,上海海事大学,外国语言文学类,543,15597,
海南,海南师范大学,英语,547,13941,
海南,海南师范大学,汉语言文学,546,14335,
海南,海南师范大学,历史学,545,14755,
海南,海南师范大学,法学,545,14755,
海南,海南师范大学,旅游管理类,545,14755,
海南,海南师范大学,汉语国际教育,544,15165,
海南,海南师范大学,地理科学类,542,16011,
海南,海南师范大学,教育学类,540,16827,
海南,海南师范大学,应用心理学,539,17253,
海南,海南师范大学,学前教育（中外合作办学）,508,35492,
山西,山西师范大学,历史学,540,16827,
山西,山西师范大学,编辑出版学,537,18183,
山西,山西师范大学,小学教育,536,18665,
山西,山西财经大学,人力资源管理,528,22823,
山西,山西财经大学,财政学,528,22823,
山西,山西财经大学,新闻学,527,23391,
山西,山西财经大学,税收学,526,23934,
山西,山西财经大学,能源经济,525,24537,
山西,山西财经大学,贸易经济,524,25160,
山西,山西财经大学,农林经济管理,524,25160,
山西,山西财经大学,土地资源管理,524,25160,
山西,山西财经大学,资源与环境经济学,524,25160,
广西,南宁师范大学,汉语言文学,535,19151,
广西,南宁师范大学,英语,532,20613,
广西,南宁师范大学,商务英语,527,23391,
广西,南宁师范大学,秘书学,527,23391,
广西,南宁师范大学,工商管理类,525,24537,
广西,南宁师范大学,社会工作,524,25160,
广西,南宁师范大学,国际经济与贸易,523,25748,
广东,岭南师范学院,汉语言文学（师范）,527,23391,
广东,岭南师范学院,汉语国际教育（师范）,523,25382,
广东,岭南师范学院,思想政治教育（师范）,521,26935,
广东,岭南师范学院,网络与新媒体,521,26878,
广东,岭南师范学院,英语（师范）,520,27243,
广东,岭南师范学院,财务会计教育（师范）,520,27083,
广东,岭南师范学院,财务管理,520,27377,
广东,岭南师范学院,国际经济与贸易,519,27555,
广东,岭南师范学院,市场营销,519,27759,
广东,岭南师范学院,电子商务,519,27700,
广东,岭南师范学院,新闻学,519,27806,
广东,岭南师范学院,工商管理,519,27722,
广东,岭南师范学院,统计学,519,27851,
广东,岭南师范学院,历史学（师范）,518,28335,
广东,岭南师范学院,商务英语,517,29085,
广东,岭南师范学院,心理学（师范）,516,29915,
广东,岭南师范学院,地理科学（师范）,516,30029,
广东,岭南师范学院,翻译,516,29577,
广东,岭南师范学院,地理信息科学,515,30482,
广东,岭南师范学院,法学,514,31000,
广东,岭南师范学院,社会工作,513,31808,
广东,岭南师范学院,园林,512,32154,
广东,岭南师范学院,学前教育（师范）,512,32260,
广东,岭南师范学院,烹饪与营养教育（师范）,512,32285,
广东,岭南师范学院,日语,512,32157,
广东,岭南师范学院,行政管理,512,32304,
广东,岭南师范学院,人力资源管理,512,32184,
广东,岭南师范学院,烹饪与营养教育（师范）（中外合作办学）,478,59615,
广东,广东药科大学,中西医临床医学,548,13238,
广东,广东药科大学,中医学,539,16869,
广东,广东药科大学,预防医学,534,19161,
广东,广东药科大学,护理学,530,21620,
广东,广东药科大学,英语,518,28746,
广东,广东药科大学,卫生检验与检疫,513,31974,
广东,广东药科大学,国际经济与贸易,507,35570,
广东,广东药科大学,经济学,506,36282,
广东,广东药科大学,电子商务,505,37491,
广东,广东药科大学,康复治疗学,503,39082,
广东,广东药科大学,健康服务与管理,503,38811,
广东,广东药科大学,公共事业管理,503,38893,
广东,广东药科大学,工商管理类,503,38876,
广东,广东药科大学,物流管理,503,38878,
广东,广东药科大学,市场营销,503,38805,
湖南,湖南文理学院,汉语言文学（师范）,527,23391,
湖南,湖南文理学院,国际经济与贸易,514,31417,
湖南,湖南文理学院,法学,514,31417,
湖南,湖南文理学院,电子商务及法律,512,32701,
湖南,湖南文理学院,会计学,508,35492,
湖南,湖南文理学院,商务英语,508,35492,
湖南,湖南文理学院,财务管理,507,36220,
湖南,湖南文理学院,城乡规划,507,36220,
广东,广东金融学院,会计学,529,22240,
广东,广东金融学院,金融学,528,22498,
广东,广东金融学院,网络与新媒体,527,23263,
广东,广东金融学院,法学,526,23900,
广东,广东金融学院,汉语言文学,524,24707,
广东,广东金融学院,财政学,524,24699,
广东,广东金融学院,审计学,524,24731,
广东,广东金融学院,财务管理,521,26532,
广东,广东金融学院,知识产权,521,26336,
广东,广东金融学院,电子商务及法律,521,26769,
广东,广东金融学院,英语,519,27617,
广东,广东金融学院,应用心理学,518,28498,
广东,广东金融学院,投资学,517,29050,
广东,广东金融学院,文化产业管理,517,29350,
广东,广东金融学院,资产评估,516,30083,
广东,广东金融学院,国际经济与贸易,514,31174,
广东,广东金融学院,工商管理,509,34638,
广东,广东金融学院,商务英语,508,34949,
广东,广东金融学院,翻译,508,35412,
广东,广东金融学院,行政管理,508,35476,
广东,广东金融学院,社会工作,506,36889,
广东,广东金融学院,市场营销,505,37088,
广东,广东金融学院,会计学（2+2创新班）,505,37155,
广东,广东金融学院,人力资源管理,504,38438,
广东,广东金融学院,金融学（2+2创新班）,504,37980,
广东,广东金融学院,国际商务,503,38654,
广东,广东金融学院,酒店管理,503,39049,
广东,广东金融学院,信用风险管理与法律防控,502,39362,
广东,广东金融学院,创业管理,502,39637,
广东,广东金融学院,保险学,502,39554,
广东,广东金融学院,信用管理,502,39609,
广东,广东金融学院,劳动与社会保障,502,39741,
广东,广东金融学院,公共事业管理,502,39759,
广东,广东金融学院,劳动关系,502,39761,
广东,广东金融学院,会计学（3+X国际班）,499,42197,
广东,广东金融学院,会计学（2+2国际班）,496,44087,
广东,广东金融学院,会计学（2+2中澳班）,496,44124,
广东,广东金融学院,金融学（2+2中澳班）,495,45040,
广东,广东金融学院,金融学（3+X国际班）,494,45464,
广东,广东金融学院,金融学（2+2国际班）,494,45587,
海南,海南热带海洋学院,国际事务与国际关系,506,36974,
海南,海南热带海洋学院,英语,502,39966,
海南,海南热带海洋学院,新闻学,501,40713,
海南,海南热带海洋学院,中国语言文学类,501,40713,
海南,海南热带海洋学院,社会工作,501,40713,
海南,海南热带海洋学院,俄语,501,40713,
海南,海南热带海洋学院,学前教育,500,41466,
海南,海南热带海洋学院,旅游管理类,500,41466,
海南,海南热带海洋学院,物流管理,500,41466,
海南,海南热带海洋学院,旅游管理（中外合作办学）,489,50544,
海南,海南热带海洋学院,市场营销（中外合作办学）,487,52261,
湖南,湖南人文科技学院,应用心理学,504,38465,
湖南,湖南人文科技学院,法学,503,39226,
湖南,湖南人文科技学院,财务管理,502,39966,
湖南,湖南人文科技学院,思想政治教育,500,41466,
山西,吕梁学院,思想政治教育,499,42247,
江西,南昌医学院,中医学,524,-,
江西,南昌医学院,护理学,511,-,
江西,南昌医学院,针灸推拿学,511,-,
山西,山西晋中理工学院,经济学,484,54970,
