﻿省份,学校名称,专业,最低录取分,最低录取名次,选课要求
北京,首都师范大学,公共管理类,574,2149,
北京,清华大学,文科试验班类（经济、金融与管理）,677,1,
北京,北京大学,经济学类,685,1,
北京,北京大学,文科试验班类,678,1,
北京,北京大学,公共管理类,670,1,
北京,北京大学,法学,666,1,
北京,北京大学,社会学类,664,1,
北京,北京大学,工商管理类,664,1,
北京,北京大学,国际政治（国政、外交学、国际政经）,663,1,
北京,北京大学,新闻传播学类,660,12,
北京,北京大学,信息管理与信息系统,658,15,
北京,北京大学,中国语言文学类,658,15,
北京,北京大学,历史学类,657,19,
北京,北京大学,英语,657,19,
浙江,浙江大学,社会科学试验班,641,68,
上海,上海交通大学,经济管理试验班,649,38,
上海,复旦大学,经济学类（含荷兰格罗宁根大学双学位项目）,651,27,
上海,复旦大学,法学（卓越法律人才基地）,648,42,
上海,复旦大学,新闻传播学类（卓越新闻人才计划）,648,42,
上海,复旦大学,中国语言文学类,647,47,
江苏,南京大学,经济管理试验班,639,77,
江苏,南京大学,社会科学试验班,638,81,
江苏,南京大学,人文科学试验班（人文艺术传播类）,638,81,
湖北,华中科技大学,新闻传播学类,620,269,
湖北,华中科技大学,工商管理类,613,416,
湖北,华中科技大学,公共管理类,612,438,
湖北,华中科技大学,中国语言文学类,609,504,
湖北,华中科技大学,建筑类（五年制）,609,504,
湖北,华中科技大学,社会学类,608,536,
湖北,武汉大学,经济学类,637,89,
湖北,武汉大学,新闻传播学类,632,121,
湖北,武汉大学,工商管理类,631,125,
湖北,武汉大学,中国语言文学类,630,132,
湖北,武汉大学,社会科学试验班（信息管理类）,628,165,
湖北,武汉大学,公共管理类,628,165,
湖北,武汉大学,哲学类,626,187,
湖北,武汉大学,政治学类,625,196,
湖北,武汉大学,外国语言文学类,624,211,
湖北,武汉大学,社会学类,624,211,
湖北,武汉大学,历史学类,624,211,
四川,四川大学,法学,618,310,
四川,四川大学,新闻传播学类,615,374,
四川,四川大学,经济学类,613,416,
四川,四川大学,汉语言文学（基地班）,613,416,
四川,四川大学,历史学类,612,438,
四川,四川大学,档案学,610,476,
四川,四川大学,社会工作,610,476,
广东,中山大学,工商管理类,634,112,
广东,中山大学,经济学类（广州）,630,132,
广东,中山大学,汉语言文学（广州）,623,224,
广东,中山大学,外国语言文学类（广州）,622,235,
广东,中山大学,经济学类（珠海）,621,253,
广东,中山大学,法学,621,253,
广东,中山大学,外国语言文学类（珠海）,621,253,
广东,中山大学,旅游管理类,620,269,
广东,中山大学,图书情报与档案管理类,619,290,
广东,中山大学,哲学（珠海）,619,290,
广东,中山大学,公共管理类,618,310,
广东,中山大学,历史学（珠海）,618,310,
广东,中山大学,新闻传播学类,618,310,
广东,中山大学,社会学类,618,310,
江苏,东南大学,文科试验班类,608,536,
北京,北京理工大学,社会科学试验班（精品文科班）,601,732,
北京,中国人民大学,金融学类,648,42,
北京,中国人民大学,经济学类,645,51,
北京,中国人民大学,新闻传播学类,643,60,
北京,中国人民大学,社会科学试验班（管理学科类）,642,63,
北京,中国人民大学,工商管理类,641,68,
天津,南开大学,金融学类,621,253,
天津,南开大学,经济学类,617,329,
天津,南开大学,公共管理类（含社会学、政治学、公共管理及心理学）,616,347,
天津,南开大学,工商管理类（含工商、图档、管科、国会）,615,374,
天津,南开大学,中国语言文学类,615,374,
天津,南开大学,旅游管理类,615,374,
山东,山东大学,经济学类,607,569,
山东,山东大学,工商管理类,605,623,
山东,山东大学,中国语言文学类,605,623,
山东,山东大学,法学类,605,623,
山东,山东大学,政治学类,602,708,
山东,山东大学,新闻传播学类,602,708,
山东,山东大学,社会学类,601,732,
山东,山东大学,公共管理类,601,732,
山东,山东大学,外国语言文学类（非英语）,599,808,
湖南,中南大学,金融学类（经济管理类）,602,708,
湖南,中南大学,外国语言文学类,601,732,
湖南,中南大学,法学类,601,732,
湖南,中南大学,中国语言文学类,601,732,
广东,华南理工大学,工商管理类,606,595,
广东,华南理工大学,经济学类,602,708,
广东,华南理工大学,新闻传播学类,602,708,
广东,华南理工大学,法学类,601,732,
广东,华南理工大学,旅游管理类,600,768,
广东,华南理工大学,行政管理,599,808,
广东,华南理工大学,商务英语,599,808,
福建,厦门大学,会计学,637,89,
福建,厦门大学,工商管理类,624,211,
福建,厦门大学,新闻传播学类,623,224,
福建,厦门大学,法学类,621,253,
福建,厦门大学,政治学类,620,269,
福建,厦门大学,人文科学试验班,619,290,
福建,厦门大学,法语,618,310,
福建,厦门大学,经济学类,616,347,
福建,厦门大学,公共管理类,616,347,
福建,厦门大学,社会学类,615,374,
福建,厦门大学,英语,615,374,
吉林,吉林大学,法学,598,842,
吉林,吉林大学,汉语言文学,595,966,
吉林,吉林大学,经济学类,594,1006,
吉林,吉林大学,新闻传播学类,593,1045,
吉林,吉林大学,西班牙语,593,1045,
上海,华东师范大学,汉语言文学,632,121,
上海,华东师范大学,新闻传播学类,624,211,
上海,华东师范大学,金融学类,620,269,
上海,华东师范大学,英语,617,329,
上海,华东师范大学,历史学,617,329,
上海,华东师范大学,汉语国际教育,617,329,
上海,华东师范大学,哲学,616,347,
上海,华东师范大学,教育学类,615,374,
上海,华东师范大学,工商管理类,615,374,
上海,华东师范大学,公共管理类,614,398,
北京,中国农业大学,国际经济与贸易（中外合作办学）,580,1729,
北京,中国农业大学,农林经济管理（中外合作办学）,577,1911,
北京,中国农业大学,传播学（中外合作办学）,576,1988,
湖南,湖南大学,保险学,609,504,
湖南,湖南大学,人文科学试验班,605,623,
湖南,湖南大学,国际经济与贸易,604,645,
湖南,湖南大学,英语,602,708,
湖南,湖南大学,经济学类,602,708,
湖南,湖南大学,新闻传播学类,601,732,
湖南,湖南大学,汉语言文学,601,732,
湖南,湖南大学,历史学,600,768,
湖南,湖南大学,日语,599,808,
湖南,湖南大学,金融学,599,808,
湖南,湖南大学,工商管理,599,808,
湖南,湖南大学,行政管理,599,808,
湖南,湖南大学,会计学,598,842,
湖南,湖南大学,法学,587,1345,
上海,上海财经大学,国际经济与贸易,632,121,
上海,上海财经大学,会计学,611,452,
上海,上海财经大学,社会学,609,504,
上海,上海财经大学,工商管理类,598,842,
上海,上海财经大学,法学,597,882,
重庆,重庆大学,经济学类,606,595,
重庆,重庆大学,法学类,603,672,
重庆,重庆大学,外国语言文学类,599,808,
重庆,重庆大学,新闻传播学类,599,808,
重庆,重庆大学,公共管理类,599,808,
甘肃,兰州大学,工商管理类,587,1345,
甘肃,兰州大学,新闻传播学类,585,1442,
甘肃,兰州大学,历史学类,584,1484,
北京,北京交通大学,经济管理试验班,600,768,
北京,北京交通大学,外国语言文学类,598,842,
北京,北京交通大学,新闻传播学类,595,966,
湖北,华中农业大学,经济学类,581,1659,
湖北,华中农业大学,工商管理类,581,1659,
湖北,华中农业大学,法学,580,1729,
湖北,华中农业大学,社会学类,576,1988,
湖北,华中农业大学,广告学,575,2068,
湖北,华中农业大学,外国语言文学类,575,2068,
湖北,华中农业大学,公共管理类,575,2068,
江苏,苏州大学,新闻传播学类,601,732,
江苏,苏州大学,法学,600,768,
江苏,苏州大学,中国语言文学类,599,808,
江苏,苏州大学,财政学,598,842,
江苏,苏州大学,社会学,598,842,
江苏,苏州大学,思想政治教育,598,842,
江苏,苏州大学,历史学（师范）,598,842,
江苏,苏州大学,英语（师范）,598,842,
江苏,苏州大学,日语,597,882,
江苏,苏州大学,劳动与社会保障,596,926,
江苏,苏州大学,会计学,596,926,
江苏,苏州大学,工商管理,596,926,
江苏,苏州大学,行政管理,596,926,
江苏,苏州大学,管理科学,596,926,
江苏,苏州大学,人力资源管理,596,926,
江苏,苏州大学,图书情报与档案管理类,595,966,
江苏,苏州大学,物流管理,594,1006,
江苏,苏州大学,教育学（师范）,594,1006,
吉林,东北师范大学,政治学类,591,1141,
吉林,东北师范大学,汉语言文学,588,1290,
吉林,东北师范大学,行政管理,584,1484,
吉林,东北师范大学,商务英语,582,1603,
吉林,东北师范大学,历史学,581,1659,
北京,中央财经大学,经济学类,615,374,
北京,中央财经大学,财政学类,614,398,
北京,中央财经大学,金融学类,614,398,
北京,中央财经大学,工商管理类（会计学院）,611,452,
北京,中央财经大学,工商管理类（商学院）,610,476,
北京,中央财经大学,法学,610,476,
北京,中央财经大学,新闻传播学类,610,476,
北京,中央财经大学,社会学类,609,504,
北京,中央财经大学,公共管理类,609,504,
上海,上海大学,人文社科类,598,842,
上海,上海大学,社会学类（代表人文社科类）,598,842,
北京,中国政法大学,法学,616,347,
北京,中国政法大学,行政管理,616,347,
北京,中国政法大学,英语（法律英语方向）,614,398,
北京,中国政法大学,工商管理,613,416,
北京,中国政法大学,新闻学,613,416,
北京,中国政法大学,汉语言文学,612,438,
北京,中国政法大学,网络与新媒体,612,438,
北京,中国政法大学,公共事业管理,611,452,
广东,暨南大学,会计学（注册会计师）,601,732,
广东,暨南大学,国际经济与贸易,600,768,
广东,暨南大学,商务英语,599,808,
广东,暨南大学,财务管理,597,882,
广东,暨南大学,汉语言文学,596,926,
广东,暨南大学,会展经济与管理,596,926,
广东,暨南大学,翻译,596,926,
广东,暨南大学,电子商务,595,966,
广东,暨南大学,旅游管理,595,966,
北京,对外经济贸易大学,经济学类（国际经济与贸易、财政学、税收学）,619,290,
北京,对外经济贸易大学,工商管理类（会计学、财务管理、人力资源管理、市场营销、工商管理）,619,290,
北京,对外经济贸易大学,金融学类（金融学、金融工程、投资学）,619,290,
北京,对外经济贸易大学,保险学,618,310,
北京,对外经济贸易大学,法学类（法学）,616,347,
北京,对外经济贸易大学,外国语言文学类（商务英语、翻译、英语）,616,347,
北京,对外经济贸易大学,公共管理类（海关管理、行政管理、公共事业管理）,613,416,
北京,对外经济贸易大学,政治学类（国际政治、政治学与行政学）,612,438,
北京,对外经济贸易大学,中国语言文学类（汉语国际教育、汉语言文学）,610,476,
北京,中国石油大学（北京）,英语,579,1780,
北京,中国石油大学（北京）,工商管理类,578,1849,
江苏,南京农业大学,社会学类,576,1988,
湖北,华中师范大学,中国语言文学类,610,476,
湖北,华中师范大学,历史学类,600,768,
湖北,华中师范大学,新闻传播学类,595,966,
湖北,华中师范大学,经济学类,592,1093,
湖北,华中师范大学,法学类,592,1093,
湖北,华中师范大学,公共管理类,592,1093,
湖北,华中师范大学,政治学类,592,1093,
湖北,华中师范大学,社会学类,592,1093,
河南,郑州大学,工商管理类,588,1290,
河南,郑州大学,经济学类,588,1290,
河南,郑州大学,法学类,587,1345,
河南,郑州大学,中国语言文学类,587,1345,
河南,郑州大学,公共管理类,583,1538,
河南,郑州大学,新闻传播学类,582,1603,
河南,郑州大学,旅游管理类,582,1603,
四川,西南交通大学,法学,588,1290,
四川,西南交通大学,外国语言文学类,585,1442,
四川,西南交通大学,新闻传播学类,582,1603,
四川,西南交通大学,汉语言文学,581,1659,
四川,西南交通大学,思想政治教育,580,1729,
四川,西南交通大学,公共事业管理,580,1729,
湖北,武汉理工大学,新闻传播学类,584,1484,
湖北,武汉理工大学,工商管理类,582,1603,
湖北,武汉理工大学,外国语言文学类,578,1849,
山东,中国海洋大学,会计学,593,1045,
山东,中国海洋大学,法学,593,1045,
山东,中国海洋大学,国际经济与贸易,591,1141,
山东,中国海洋大学,汉语言文学,590,1188,
山东,中国海洋大学,政治学与行政学,589,1240,
山东,中国海洋大学,朝鲜语,589,1240,
山东,中国海洋大学,行政管理,589,1240,
山东,中国海洋大学,日语,589,1240,
山东,中国海洋大学,新闻传播学类,588,1290,
山东,中国海洋大学,文化产业管理,588,1290,
山东,中国海洋大学,市场营销,588,1290,
黑龙江,哈尔滨医科大学,公共事业管理,554,3982,
黑龙江,哈尔滨医科大学,法学,535,6670,
湖北,中国地质大学（武汉）,工商管理类,584,1482,
湖北,中国地质大学（武汉）,法学,582,1581,
湖北,中国地质大学（武汉）,思想政治教育,581,1650,
湖北,中国地质大学（武汉）,公共管理类,579,1785,
江苏,江南大学,工商管理,580,1729,
江苏,江南大学,汉语言文学,579,1780,
江苏,江南大学,教育学类,578,1849,
江苏,河海大学,会计学,593,1045,
江苏,河海大学,财务管理,591,1141,
江苏,河海大学,广播电视学,591,1141,
江苏,河海大学,国际经济与贸易,591,1141,
江苏,河海大学,法学,588,1290,
江苏,河海大学,英语,587,1345,
江苏,河海大学,土地资源管理,587,1345,
江苏,河海大学,人力资源管理,587,1345,
江苏,河海大学,市场营销,586,1401,
江苏,河海大学,社会学,586,1401,
江苏,河海大学,工商管理（常州校区）,586,1401,
江苏,河海大学,思想政治教育,585,1442,
江苏,河海大学,劳动与社会保障,585,1442,
江苏,河海大学,国际经济与贸易（常州校区）,584,1484,
江苏,南京师范大学,古典文献学,592,1093,
江苏,南京师范大学,思想政治教育（师范、非师范）,590,1188,
江苏,南京师范大学,工商管理类,589,1240,
江苏,南京师范大学,小学教育,587,1345,
江苏,南京师范大学,公共管理类,586,1401,
北京,北京化工大学,法学,575,2068,
北京,北京化工大学,工商管理类,575,2068,
北京,北京化工大学,英语,572,2299,
北京,北京化工大学,公共管理类,571,2381,
湖北,中南财经政法大学,法语,610,476,
湖北,中南财经政法大学,会计学,608,536,
湖北,中南财经政法大学,金融学类,606,595,
湖北,中南财经政法大学,经济学,603,672,
湖北,中南财经政法大学,财务管理,602,708,
湖北,中南财经政法大学,财政学类,601,732,
湖北,中南财经政法大学,法学类（民商法、涉外经贸、政府法制、刑事司法）,599,808,
湖北,中南财经政法大学,经济与贸易类,597,882,
湖北,中南财经政法大学,新闻传播学类,597,882,
湖北,中南财经政法大学,管理科学与工程类,597,882,
湖北,中南财经政法大学,劳动关系,596,926,
湖北,中南财经政法大学,汉语言文学,596,926,
湖北,中南财经政法大学,外国语言文学类,595,966,
湖北,中南财经政法大学,社会学,595,966,
湖北,中南财经政法大学,工商管理类,594,1006,
湖北,中南财经政法大学,管理科学,594,1006,
湖北,中南财经政法大学,哲学,594,1006,
湖北,中南财经政法大学,日语,594,1006,
湖北,中南财经政法大学,国际商务,594,1006,
湖北,中南财经政法大学,公共管理类,594,1006,
陕西,西北大学,法学,585,1442,
陕西,西北大学,文物与博物馆学,583,1538,
陕西,西北大学,经济学,581,1659,
陕西,西北大学,历史学类,578,1849,
陕西,西北大学,汉语言文学,577,1911,
陕西,西北大学,工商管理类,576,1988,
陕西,西北大学,公共管理类,576,1988,
陕西,西北大学,旅游管理,575,2068,
陕西,西北大学,图书情报与档案管理类,575,2068,
天津,天津医科大学,法学,558,3538,
广东,深圳大学,人力资源管理,596,926,
广东,深圳大学,德语,594,1006,
广东,深圳大学,法学,592,1093,
广东,深圳大学,新闻学,591,1141,
广东,深圳大学,国际经济与贸易,589,1240,
广东,深圳大学,工商管理,589,1240,
广东,深圳大学,英语,589,1240,
重庆,西南大学,法学,593,1045,
重庆,西南大学,新闻学,593,1045,
重庆,西南大学,中国语言文学类,593,1045,
重庆,西南大学,工商管理类,592,1093,
重庆,西南大学,文化产业管理,589,1240,
重庆,西南大学,公共管理类,589,1240,
重庆,西南大学,思想政治教育,588,1290,
重庆,西南大学,农业经济管理类,588,1290,
重庆,西南大学,心理学（公费师范）,579,1780,
重庆,西南大学,地理科学（公费师范）,573,2226,
重庆,西南大学,英语（公费师范）,572,2299,
重庆,西南大学,学前教育（公费师范）,572,2299,
重庆,西南大学,汉语言文学（公费师范）,572,2299,
重庆,西南大学,历史学（公费师范）,571,2381,
重庆,西南大学,思想政治教育（公费师范）,570,2452,
重庆,西南大学,特殊教育（公费师范）,569,2530,
陕西,陕西师范大学,中国语言文学类,591,1141,
陕西,陕西师范大学,外国语言文学类（英语）,591,1141,
陕西,陕西师范大学,思想政治教育（师范）,587,1345,
陕西,陕西师范大学,历史学类,586,1401,
陕西,陕西师范大学,教育学类,584,1484,
陕西,陕西师范大学,外国语言文学类（非英语）,579,1780,
陕西,陕西师范大学,公共管理类,578,1849,
福建,福州大学,会计学,589,1240,
福建,福州大学,国际经济与贸易,584,1484,
福建,福州大学,法学,584,1484,
福建,福州大学,英语,584,1484,
福建,福州大学,汉语言文学,583,1538,
福建,福州大学,社会学,579,1780,
四川,西南财经大学,会计学（双语实验班）,605,623,
四川,西南财经大学,法学（法学与会计学双学位班）,604,645,
四川,西南财经大学,金融学类,603,672,
四川,西南财经大学,经济学（国家经济学基础人才培养基地班）,601,732,
四川,西南财经大学,金融学（双语实验班）,598,842,
四川,西南财经大学,保险学,597,882,
四川,西南财经大学,财政学类,596,926,
四川,西南财经大学,人力资源管理,594,1006,
四川,西南财经大学,工商管理类（工商学院）,593,1045,
四川,西南财经大学,金融学（证券与期货方向）,593,1045,
四川,西南财经大学,工商管理（双语实验班）,593,1045,
四川,西南财经大学,行政管理,592,1093,
四川,西南财经大学,保险学（财务与会计双语实验班）,591,1141,
四川,西南财经大学,财务管理（双语实验班）,591,1141,
四川,西南财经大学,经济与贸易类,590,1188,
四川,西南财经大学,法学,589,1240,
四川,西南财经大学,外国语言文学类,589,1240,
四川,西南财经大学,劳动与社会保障,588,1290,
四川,西南财经大学,新闻学（经济新闻方向）,588,1290,
四川,西南财经大学,汉语言文学（财经文秘方向）,587,1345,
江苏,江苏大学,英语,572,2299,
江苏,江苏大学,汉语言文学（专业代码：065）,560,3308,
江苏,江苏大学,汉语言文学（专业代码：066）,559,3426,
江苏,江苏大学,思想政治教育,554,3982,
陕西,西北农林科技大学,法学,577,1911,
陕西,西北农林科技大学,英语,575,2068,
陕西,西北农林科技大学,汉语国际教育,571,2381,
陕西,西北农林科技大学,公共管理类,571,2381,
陕西,西北农林科技大学,社会学类,569,2530,
江西,南昌大学,广播电视学,581,1659,
江西,南昌大学,金融学,577,1911,
江西,南昌大学,中国语言文学类,577,1911,
江西,南昌大学,法语,576,1988,
江西,南昌大学,法学类,576,1988,
江西,南昌大学,工商管理类,576,1988,
江西,南昌大学,劳动与社会保障,575,2068,
广东,南方医科大学,中医学,575,2068,
广东,南方医科大学,外国语言文学类,573,2226,
广东,南方医科大学,康复治疗学,558,3538,
广东,南方医科大学,护理学,556,3757,
广东,南方医科大学,公共事业管理,554,3982,
广东,南方医科大学,法学（卫生法学）,553,4121,
北京,华北电力大学,工商管理类,588,1290,
北京,华北电力大学,法学类,586,1401,
北京,华北电力大学,公共管理类,581,1659,
北京,华北电力大学,外国语言文学类,580,1729,
广东,华南师范大学,学前教育（师范）,591,1141,
广东,华南师范大学,行政管理,587,1345,
广东,华南师范大学,历史学（师范）,585,1442,
广东,华南师范大学,旅游管理,584,1484,
广东,华南师范大学,社会工作,584,1484,
江苏,扬州大学,法语,569,2530,
江苏,扬州大学,广播电视学,569,2530,
江苏,扬州大学,中国语言文学类,564,2930,
江苏,扬州大学,工商管理类,562,3110,
江苏,扬州大学,日语,561,3201,
江苏,扬州大学,外国语言文学类,557,3650,
江苏,扬州大学,秘书学,556,3757,
江苏,扬州大学,旅游管理,555,3863,
江苏,扬州大学,法学,555,3863,
江苏,扬州大学,朝鲜语,549,4590,
北京,北京外国语大学,法语,624,211,
北京,北京外国语大学,西班牙语,620,269,
北京,北京外国语大学,德语,619,290,
北京,北京外国语大学,英语,617,329,
北京,北京外国语大学,汉语国际教育,612,438,
北京,北京外国语大学,外交学,610,476,
北京,北京外国语大学,汉语言文学,610,476,
北京,北京外国语大学,法学,609,504,
北京,北京外国语大学,新闻学,609,504,
北京,北京外国语大学,工商管理类,608,536,
北京,北京林业大学,工商管理类,585,1442,
云南,云南大学,法学,579,1780,
云南,云南大学,经济学类,579,1780,
云南,云南大学,英语,578,1849,
云南,云南大学,汉语国际教育,578,1849,
云南,云南大学,工商管理类,578,1849,
云南,云南大学,汉语言文学,576,1988,
云南,云南大学,政治学与行政学,575,2068,
云南,云南大学,历史学（国家历史学基地班）,575,2068,
云南,云南大学,档案学,575,2068,
云南,云南大学,公共事业管理,575,2068,
云南,云南大学,缅甸语,574,2149,
云南,云南大学,印地语（征集志愿）,574,2149,
安徽,合肥工业大学,英语,556,3757,
安徽,合肥工业大学,印度尼西亚语,551,4360,
辽宁,东北财经大学,会计学（注册会计师方向和创新人才培养实验班）,601,674,
辽宁,东北财经大学,金融学类（含金融学、金融工程、保险学和投资学）,592,1008,
辽宁,东北财经大学,财政学类（含财政学和税收学）,587,1242,
辽宁,东北财经大学,工商管理类（含会计学、财务管理和资产评估）,584,1403,
辽宁,东北财经大学,工商管理类（含工商管理、市场营销和人力资源管理）,582,1486,
辽宁,东北财经大学,公共管理类（含公共事业管理、行政管理和劳动与社会保障）,581,1540,
辽宁,东北财经大学,物流管理,576,1851,
辽宁,东北财经大学,财务管理（中外合作办学）,540,5575,
辽宁,东北财经大学,旅游管理（中外合作办学）,525,7984,
浙江,宁波大学,经济学类,578,1849,
浙江,宁波大学,工商管理类,576,1988,
浙江,宁波大学,日语,575,2068,
浙江,宁波大学,新闻传播学类,575,2068,
浙江,宁波大学,英语,574,2149,
浙江,宁波大学,法学类,574,2149,
北京,北京中医药大学,中医学,604,645,
福建,福建师范大学,中国语言文学类（含国家人才培养基地）,573,2226,
福建,福建师范大学,新闻传播学类,567,2696,
福建,福建师范大学,地理科学类（含国家人才培养基地）,564,2930,
福建,福建师范大学,历史学,564,2930,
福建,福建师范大学,思想政治教育,563,3017,
福建,福建师范大学,工商管理类,560,3308,
福建,福建师范大学,教育学类,560,3308,
湖南,湖南师范大学,汉语言文学,593,1045,
湖南,湖南师范大学,网络与新媒体,592,1093,
湖南,湖南师范大学,汉语国际教育,589,1240,
湖南,湖南师范大学,法学,589,1240,
湖南,湖南师范大学,新闻学,589,1240,
湖南,湖南师范大学,旅游管理,587,1345,
陕西,长安大学,建筑类,577,1911,
陕西,长安大学,新闻传播学类,574,2149,
陕西,长安大学,英语,574,2149,
陕西,长安大学,法学,573,2226,
陕西,长安大学,公共管理类,572,2299,
广东,华南农业大学,汉语言文学,578,1849,
广东,华南农业大学,工商管理类,575,2068,
广东,华南农业大学,商务英语,574,2149,
广东,华南农业大学,社会学类,567,2696,
广东,华南农业大学,公共管理类,567,2696,
广东,华南农业大学,历史学,565,2843,
广东,华南农业大学,哲学,564,2930,
广东,广州大学,金融学,575,2068,
广东,广州大学,会计学,573,2226,
江苏,南京邮电大学,经济学,571,2381,
江苏,南京邮电大学,工商管理,569,2530,
江苏,南京邮电大学,社会工作,569,2530,
江苏,南京邮电大学,财务管理,568,2600,
江苏,南京邮电大学,英语,567,2696,
江苏,南京邮电大学,人力资源管理,567,2696,
江苏,南京邮电大学,市场营销,567,2696,
北京,中国传媒大学,网络与新媒体（智能融媒体运营方向）,622,235,
北京,中国传媒大学,新闻学（数据新闻报道方向）,614,398,
北京,中国传媒大学,翻译,610,476,
北京,中国传媒大学,经济学类,610,476,
北京,中国传媒大学,文化产业管理（制片管理、公共文化与创意设计方向）,609,504,
北京,中国传媒大学,公共关系学,609,504,
北京,中国传媒大学,汉语国际教育,607,569,
浙江,杭州电子科技大学,会计学（按会计学类培养）,564,2930,
浙江,杭州电子科技大学,传播学（网络编辑方向）,560,3308,
浙江,杭州电子科技大学,汉语国际教育,560,3308,
浙江,杭州电子科技大学,法学,558,3538,
浙江,杭州电子科技大学,社会学,556,3757,
浙江,杭州电子科技大学,英语,556,3757,
安徽,安徽大学,新闻传播学类,582,1603,
安徽,安徽大学,经济学类,581,1659,
安徽,安徽大学,法学类,581,1659,
安徽,安徽大学,中国语言文学类,581,1659,
安徽,安徽大学,英语,580,1729,
安徽,安徽大学,工商管理类,578,1849,
安徽,安徽大学,政治学类,578,1849,
安徽,安徽大学,管理科学与工程类,578,1849,
河南,河南大学,经济学类,554,3982,
河南,河南大学,地理科学类,553,4121,
河南,河南大学,中国语言文学类,552,4239,
河南,河南大学,教育学类,552,4239,
河南,河南大学,历史学类,550,4465,
上海,上海外国语大学,法语,628,165,
上海,上海外国语大学,国际经济与贸易,614,398,
上海,上海外国语大学,翻译,612,438,
上海,上海外国语大学,工商管理类（卓越管理人才计划）,612,438,
上海,上海外国语大学,会计学,607,569,
江苏,南京信息工程大学,工商管理类,555,3863,
江苏,南京信息工程大学,汉语言文学（师范）,553,4121,
江苏,南京信息工程大学,英语（师范）,552,4239,
江苏,中国药科大学,经济管理试验班（医药方向）,582,1603,
浙江,浙江师范大学,汉语言文学（师范）,576,1988,
浙江,浙江师范大学,思想政治教育（师范）,566,2768,
浙江,浙江师范大学,汉语国际教育（师范）,564,2930,
浙江,浙江师范大学,地理科学（师范）,563,3017,
浙江,浙江师范大学,经济与贸易类,562,3110,
浙江,浙江师范大学,法学类,562,3110,
浙江,浙江师范大学,工商管理类,561,3201,
浙江,浙江师范大学,应用心理学（师范）,561,3201,
浙江,浙江师范大学,学前教育（师范）,560,3308,
广西,广西大学,经济学类,572,2299,
广西,广西大学,法学,570,2452,
广西,广西大学,外国语言文学类,564,2930,
广西,广西大学,汉语言文学,562,3110,
广西,广西大学,工商管理类,561,3201,
广西,广西大学,新闻传播学类,560,3308,
广西,广西大学,汉语国际教育,559,3426,
广西,广西大学,泰语,556,3757,
广西,广西大学,日语,556,3757,
广西,广西大学,越南语,556,3757,
广西,广西大学,公共管理类,555,3863,
广西,广西大学,哲学,555,3863,
广西,广西大学,工商管理（中美校际交流）,527,7982,
广西,广西大学,金融学（中美校际交流）,521,9000,
上海,上海理工大学,新闻传播学类,553,4121,
上海,上海理工大学,德语,553,4121,
上海,上海理工大学,经济与贸易类（经管实验班）,552,4239,
上海,上海理工大学,工商管理（中外合作办学）（中美合作）,551,4360,
上海,上海理工大学,英语（中外合作办学）（国际金融与贸易、中美合作）,550,4465,
山东,山东师范大学,中国语言文学类,560,3308,
山东,山东师范大学,历史学类,545,5130,
山东,山东师范大学,教育学类,545,5130,
山东,山东师范大学,外国语言文学类,545,5130,
山东,山东师范大学,法学,545,5130,
山东,山东师范大学,汉语国际教育,545,5130,
山东,山东师范大学,哲学,544,5279,
山东,山东师范大学,新闻学,543,5439,
山东,山东师范大学,思想政治教育,541,5710,
山东,山东师范大学,工商管理,541,5710,
山东,山东师范大学,旅游管理,541,5710,
山东,山东师范大学,公共管理类,540,5855,
北京,中央民族大学,经济学类,609,504,
北京,中央民族大学,外国语言文学类,603,672,
北京,中央民族大学,法学类,602,708,
北京,中央民族大学,历史学类,601,732,
北京,中央民族大学,工商管理类,600,768,
北京,中央民族大学,新闻传播学类,599,808,
北京,中央民族大学,社会学类,598,842,
北京,中央民族大学,哲学类,597,882,
北京,中央民族大学,公共管理类,597,882,
广东,广东工业大学,会计学,565,2843,
广东,广东工业大学,国际经济与贸易,560,3308,
广东,广东工业大学,外国语言文学类,559,3426,
广东,广东工业大学,工商管理类,558,3538,
广东,广东工业大学,经济学,558,3538,
广东,广东工业大学,社会工作,557,3650,
山东,青岛大学,经济学类,561,3201,
山东,青岛大学,新闻学,560,3308,
山东,青岛大学,日语,555,3863,
山东,青岛大学,汉语言文学,554,3982,
山东,青岛大学,法学,553,4121,
山东,青岛大学,英语,553,4121,
山东,青岛大学,旅游管理类,551,4360,
山东,青岛大学,公共管理类,550,4465,
上海,上海师范大学,法学,572,2299,
上海,上海师范大学,新闻传播学类,569,2530,
上海,上海师范大学,经济学,569,2530,
上海,上海师范大学,古典文献学,567,2696,
上海,上海师范大学,文化产业管理,567,2696,
上海,上海师范大学,思想政治教育,566,2768,
上海,上海师范大学,工商管理类,565,2843,
上海,上海师范大学,哲学,564,2930,
上海,上海师范大学,人力资源管理,564,2930,
上海,上海师范大学,社会工作,561,3201,
上海,上海师范大学,公共管理类,560,3308,
上海,上海师范大学,旅游管理类,560,3308,
上海,上海师范大学,经济学（中外合作办学）（中法合作）,542,5573,
上海,上海师范大学,经济学（中外合作办学）（中美合作）,536,6497,
上海,上海师范大学,园艺（中外合作办学）（中荷合作）,534,6833,
湖南,湘潭大学,法学,581,1659,
湖南,湘潭大学,汉语言文学,576,1988,
湖南,湘潭大学,行政管理,573,2226,
湖南,湘潭大学,金融学,573,2226,
湖南,湘潭大学,英语,571,2381,
湖南,湘潭大学,政治学与行政学,571,2381,
湖南,湘潭大学,法语,571,2381,
湖南,湘潭大学,日语,571,2381,
湖南,湘潭大学,广告学,567,2696,
湖南,湘潭大学,历史学,565,2843,
湖南,湘潭大学,国际经济与贸易,565,2843,
湖南,湘潭大学,德语,564,2930,
湖南,湘潭大学,图书馆学,564,2930,
湖南,湘潭大学,会计学,563,3017,
湖南,湘潭大学,思想政治教育,563,3017,
湖南,湘潭大学,汉语国际教育,563,3017,
湖南,湘潭大学,旅游管理,562,3110,
湖南,湘潭大学,社会学,561,3201,
湖南,湘潭大学,哲学,561,3201,
湖南,湘潭大学,电子商务,560,3308,
湖南,湘潭大学,财务管理,559,3426,
湖南,湘潭大学,中国共产党历史,558,3538,
湖北,武汉科技大学,法学,549,4590,
湖北,武汉科技大学,物流管理,548,4716,
湖北,武汉科技大学,英语,547,4842,
湖北,武汉科技大学,社会工作,546,4986,
湖北,武汉科技大学,物业管理,545,5130,
湖北,湖北大学,法学,562,3110,
湖北,湖北大学,国际经济与贸易,560,3308,
湖北,湖北大学,法语,556,3757,
湖北,湖北大学,外国语言文学类,555,3863,
湖北,湖北大学,中国语言文学类,554,3982,
湖北,湖北大学,日语,553,4121,
湖北,湖北大学,历史学类,553,4121,
湖北,湖北大学,思想政治教育,552,4239,
湖北,湖北大学,旅游管理,552,4239,
湖北,湖北大学,哲学,552,4239,
湖北,湖北大学,国际事务与国际关系,551,4360,
江苏,南京林业大学,广告学,561,3201,
江苏,南京林业大学,法学,558,3538,
江苏,南京林业大学,英语,553,4121,
辽宁,大连海事大学,工商管理,568,2600,
辽宁,大连海事大学,财务管理,562,3110,
辽宁,大连海事大学,日语,562,3110,
辽宁,大连海事大学,政治学与行政学,560,3308,
山西,山西大学,社会工作,549,4590,
山西,山西大学,法学,544,5279,
山西,山西大学,哲学类,544,5279,
山西,山西大学,考古学,543,5439,
山西,山西大学,历史学,543,5439,
山西,山西大学,汉语言文学,542,5573,
山西,山西大学,新闻传播学类,541,5710,
山西,山西大学,政治学类,540,5855,
山西,山西大学,学前教育,540,5855,
山西,山西大学,旅游管理,539,6021,
山西,山西大学,教育学,537,6353,
浙江,宁波诺丁汉大学,经济学（中外合作办学）,578,1849,
浙江,宁波诺丁汉大学,财务管理（中外合作办学）,565,2843,
浙江,宁波诺丁汉大学,国际事务与国际关系（中外合作办学）,558,3538,
浙江,宁波诺丁汉大学,传播学（中外合作办学）,557,3650,
浙江,宁波诺丁汉大学,国际商务（中外合作办学）,557,3650,
浙江,宁波诺丁汉大学,国际经济与贸易（中外合作办学）,557,3650,
浙江,宁波诺丁汉大学,英语（中外合作办学）,552,4239,
黑龙江,东北林业大学,工商管理类,554,3982,
黑龙江,东北林业大学,法学,553,4121,
黑龙江,东北林业大学,经济学类,550,4465,
黑龙江,东北林业大学,政治学与行政学,546,4986,
黑龙江,东北林业大学,社会工作,545,5130,
黑龙江,东北林业大学,广告学,545,5130,
黑龙江,东北农业大学,英语,540,5855,
黑龙江,东北农业大学,行政管理,537,6353,
黑龙江,东北农业大学,工商管理类,536,6497,
黑龙江,东北农业大学,农林经济管理,536,6497,
黑龙江,东北农业大学,法学类,535,6670,
江西,江西师范大学,中国语言文学类,553,4121,
江西,江西财经大学,工商管理类（专业代码：031）,584,1484,
江西,江西财经大学,金融学类,581,1659,
江西,江西财经大学,经济学类,576,1988,
江西,江西财经大学,会计学（国际会计）,573,2226,
江西,江西财经大学,金融学（国际投资与金融）,570,2452,
江西,江西财经大学,财政学类,570,2452,
江西,江西财经大学,工商管理类（专业代码：030）,565,2843,
内蒙古,内蒙古大学,英语,547,4842,
内蒙古,内蒙古大学,法学,539,6021,
河北,河北大学,新闻传播学类,552,4239,
河北,河北大学,法学,546,4986,
河北,河北大学,中国语言文学类,546,4986,
河北,河北大学,经济学,546,4986,
河北,河北大学,广告学,545,5130,
河北,河北大学,国际经济与贸易,545,5130,
河北,河北大学,图书情报与档案管理类,544,5279,
河北,河北大学,劳动与社会保障,544,5279,
浙江,杭州师范大学,汉语言文学（师范）,575,2068,
浙江,杭州师范大学,汉语国际教育,564,2930,
安徽,安徽师范大学,中国语言文学类,547,4842,
安徽,安徽师范大学,历史学类,547,4842,
贵州,贵州大学,工商管理类,557,3650,
贵州,贵州大学,经济与贸易类,555,3863,
贵州,贵州大学,政治学类,553,4121,
贵州,贵州大学,公共管理类,552,4239,
辽宁,辽宁大学,财政学,570,2382,
辽宁,辽宁大学,国际经济与贸易,569,2453,
辽宁,辽宁大学,汉语言文学,569,2453,
辽宁,辽宁大学,金融学类（金融学、保险学）,568,2531,
辽宁,辽宁大学,会计学,567,2601,
辽宁,辽宁大学,工商管理类（工商管理、市场营销、人力资源管理）,566,2697,
辽宁,辽宁大学,英语,565,2769,
辽宁,辽宁大学,劳动与社会保障,564,2844,
辽宁,辽宁大学,新闻学,563,2931,
辽宁,辽宁大学,编辑出版学,563,2931,
辽宁,辽宁大学,历史学,563,2931,
辽宁,辽宁大学,行政管理,563,2931,
河南,河南师范大学,教育学类,524,8500,
河南,河南师范大学,汉语言文学,521,9000,
海南,海南大学,中国语言文学类（汉语言文学、汉语国际教育）,566,2768,
海南,海南大学,法学,564,2930,
海南,海南大学,国际经济与贸易,563,3017,
海南,海南大学,金融学,563,3017,
海南,海南大学,工商管理类（工商管理、市场营销、会计学、财务管理、人力资源管理）,560,3308,
海南,海南大学,日语,556,3757,
海南,海南大学,新闻传播学类（广告学、传播学）,556,3757,
海南,海南大学,公共管理类（行政管理、土地资源管理、公共关系学）,556,3757,
海南,海南大学,外国语言文学类（英语、商务英语）,555,3863,
海南,海南大学,思想政治教育,555,3863,
海南,海南大学,农林经济管理,555,3863,
海南,海南大学,旅游管理类,555,3863,
海南,海南大学,旅游管理类（旅游管理、酒店管理、会展经济与管理）,549,4590,
江苏,南京中医药大学,中西医临床医学,576,1988,
江苏,南京中医药大学,中医儿科学,563,3017,
江苏,南京中医药大学,眼视光学,554,3982,
江苏,南京中医药大学,应用心理学,549,4590,
江苏,南京中医药大学,市场营销,530,7489,
江苏,南京中医药大学,护理学,527,7982,
江苏,南京中医药大学,健康服务与管理,527,7982,
江苏,南京中医药大学,公共管理类,526,8161,
浙江,中国计量大学,工商管理类,566,2768,
浙江,中国计量大学,法学类,561,3201,
浙江,中国计量大学,公共管理类,552,4239,
上海,华东政法大学,法学类,599,808,
上海,华东政法大学,经济学,599,808,
上海,华东政法大学,金融学,599,808,
上海,华东政法大学,知识产权（卓越人才实验班）,597,882,
上海,华东政法大学,国际经济与贸易,597,882,
上海,华东政法大学,工商管理,596,926,
上海,华东政法大学,会计学,594,1006,
上海,华东政法大学,新闻传播学类,591,1141,
上海,华东政法大学,社会学类,591,1141,
上海,华东政法大学,公共管理类,590,1188,
北京,首都经济贸易大学,经济学,587,1345,
北京,首都经济贸易大学,经济与贸易类,580,1729,
北京,首都经济贸易大学,法语,576,1988,
北京,首都经济贸易大学,工商管理类（劳经学院）,575,2068,
重庆,西南政法大学,经济学类,592,1093,
重庆,西南政法大学,新闻传播学类,586,1401,
福建,华侨大学,工商管理类（中美121双学位班、全英文教学）,586,1401,
福建,华侨大学,经济学类,570,2452,
福建,华侨大学,法学,568,2600,
福建,华侨大学,英语,568,2600,
福建,华侨大学,会计学,567,2696,
福建,华侨大学,工商管理类,566,2768,
福建,华侨大学,国际事务与国际关系（国际公务员实验班）,565,2843,
福建,华侨大学,旅游管理类,560,3308,
福建,华侨大学,社会学,560,3308,
福建,华侨大学,日语,559,3426,
福建,华侨大学,汉语国际教育,559,3426,
福建,华侨大学,中国语言文学类,559,3426,
福建,华侨大学,翻译,559,3426,
福建,华侨大学,人文地理与城乡规划（旅游规划与景区管理方向）,559,3426,
福建,华侨大学,公共管理类,558,3538,
黑龙江,黑龙江大学,法学,540,5711,
黑龙江,黑龙江大学,汉语言文学,536,6354,
黑龙江,黑龙江大学,商务英语,535,6498,
浙江,浙江工商大学,会计学,592,1093,
浙江,浙江工商大学,金融学类,578,1849,
浙江,浙江工商大学,工商管理类,577,1911,
浙江,浙江工商大学,经济学类,576,1988,
浙江,浙江工商大学,新闻传播学类,576,1988,
浙江,浙江工商大学,旅游管理类,574,2149,
浙江,浙江工商大学,法学类,571,2381,
浙江,浙江工商大学,英语,571,2381,
浙江,浙江工商大学,公共管理类,570,2452,
云南,昆明理工大学,建筑类,544,5279,
广东,汕头大学,法学（涉外法务英语特色班）,591,1141,
广东,汕头大学,国际经济与贸易,586,1401,
广东,汕头大学,汉语言文学,585,1442,
广东,汕头大学,法学,583,1538,
广东,汕头大学,新闻学,582,1603,
广东,汕头大学,工商管理,578,1849,
广东,汕头大学,广告学,578,1849,
广东,汕头大学,行政管理,576,1988,
山东,济南大学,英语（师范兼非师范类）,549,4590,
山东,济南大学,旅游管理类,542,5573,
山东,济南大学,工商管理类,540,5855,
山东,济南大学,经济学类,540,5855,
江苏,江苏科技大学,经济学,550,4465,
江苏,江苏科技大学,会计学,547,4842,
江苏,江苏科技大学,财务管理,543,5439,
江苏,江苏科技大学,英语,541,5710,
江苏,江苏科技大学,金融工程,540,5855,
江苏,江苏科技大学,公共事业管理,538,6179,
江苏,江苏科技大学,政治学与行政学,537,6353,
江苏,江苏科技大学,旅游管理,537,6353,
天津,天津师范大学,英语（师范）,552,4239,
天津,天津师范大学,新闻学,548,4716,
天津,天津师范大学,广播电视学,546,4986,
天津,天津师范大学,汉语言文学,544,5279,
天津,天津师范大学,英语,544,5279,
天津,天津师范大学,思想政治教育（师范）,542,5573,
天津,天津师范大学,汉语国际教育（师范）,541,5710,
天津,天津师范大学,法学,541,5710,
天津,天津师范大学,历史学,541,5710,
天津,天津师范大学,教育学（师范）,541,5710,
天津,天津师范大学,汉语国际教育,540,5855,
天津,天津师范大学,朝鲜语,539,6021,
天津,天津师范大学,文物与博物馆学,538,6179,
天津,天津师范大学,世界史,538,6179,
天津,天津师范大学,工商管理,538,6179,
天津,天津师范大学,行政管理,538,6179,
天津,天津师范大学,日语,538,6179,
天津,天津师范大学,地理科学,538,6179,
天津,天津师范大学,小学教育（师范）,537,6353,
天津,天津师范大学,社会工作,537,6353,
天津,天津师范大学,档案学,537,6353,
天津,天津师范大学,市场营销,537,6353,
天津,天津师范大学,学前教育（师范）,537,6353,
重庆,重庆邮电大学,法学类,545,5130,
广东,广州中医药大学,中医学,586,1401,
广东,广州中医药大学,康复治疗学,586,1401,
广东,广州中医药大学,健康服务与管理,573,2226,
北京,北京语言大学,会计学,595,966,
北京,北京语言大学,英语（英西复语）,592,1093,
北京,北京语言大学,英语,588,1290,
北京,北京语言大学,金融学,587,1345,
北京,北京语言大学,国际经济与贸易,585,1442,
北京,北京语言大学,国际事务与国际关系,585,1442,
北京,北京语言大学,汉语国际教育,583,1538,
北京,北京语言大学,金融学（宏观经济核算与分析）,582,1603,
北京,北京语言大学,人力资源管理,580,1729,
北京,北京语言大学,翻译（汉英法）,579,1780,
广东,广东外语外贸大学,波兰语,609,504,
广东,广东外语外贸大学,德语,605,623,
广东,广东外语外贸大学,日语,594,1006,
广东,广东外语外贸大学,国际商务,594,1006,
广东,广东外语外贸大学,英语,593,1045,
广东,广东外语外贸大学,意大利语,593,1045,
广东,广东外语外贸大学,新闻传播学类,593,1045,
广东,广东外语外贸大学,国际经济与贸易,592,1093,
广东,广东外语外贸大学,泰语,591,1141,
广东,广东外语外贸大学,教育学,591,1141,
广东,广东外语外贸大学,中国语言文学类,590,1188,
广东,广东外语外贸大学,缅甸语,589,1240,
广东,广东外语外贸大学,金融学类,589,1240,
广东,广东外语外贸大学,工商管理类,588,1290,
广东,广东外语外贸大学,社会工作,588,1290,
广东,广东外语外贸大学,老挝语,586,1401,
上海,上海海事大学,法学（海商法）,571,2381,
上海,上海海事大学,交通管理（航运管理）,570,2452,
上海,上海海事大学,行政管理,565,2843,
上海,上海海事大学,经济学类,554,3982,
上海,上海海事大学,外国语言文学类,554,3982,
河北,河北师范大学,中国语言文学类,535,6670,
河北,河北师范大学,地理科学类,533,6980,
天津,天津工业大学,工商管理类,550,4465,
天津,天津工业大学,公共管理类,548,4716,
江苏,南京财经大学,会计学,582,1603,
江苏,南京财经大学,审计学,580,1729,
江苏,南京财经大学,财政学,574,2149,
江苏,南京财经大学,网络与新媒体,568,2600,
江苏,南京财经大学,法学,567,2696,
江苏,南京财经大学,贸易经济,567,2696,
江苏,南京财经大学,国际经济与贸易,567,2696,
江苏,南京财经大学,税收学,566,2768,
江苏,南京财经大学,市场营销,565,2843,
江苏,南京财经大学,人力资源管理,564,2930,
江苏,南京财经大学,房地产开发与管理,563,3017,
江苏,南京财经大学,旅游管理,561,3201,
江苏,南京财经大学,公共事业管理,561,3201,
宁夏,宁夏大学,经济学（金融）,541,5710,
宁夏,宁夏大学,思想政治教育（教师教育）,535,6670,
上海,上海海洋大学,金融学,559,3426,
上海,上海海洋大学,国际经济与贸易,551,4360,
上海,上海海洋大学,英语,551,4360,
上海,上海海洋大学,市场营销（国际商务）（中外合作办学）,551,4360,
上海,上海海洋大学,会计学,550,4465,
上海,上海海洋大学,农林经济管理,549,4590,
上海,上海海洋大学,工商管理（食品经济管理）,549,4590,
上海,上海海洋大学,日语,548,4716,
上海,上海海洋大学,行政管理,546,4986,
上海,上海海洋大学,社会工作,544,5279,
上海,上海海洋大学,朝鲜语,544,5279,
北京,北京工商大学,新闻传播学类,578,1849,
北京,北京工商大学,外国语言文学类,570,2452,
北京,北京工商大学,法学,565,2843,
广西,广西师范大学,"汉语言文学（国家基地班,本硕分流培养独秀班）",564,2930,
广西,广西师范大学,英语,554,3982,
广西,广西师范大学,汉语言文学,548,4716,
广西,广西师范大学,历史学,545,5130,
广西,广西师范大学,法学,542,5573,
广西,广西师范大学,会计学,542,5573,
广西,广西师范大学,思想政治教育,541,5710,
广西,广西师范大学,文化产业管理,540,5855,
广西,广西师范大学,工商管理,539,6021,
广西,广西师范大学,外国语言文学类,538,6179,
广西,广西师范大学,新闻传播学类,537,6353,
广西,广西师范大学,小学教育,537,6353,
广西,广西师范大学,物流管理（职教师资班）,537,6353,
广西,广西师范大学,汉语国际教育,536,6497,
广西,广西师范大学,经济学类,535,6670,
广西,广西师范大学,日语,535,6670,
广西,广西师范大学,秘书学,533,6980,
广西,广西师范大学,人力资源管理,532,7147,
广西,广西师范大学,旅游管理,532,7147,
广西,广西师范大学,社会学类,531,7305,
广西,广西师范大学,特殊教育,531,7305,
广西,广西师范大学,公共管理类,530,7489,
广西,广西师范大学,旅游管理（职教师资班）,530,7489,
广西,广西师范大学,会计学（职教师资班）,530,7489,
广西,广西师范大学,学前教育,530,7489,
广西,广西师范大学,朝鲜语,530,7489,
广西,广西师范大学,秘书学（职教师资班）,530,7489,
广西,广西师范大学,酒店管理,530,7489,
广西,广西师范大学,健康服务与管理,530,7489,
湖北,长江大学,中西医临床医学,554,3982,
湖北,长江大学,会计学,549,4590,
湖北,长江大学,会计学（含荆楚卓越人才协同育人计划）,548,4716,
湖北,长江大学,金融学,548,4716,
湖北,长江大学,经济学,547,4842,
湖北,长江大学,金融学（含荆楚卓越人才协同育人计划）,547,4842,
湖北,长江大学,工商管理类,543,5439,
湖北,长江大学,财务管理,542.99,5439,
湖北,长江大学,中国语言文学类（师范类）,542,5573,
湖北,长江大学,建筑类（建筑学、城乡规划）,542,5573,
上海,上海对外经贸大学,金融学,595,966,
上海,上海对外经贸大学,国际经济与贸易,589,1240,
上海,上海对外经贸大学,经济学（国际投资方向）,587,1345,
上海,上海对外经贸大学,法学（商法方向）,587,1345,
上海,上海对外经贸大学,新闻学（经济新闻报道方向）,586,1401,
上海,上海对外经贸大学,财务管理,586,1401,
上海,上海对外经贸大学,工商管理类,583,1538,
上海,上海对外经贸大学,英语（国际商务英语方向）（中外合作）,583,1538,
上海,上海对外经贸大学,汉语国际教育（商务汉语方向）,580,1729,
上海,上海对外经贸大学,金融学（中外合作办学）,580,1729,
上海,上海对外经贸大学,英语,579,1780,
上海,上海对外经贸大学,物流管理（中外合作办学）,579,1780,
上海,上海对外经贸大学,国际商务（中外合作办学）,578,1849,
上海,上海对外经贸大学,国际政治,577,1911,
上海,上海对外经贸大学,旅游管理,576,1988,
上海,上海对外经贸大学,会展经济与管理（中外合作办学）,576,1988,
江西,江西理工大学,法学,533,6980,
江西,江西理工大学,财务管理,522,8840,
河北,石家庄铁道大学,工商管理类,538,6179,
吉林,延边大学,朝鲜语,535,6670,
吉林,延边大学,法学,535,6670,
吉林,延边大学,工商管理类,533,6980,
山西,中北大学,法学,531,7305,
山西,中北大学,英语,523,8674,
重庆,重庆交通大学,工商管理类,545,5130,
重庆,重庆交通大学,新闻传播学类,543,5439,
重庆,重庆交通大学,外国语言文学类,542,5573,
重庆,重庆交通大学,旅游管理,542,5573,
湖南,湖南科技大学,地理信息科学,558,3538,
湖南,湖南科技大学,日语,552,4239,
湖南,湖南科技大学,汉语言文学,551,4360,
湖南,湖南科技大学,英语,550,4465,
湖南,湖南科技大学,国际经济与贸易,548,4716,
湖南,湖南科技大学,新闻学,548,4716,
湖南,湖南科技大学,法学,547,4842,
湖南,湖南科技大学,翻译,547,4842,
湖南,湖南科技大学,人力资源管理,547,4842,
湖南,湖南科技大学,应用心理学,547,4842,
湖南,湖南科技大学,风景园林,546,4986,
湖南,湖南科技大学,教育学,545,5130,
湖南,湖南科技大学,思想政治教育,545,5130,
湖南,湖南科技大学,旅游管理,545,5130,
湖南,湖南科技大学,公共事业管理,545,5130,
天津,天津财经大学,金融学类,570,2452,
天津,天津财经大学,工商管理类,567,2696,
天津,天津财经大学,公共管理类,544,5279,
江苏,南京审计大学,审计学,588,1290,
江苏,南京审计大学,会计学,583,1538,
江苏,南京审计大学,金融学,579,1780,
江苏,南京审计大学,财务管理,578,1849,
江苏,南京审计大学,汉语国际教育,576,1988,
江苏,南京审计大学,经济学,573,2226,
江苏,南京审计大学,财政学,571,2381,
江苏,南京审计大学,工商管理,569,2530,
江苏,南京审计大学,税收学,566,2768,
江苏,南京审计大学,法学（法务会计）,561,3201,
江苏,南京审计大学,法学,559,3426,
江苏,南京审计大学,国际经济与贸易,557,3650,
江苏,南京审计大学,信用管理,554,3982,
江苏,南京审计大学,汉语言文学,554,3982,
江苏,南京审计大学,英语,550,4465,
湖北,中南民族大学,法学类（法学、知识产权）,556,3757,
湖北,中南民族大学,中国语言文学类,554,3982,
湖北,中南民族大学,外国语言文学类（英语、翻译、商务英语）,551,4360,
湖北,中南民族大学,新闻传播学类（新闻学、广播电视学、广告学）,551,4360,
湖北,中南民族大学,经济学类,550,4465,
湖北,中南民族大学,工商管理类,550,4465,
湖北,中南民族大学,教育学类（教育学、教育技术学、应用心理学）,550,4465,
湖北,中南民族大学,历史学类（历史学、文物与博物馆学）,549,4590,
湖北,中南民族大学,思想政治教育,549,4590,
湖北,中南民族大学,社会学类,547,4842,
湖北,中南民族大学,公共管理类,547,4842,
湖北,中南民族大学,日语,547,4842,
江苏,西交利物浦大学,工商管理类,539,6021,
江苏,西交利物浦大学,数学类,534,6833,
江苏,西交利物浦大学,外国语言文学类,532,7147,
江苏,西交利物浦大学,建筑类,532,7147,
湖南,南华大学,护理学,539,6021,
湖南,南华大学,国际经济与贸易,537,6353,
湖南,南华大学,汉语言文学,535,6670,
四川,四川师范大学,汉语言文学,555,3863,
四川,四川师范大学,历史学,554,3982,
四川,四川师范大学,教育学,553,4121,
四川,四川师范大学,地理科学类,553,4121,
四川,四川师范大学,法学,552,4239,
四川,四川师范大学,思想政治教育,550,4465,
四川,四川师范大学,秘书学,550,4465,
四川,四川师范大学,汉语国际教育,549,4590,
广东,北京师范大学-香港浸会大学联合国际学院,新闻传播学类（广告学、传播学）（中外合作）按大类招生，包含广告学、传播学专业。其中，广告学专业培养公共关系与广告学方向，传播学专业培养媒体与传播/媒体艺术与设计/影视学三个方向。第一学年第一学期第十周前最后确认专业分流。英语单科成绩不低于100分。全英文教学。,545,5130,
广东,北京师范大学-香港浸会大学联合国际学院,工商管理类（财务管理、人力资源管理、市场营销、工商管理、文化产业管理）（中外合作）按大类招生，包含财务管理、人力资源管理、市场营销、工商管理、文化产业管理专业。其中，工商管理专业培养创业与创新管理方向，文化产业管理专业培养文化创意与管理方向。第一学年第一学期第十周前最后确认专业分流。英语单科成绩不低于100分。全英文教学。,539,6021,
广东,北京师范大学-香港浸会大学联合国际学院,经济学（中外合作办学）培养应用经济学方向，英语单科成绩不低于100分。全英文教学。,526,8161,
四川,西南科技大学,法学类,533,6980,
四川,西南科技大学,国际经济与贸易,531,7305,
四川,西南科技大学,工商管理类,527,7982,
重庆,重庆师范大学,汉语言文学（师范）,551,4360,
重庆,重庆师范大学,英语（师范）,550,4465,
北京,北京第二外国语学院,西班牙语,606,595,
北京,北京第二外国语学院,俄语,594,1006,
北京,北京第二外国语学院,意大利语,593,1045,
北京,北京第二外国语学院,捷克语,592,1093,
北京,北京第二外国语学院,新闻学（国际新闻）,590,1188,
北京,北京第二外国语学院,会展经济与管理,586,1401,
北京,北京第二外国语学院,贸易经济（国际文化贸易）,577,1911,
北京,北京第二外国语学院,汉语言文学,577,1911,
北京,北京第二外国语学院,旅游管理,576,1988,
江西,东华理工大学,汉语言文学（对外文化交流方向）,540,5855,
江西,东华理工大学,工商管理类（含会计学、财务管理、市场营销专业）,534,6833,
江西,东华理工大学,国际经济与贸易,525,8330,
湖南,中南林业科技大学,旅游管理类,546,4986,
安徽,安徽财经大学,会计学,566,2768,
安徽,安徽财经大学,金融学,554,3982,
安徽,安徽财经大学,工商管理类,553,4121,
安徽,安徽财经大学,国际商务,547,4842,
安徽,安徽财经大学,金融学类,546,4986,
安徽,安徽财经大学,经济学类,544,5279,
安徽,安徽财经大学,财政学类,543,5439,
安徽,安徽财经大学,经济与贸易类,542,5573,
安徽,安徽财经大学,法学,542,5573,
安徽,安徽财经大学,财务管理,539,6021,
安徽,安徽财经大学,商务英语,539,6021,
安徽,安徽财经大学,公共管理类,538,6179,
安徽,安徽财经大学,新闻传播学类,537,6353,
安徽,安徽财经大学,旅游管理,536,6497,
广西,桂林电子科技大学,金融学类,521,9000,
北京,北京印刷学院,编辑出版学,543,5439,
四川,成都信息工程大学,汉语言文学,553,4121,
四川,成都信息工程大学,国际经济与贸易,547,4842,
四川,成都信息工程大学,英语,545,5130,
四川,成都信息工程大学,财务管理,543,5439,
四川,成都信息工程大学,会计学,543,5439,
四川,成都信息工程大学,物流管理,542,5573,
四川,成都信息工程大学,人力资源管理,542,5573,
四川,成都信息工程大学,会展经济与管理,542,5573,
四川,成都信息工程大学,翻译,542,5573,
四川,成都信息工程大学,社会工作,541,5710,
四川,成都信息工程大学,市场营销,541,5710,
四川,成都信息工程大学,旅游管理,541,5710,
北京,北京体育大学,网络与新媒体,592,1093,
北京,北京体育大学,新闻学,577,1911,
北京,北京体育大学,英语,574,2149,
北京,北京体育大学,体育经济与管理,567,2696,
北京,北京体育大学,汉语国际教育,566,2768,
北京,北京体育大学,公共事业管理,566,2768,
北京,北京体育大学,旅游管理,561,3201,
湖南,湖南中医药大学,中医学（“5+3”一体化，本硕连读）,603,672,
湖南,湖南中医药大学,中医学,564,2930,
湖南,湖南中医药大学,针灸推拿学,562,3110,
湖南,湖南中医药大学,中西医临床医学,554,3982,
湖南,湖南中医药大学,英语,505,12275,
湖南,湖南中医药大学,应用心理学,502,12933,
湖南,湖南中医药大学,公共事业管理,497,14057,
陕西,西北政法大学,法学（刑事法）,577,1911,
陕西,西北政法大学,法学（民商法）,577,1911,
陕西,西北政法大学,法学（经济法）,577,1911,
陕西,西北政法大学,法学（国际法）,575,2068,
陕西,西北政法大学,法学（反恐怖主义法）,574,2149,
陕西,西北政法大学,审计学,573,2226,
陕西,西北政法大学,国际经济与贸易,573,2226,
上海,上海应用技术大学,工商管理类,533,6980,
天津,中国民航大学,英语（民航外语）,549,4590,
四川,西南民族大学,财务管理,554,3982,
四川,西南民族大学,法学,551,4360,
四川,西南民族大学,会计学,550,4465,
四川,西南民族大学,法语,549,4590,
四川,西南民族大学,信息管理与信息系统,549,4590,
四川,西南民族大学,英语,548,4716,
四川,西南民族大学,财政学,548,4716,
四川,西南民族大学,国际经济与贸易,547,4842,
四川,西南民族大学,金融学类,546,4986,
四川,西南民族大学,应用心理学,546,4986,
四川,西南民族大学,汉语言文学,546,4986,
四川,西南民族大学,广播电视学,546,4986,
四川,西南民族大学,人力资源管理,545,5130,
四川,西南民族大学,日语,545,5130,
四川,西南民族大学,民族学,545,5130,
四川,西南民族大学,公共管理类,545,5130,
四川,西南民族大学,新闻学,544,5279,
四川,西南民族大学,汉语国际教育,544,5279,
四川,西南民族大学,历史学,544,5279,
四川,西南民族大学,物流管理,544,5279,
四川,西南民族大学,工商管理,544,5279,
四川,西南民族大学,旅游管理,542,5573,
四川,西南民族大学,市场营销,542,5573,
四川,西南民族大学,社会工作,542,5573,
四川,西南民族大学,文物与博物馆学,541,5710,
四川,西南民族大学,朝鲜语,541,5710,
四川,西南民族大学,社会学,541,5710,
四川,西南民族大学,文化产业管理,540,5855,
湖南,湖南工业大学,会计学,544,5279,
湖南,湖南工业大学,金融工程,543,5439,
湖南,湖南工业大学,财务管理,540,5855,
湖南,湖南工业大学,会计学（卓越ACCA班）,540,5855,
湖南,湖南工业大学,广告学,540,5855,
湖南,湖南工业大学,工商管理,539,6021,
湖南,湖南工业大学,新闻传播学类,539,6021,
湖南,湖南工业大学,国际经济与贸易,538,6179,
湖南,湖南工业大学,日语,537,6353,
湖南,湖南工业大学,工商管理类,536,6497,
湖南,湖南工业大学,翻译,536,6497,
湖南,湖南工业大学,法学,536,6497,
上海,上海政法学院,法学（卓越法律人才培养试点班）,587,1345,
上海,上海政法学院,法学（涉外卓越法律人才培养试点班）,578,1849,
上海,上海政法学院,新闻学（卓越新闻传播人才培养试点班）,574,2149,
上海,上海政法学院,法学（国际经济法方向）,571,2381,
上海,上海政法学院,监狱学（社区矫正方向）,569,2530,
上海,上海政法学院,法学（民商法方向）,566,2768,
上海,上海政法学院,法学（经济法方向）,565,2843,
上海,上海政法学院,法学（人民调解方向）,564,2930,
上海,上海政法学院,经济与金融,560,3308,
上海,上海政法学院,政治学与行政学,559,3426,
上海,上海政法学院,国际经济与贸易,559,3426,
上海,上海政法学院,社会工作（卓越社会管理人才培养试点班）,558,3538,
上海,上海政法学院,监狱学,558,3538,
上海,上海政法学院,汉语言文学（文化创意产业方向）,557,3650,
上海,上海政法学院,英语,556,3757,
上海,上海政法学院,行政管理,555,3863,
上海,上海政法学院,国际政治,555,3863,
上海,上海政法学院,思想政治教育,555,3863,
上海,上海政法学院,劳动与社会保障,554,3982,
上海,上海政法学院,审计学,554,3982,
上海,上海政法学院,社会学,554,3982,
辽宁,大连外国语大学,西班牙语,570,2452,
辽宁,大连外国语大学,翻译,563,3017,
辽宁,大连外国语大学,德语,559,3426,
辽宁,大连外国语大学,英语,558,3538,
辽宁,大连外国语大学,商务英语,558,3538,
辽宁,大连外国语大学,国际事务与国际关系,557,3650,
辽宁,大连外国语大学,俄语,557,3650,
辽宁,大连外国语大学,日语,556,3757,
辽宁,大连外国语大学,金融学,556,3757,
辽宁,大连外国语大学,新闻学,554,3982,
辽宁,大连外国语大学,汉语言文学,554,3982,
辽宁,大连外国语大学,朝鲜语,554,3982,
辽宁,大连外国语大学,意大利语,553,4121,
辽宁,大连外国语大学,市场营销,551,4360,
辽宁,大连外国语大学,旅游管理,542,5573,
重庆,重庆工商大学,人力资源管理,568,2600,
重庆,重庆工商大学,经济学,560,3308,
重庆,重庆工商大学,财政学类,557,3650,
重庆,重庆工商大学,金融学类,552,4239,
重庆,重庆工商大学,工商管理类,552,4239,
重庆,重庆工商大学,工商管理,552,4239,
重庆,重庆工商大学,物流管理,551,4360,
重庆,重庆工商大学,会展经济与管理,550,4465,
重庆,重庆工商大学,经济与贸易类,548,4716,
重庆,重庆工商大学,市场营销,547,4842,
重庆,重庆工商大学,国际商务,547,4842,
广西,桂林理工大学,英语,521,9000,
广西,桂林理工大学,工商管理类,521,9000,
广西,桂林理工大学,会计学,521,9000,
广西,桂林理工大学,国际经济与贸易,521,9000,
山西,山西财经大学,金融学,553,4121,
山西,山西财经大学,财政学,551,4360,
山西,山西财经大学,经济学,542,5573,
湖南,吉首大学,工商管理,524,8500,
广西,南宁师范大学,汉语言文学,521,9000,
广西,南宁师范大学,外国语言文学类,521,9000,
广西,南宁师范大学,小学教育,521,9000,
广西,南宁师范大学,思想政治教育,521,9000,
广西,南宁师范大学,教育学,521,9000,
重庆,四川外国语大学,翻译,584,1484,
重庆,四川外国语大学,英语,580,1729,
重庆,四川外国语大学,商务英语,577,1911,
陕西,西安外国语大学,英语,566,2768,
陕西,西安外国语大学,网络与新媒体,554,3982,
陕西,西安外国语大学,广告学,551,4360,
陕西,西安外国语大学,汉语国际教育,548,4716,
陕西,西安外国语大学,外交学,547,4842,
陕西,西安外国语大学,汉语言文学,546,4986,
陕西,西安外国语大学,新闻学,546,4986,
陕西,西安外国语大学,汉语言,545,5130,
湖南,湖南工商大学,财务管理,546,4986,
湖南,湖南工商大学,贸易经济,535,6670,
湖南,湖南工商大学,工商管理类,535,6670,
广西,广西民族大学,泰语（国家基地班）,532,7147,
广西,广西民族大学,法语,529,7677,
广西,广西民族大学,英语,528,7823,
广西,广西民族大学,会计学,528,7823,
广西,广西民族大学,汉语言文学,526,8161,
广西,广西民族大学,越南语（国家基地班）,526,8161,
广西,广西民族大学,金融学,526,8161,
广西,广西民族大学,翻译,526,8161,
广西,广西民族大学,印度尼西亚语（国家基地班）,525,8330,
广西,广西民族大学,国际经济与贸易,524,8500,
广西,广西民族大学,马来语（国家基地班）,523,8674,
广西,广西民族大学,柬埔寨语（国家基地班）,523,8674,
广西,广西民族大学,汉语国际教育,523,8674,
广西,广西民族大学,税收学,523,8674,
广西,广西民族大学,老挝语（国家基地班）,523,8674,
广西,广西民族大学,工商管理,522,8840,
广西,广西民族大学,传播学,521,9000,
广西,广西民族大学,缅甸语（国家基地班）,521,9000,
广西,广西中医药大学,中医学（5加3一体化）,559,3426,
广西,广西中医药大学,中医学,539,6021,
广西,广西中医药大学,中西医临床医学,539,6021,
广西,广西中医药大学,中医儿科学,534,6833,
广西,广西中医药大学,针灸推拿学,532,7147,
广西,广西中医药大学,壮医学,531,7305,
山东,山东大学（威海）,工商管理类,595,966,
山东,山东大学（威海）,经济学类,591,1141,
山东,山东大学（威海）,法学类,590,1188,
山东,山东大学（威海）,新闻学,588,1290,
山东,山东大学（威海）,外国语言文学类（英语）,587,1345,
山东,山东大学（威海）,中国语言文学类,587,1345,
河北,华北电力大学保定校区,法学类,569,2530,
河北,华北电力大学保定校区,工商管理类,569,2530,
河北,华北电力大学保定校区,外国语言文学类,566,2768,
河北,华北电力大学保定校区,公共管理类,562,3110,
新疆,中国石油大学（北京）克拉玛依校区,会计学,542,5573,
新疆,中国石油大学（北京）克拉玛依校区,经济学类,531,7305,
安徽,合肥工业大学宣城校区,法学,551,4360,
安徽,合肥工业大学宣城校区,广告学,547,4842,
安徽,合肥工业大学宣城校区,英语,545,5130,
