﻿省份,学校名称,专业,最低录取分,最低录取名次,选课要求
河北,河北医科大学,护理学（要求身高：男生1.60米以上，女生1.55米以上）,483,9868,
福建,福建农林大学,农村区域发展,488,9201,
福建,福建农林大学,商务经济学（安溪校区）,486,9464,
安徽,安徽师范大学,新闻传播学类（新闻学、广告学、网络与新媒体）,514,6001,
安徽,安徽师范大学,经济学类（经济学、金融工程）,507,6811,
安徽,安徽师范大学,公共事业管理,501,7564,
安徽,安徽师范大学,旅游管理类（旅游管理、酒店管理）（男生身高不低于170厘米，女生身）,460,13322,
安徽,安徽师范大学,俄语,456,13973,
山东,山东农业大学,日语,498,7940,
山东,山东农业大学,俄语,495,8283,
浙江,浙江工商大学,金融学类（金融学、投资学、金融工程）,551,2645,
浙江,浙江工商大学,新闻传播学类（广告学、新闻学、编辑出版学）,546,3004,
浙江,浙江工商大学,英语（招英语考生）（含英语、商务英语专业）,540,3444,
云南,昆明理工大学,市场营销,504,7195,
云南,昆明理工大学,新闻传播学类（广告学、传播学、编辑出版学）,504,7195,
河南,河南农业大学,国际经济与贸易,496,8164,
河南,河南农业大学,英语（招英语考生）,494,8409,
河南,河南农业大学,土地资源管理,491,8813,
浙江,温州大学,财务管理,533,4063,
浙江,温州大学,英语（师范）（招英语考生）,530,4340,
浙江,温州大学,法学,522,5117,
浙江,温州大学,汉语言文学（创意中文实验班）,520,5332,
山东,济南大学,英语（师范兼非师范类）,528,4534,
山东,济南大学,新闻传播学类（广播电视学、广告学）,527,4634,
山东,济南大学,法学类（社会工作、国际政治、思想政治教育（师范类）、法学）,527,4634,
山东,济南大学,经济学类（经济学、国际经济与贸易、金融学、投资学）,525,4836,
山东,济南大学,中国语言文学类（汉语言文学（师范兼非师范类）、汉语国际教育（师范类）,525,4836,
山东,济南大学,公共管理类（劳动与社会保障、行政管理）,523,5026,
山东,济南大学,历史学（师范类）,519,5452,
山东,济南大学,朝鲜语,516,5773,
山东,济南大学,公共事业管理,515,5887,
安徽,安徽农业大学,茶学（茶文化与贸易）,510,6463,
安徽,安徽农业大学,经济学,507,6811,
安徽,安徽农业大学,社会工作,496,8164,
安徽,安徽农业大学,旅游管理,490,8930,
浙江,浙江农林大学,国际经济与贸易,528,4534,
浙江,浙江农林大学,工商管理,527,4634,
浙江,浙江农林大学,英语（高考英语成绩要求不低于110分）,526,4736,
浙江,浙江农林大学,广告学,522,5117,
辽宁,辽宁师范大学,汉语言文学（师范）,517,5666,
辽宁,辽宁师范大学,英语（师范）（招英语考生；要求英语成绩达到105分；报考外语类专业）,516,5773,
辽宁,辽宁师范大学,俄语（招俄语、英语考生；报考外语类专业且高中用民族语授课的考生外）,512,6223,
甘肃,西北师范大学,英语（卓越教师培养计划）（师范类）（招英语考生，加试口语）,510,6463,
甘肃,西北师范大学,历史学（师范类）,508,6692,
甘肃,西北师范大学,汉语国际教育（师范类）,508,6692,
甘肃,西北师范大学,社会工作,503,7325,
甘肃,西北师范大学,数字媒体艺术,503,7325,
甘肃,西北师范大学,俄语,503,7325,
新疆,石河子大学,中国语言文学类（汉语言文学、中国少数民族语言文学）,492,8673,
新疆,石河子大学,农林经济管理,491,8813,
新疆,石河子大学,教育学（师范类）,490,8930,
新疆,石河子大学,护理学,487,9332,
新疆,石河子大学,学前教育（师范类）,486,9464,
江苏,常州大学,金融学,507,6811,
江苏,常州大学,护理学,506,6939,
吉林,吉林农业大学,金融学类（金融学、保险学）,497,8054,
吉林,吉林农业大学,新闻传播学类（广告学、传播学）,496,8164,
吉林,吉林农业大学,工商管理类（工商管理、市场营销、财务管理、农林经济管理、土地资源）,491,8813,
吉林,吉林农业大学,社会学类（社会学、家政学）,487,9332,
广西,广西医科大学,英语（招英语考生）,484,9730,
广西,广西医科大学,社会工作,480,10311,
广西,广西医科大学,护理学（女生身高不少于155cm，男生身高不少于166cm）,477,10728,
安徽,安徽工业大学,财务管理,502,7451,
安徽,安徽工业大学,经济与金融,500,7702,
安徽,安徽工业大学,市场营销,494,8409,
安徽,安徽工业大学,行政管理,493,8547,
湖南,湖南农业大学,会计学（ACCA卓越班）,507,6811,
湖南,湖南农业大学,公共管理类（公共事业管理、行政管理、劳动与社会保障、土地资源管理）,505,7070,
天津,天津中医药大学,应用心理学,520,5332,
天津,天津中医药大学,工商管理类（市场营销、市场营销（国际营销班））,515,5887,
天津,天津中医药大学,公共管理类（公共事业管理、劳动与社会保障、健康服务与管理）,510,6463,
天津,天津中医药大学,中国语言文学类,507,6811,
广西,广西师范大学,汉语言文学（师范类）,515,5887,
广西,广西师范大学,历史学（师范类）,513,6119,
广西,广西师范大学,外国语言文学类（商务英语、翻译）（招英语考生，加试口语，英语口试）,511,6334,
广西,广西师范大学,秘书学,510,6463,
广西,广西师范大学,思想政治教育（师范类）,510,6463,
广西,广西师范大学,酒店管理（男生身高不低于165厘米，女生身高不低于157厘米。部分优秀）,510,6463,
山西,山西医科大学,护理学,477,10728,
山西,山西医科大学,护理学（就读于汾阳学院）,468,12042,
山西,山西医科大学,社会工作,460,13322,
山西,山西医科大学,公共事业管理（卫生事业管理方向）,453,14444,
山西,山西医科大学,助产学（就读于汾阳学院）,450,14941,
山东,山东理工大学,国际经济与贸易,497,8054,
山东,山东理工大学,朝鲜语,494,8409,
山东,山东理工大学,市场营销,493,8547,
江西,江西理工大学,软件工程（金融方向）,499,7818,
江西,江西理工大学,软件工程（会计方向）,496,8164,
福建,集美大学,投资学,535,3882,
福建,集美大学,日语（加试口语）,528,4534,
江西,南昌航空大学,会计学,485,9598,
江西,南昌航空大学,公共事业管理,438,16895,
江西,南昌航空大学,英语（外贸英语）,438,16895,
吉林,延边大学,地理科学类（地理科学、地理信息科学，其中地理科学专业为师范）（在）,511,6334,
吉林,延边大学,农林经济管理,504,7195,
吉林,延边大学,旅游管理（在珲春校区办学）,501,7564,
吉林,延边大学,日语（招日语考生）（招朝鲜语答卷的朝鲜族日语考生）,459,13473,
吉林,延边大学,中国语言文学类（汉语国际教育、汉语言、汉语言文学）（招朝鲜族考生）,457,13793,
吉林,延边大学,法学（招朝鲜族考生）,454,14281,
吉林,延边大学,工商管理类（工商管理、会计学、市场营销）（招朝鲜族考生）,453,14444,
吉林,延边大学,经济学类（经济学、国际经济与贸易）（招朝鲜族考生）,451,14785,
吉林,延边大学,英语（招英语考生）（含师范、非师范，招朝鲜族考生）,448,15265,
吉林,延边大学,日语（零起点）（招英语考生）（招朝鲜族考生）,442,16220,
吉林,延边大学,"俄语（招英语,日语考生）（招朝鲜族考生）",441,16383,
吉林,延边大学,中国少数民族语言文学（朝鲜语言文学，招朝鲜语答卷考生，含师范、非）,436,17272,
吉林,延边大学,心理学（师范类）（招朝鲜族考生）,434,17593,
吉林,延边大学,历史学（含师范、非师范，招朝鲜族考生）,433,17774,
吉林,延边大学,英语（零起点）（招日语考生）（招朝鲜语答卷的朝鲜族日语考生）,429,18408,
吉林,延边大学,新闻学（招朝鲜语答卷考生）,428,18567,
山东,山东财经大学,会计学,545,3085,
山东,山东财经大学,财务管理,544,3150,
山东,山东财经大学,金融学,541,3376,
山东,山东财经大学,审计学,541,3376,
山东,山东财经大学,经济学,538,3622,
山东,山东财经大学,财政学,537,3707,
山东,山东财经大学,国际商务,536,3794,
山东,山东财经大学,汉语言文学,527,4634,
山东,山东财经大学,保险学,527,4634,
山东,山东财经大学,公共管理类（行政管理、城市管理、公共事业管理、劳动与社会保障）,526,4736,
山东,山东财经大学,法学,525,4836,
山东,山东财经大学,日语,525,4836,
云南,云南师范大学,历史学（师范类）,509,6586,
云南,云南师范大学,法学（纪检监察）,508,6692,
云南,云南师范大学,西班牙语,504,7195,
云南,云南师范大学,新闻传播学类（新闻学、广播电视学、传播学）,503,7325,
云南,云南师范大学,公共管理类（行政管理、劳动与社会保障）,503,7325,
天津,天津理工大学,英语（招英语考生）,518,5560,
天津,天津理工大学,日语（招英语考生）,512,6223,
天津,天津理工大学,汉语言文学,510,6463,
天津,天津理工大学,社会学,505,7070,
天津,天津理工大学,社会工作,504,7195,
黑龙江,哈尔滨师范大学,经济学,496,8164,
黑龙江,哈尔滨师范大学,文物保护技术,496,8164,
黑龙江,哈尔滨师范大学,日语（非师范）,495,8283,
黑龙江,哈尔滨师范大学,经济统计学,494,8409,
黑龙江,哈尔滨师范大学,行政管理,494,8409,
黑龙江,哈尔滨师范大学,贸易经济,494,8409,
黑龙江,哈尔滨师范大学,广播电视学,493,8547,
黑龙江,哈尔滨师范大学,公共事业管理,493,8547,
黑龙江,哈尔滨师范大学,市场营销,493,8547,
黑龙江,哈尔滨师范大学,劳动与社会保障,492,8673,
黑龙江,哈尔滨师范大学,物流管理,491,8813,
黑龙江,哈尔滨师范大学,旅游管理,480,10311,
河南,河南工业大学,财政学,512,6223,
河南,河南工业大学,英语（招英语考生）,507,6811,
河南,河南工业大学,法学,505,7070,
河南,河南工业大学,金融学,504,7195,
河南,河南工业大学,经济学,503,7325,
河南,河南工业大学,电子商务,502,7451,
河南,河南工业大学,工商管理,502,7451,
河南,河南工业大学,国际经济与贸易,502,7451,
河南,河南工业大学,广告学,502,7451,
河南,河南工业大学,财务管理,502,7451,
河南,河南工业大学,新闻传播学类（广播电视学、新闻学）,502,7451,
河南,河南工业大学,物流管理,501,7564,
河南,河南工业大学,翻译（招英语考生）,501,7564,
湖北,中南民族大学,经济学类（经济学、经济统计学、金融学、金融工程、保险学、国际经济）,504,7195,
湖北,中南民族大学,工商管理类（工商管理、市场营销、人力资源管理、会计学、财务管理、）,492,8673,
天津,天津科技大学,法学类（法学、知识产权）,535,3882,
天津,天津科技大学,财务管理,533,4063,
天津,天津科技大学,翻译（招英语考生）,533,4063,
天津,天津科技大学,英语（招英语考生）,532,4158,
天津,天津科技大学,公共事业管理,531,4237,
天津,天津科技大学,行政管理,530,4340,
天津,天津科技大学,国际经济与贸易,527,4634,
