﻿省份,学校名称,专业,最低录取分,最低录取名次,选课要求
河北,河北医科大学,护理学（要求身高：男生1.60米以上，女生1.55米以上）,483,9868,
福建,福建农林大学,农村区域发展,488,9201,
福建,福建农林大学,商务经济学（安溪校区）,486,9464,
安徽,安徽师范大学,新闻传播学类（新闻学、广告学、网络与新媒体）,514,6001,
安徽,安徽师范大学,经济学类（经济学、金融工程）,507,6811,
安徽,安徽师范大学,公共事业管理,501,7564,
安徽,安徽师范大学,旅游管理类（旅游管理、酒店管理）（男生身高不低于170厘米，女生身）,460,13322,
安徽,安徽师范大学,俄语,456,13973,
山东,山东农业大学,日语,498,7940,
山东,山东农业大学,俄语,495,8283,
浙江,浙江工商大学,金融学类（金融学、投资学、金融工程）,551,2645,
浙江,浙江工商大学,新闻传播学类（广告学、新闻学、编辑出版学）,546,3004,
浙江,浙江工商大学,英语（招英语考生）（含英语、商务英语专业）,540,3444,
云南,昆明理工大学,市场营销,504,7195,
云南,昆明理工大学,新闻传播学类（广告学、传播学、编辑出版学）,504,7195,
河南,河南农业大学,国际经济与贸易,496,8164,
河南,河南农业大学,英语（招英语考生）,494,8409,
河南,河南农业大学,土地资源管理,491,8813,
浙江,温州大学,财务管理,533,4063,
浙江,温州大学,英语（师范）（招英语考生）,530,4340,
浙江,温州大学,法学,522,5117,
浙江,温州大学,汉语言文学（创意中文实验班）,520,5332,
山东,济南大学,英语（师范兼非师范类）,528,4534,
山东,济南大学,新闻传播学类（广播电视学、广告学）,527,4634,
山东,济南大学,法学类（社会工作、国际政治、思想政治教育（师范类）、法学）,527,4634,
山东,济南大学,经济学类（经济学、国际经济与贸易、金融学、投资学）,525,4836,
山东,济南大学,中国语言文学类（汉语言文学（师范兼非师范类）、汉语国际教育（师范类）,525,4836,
山东,济南大学,公共管理类（劳动与社会保障、行政管理）,523,5026,
山东,济南大学,历史学（师范类）,519,5452,
山东,济南大学,朝鲜语,516,5773,
山东,济南大学,公共事业管理,515,5887,
安徽,安徽农业大学,茶学（茶文化与贸易）,510,6463,
安徽,安徽农业大学,经济学,507,6811,
安徽,安徽农业大学,社会工作,496,8164,
安徽,安徽农业大学,旅游管理,490,8930,
浙江,浙江农林大学,国际经济与贸易,528,4534,
浙江,浙江农林大学,工商管理,527,4634,
浙江,浙江农林大学,英语（高考英语成绩要求不低于110分）,526,4736,
浙江,浙江农林大学,广告学,522,5117,
辽宁,辽宁师范大学,汉语言文学（师范）,517,5666,
辽宁,辽宁师范大学,英语（师范）（招英语考生；要求英语成绩达到105分；报考外语类专业）,516,5773,
辽宁,辽宁师范大学,俄语（招俄语、英语考生；报考外语类专业且高中用民族语授课的考生外）,512,6223,
甘肃,西北师范大学,英语（卓越教师培养计划）（师范类）（招英语考生，加试口语）,510,6463,
甘肃,西北师范大学,历史学（师范类）,508,6692,
甘肃,西北师范大学,汉语国际教育（师范类）,508,6692,
甘肃,西北师范大学,社会工作,503,7325,
甘肃,西北师范大学,数字媒体艺术,503,7325,
甘肃,西北师范大学,俄语,503,7325,
新疆,石河子大学,中国语言文学类（汉语言文学、中国少数民族语言文学）,492,8673,
新疆,石河子大学,农林经济管理,491,8813,
新疆,石河子大学,教育学（师范类）,490,8930,
新疆,石河子大学,护理学,487,9332,
新疆,石河子大学,学前教育（师范类）,486,9464,
江苏,常州大学,金融学,507,6811,
江苏,常州大学,护理学,506,6939,
吉林,吉林农业大学,金融学类（金融学、保险学）,497,8054,
吉林,吉林农业大学,新闻传播学类（广告学、传播学）,496,8164,
吉林,吉林农业大学,工商管理类（工商管理、市场营销、财务管理、农林经济管理、土地资源）,491,8813,
吉林,吉林农业大学,社会学类（社会学、家政学）,487,9332,
广西,广西医科大学,英语（招英语考生）,484,9730,
广西,广西医科大学,社会工作,480,10311,
广西,广西医科大学,护理学（女生身高不少于155cm，男生身高不少于166cm）,477,10728,
安徽,安徽工业大学,财务管理,502,7451,
安徽,安徽工业大学,经济与金融,500,7702,
安徽,安徽工业大学,市场营销,494,8409,
安徽,安徽工业大学,行政管理,493,8547,
湖南,湖南农业大学,会计学（ACCA卓越班）,507,6811,
湖南,湖南农业大学,公共管理类（公共事业管理、行政管理、劳动与社会保障、土地资源管理）,505,7070,
天津,天津中医药大学,应用心理学,520,5332,
天津,天津中医药大学,工商管理类（市场营销、市场营销（国际营销班））,515,5887,
天津,天津中医药大学,公共管理类（公共事业管理、劳动与社会保障、健康服务与管理）,510,6463,
天津,天津中医药大学,中国语言文学类,507,6811,
广西,广西师范大学,汉语言文学（师范类）,515,5887,
广西,广西师范大学,历史学（师范类）,513,6119,
广西,广西师范大学,外国语言文学类（商务英语、翻译）（招英语考生，加试口语，英语口试）,511,6334,
广西,广西师范大学,秘书学,510,6463,
广西,广西师范大学,思想政治教育（师范类）,510,6463,
广西,广西师范大学,酒店管理（男生身高不低于165厘米，女生身高不低于157厘米。部分优秀）,510,6463,
山西,山西医科大学,护理学,477,10728,
山西,山西医科大学,护理学（就读于汾阳学院）,468,12042,
山西,山西医科大学,社会工作,460,13322,
山西,山西医科大学,公共事业管理（卫生事业管理方向）,453,14444,
山西,山西医科大学,助产学（就读于汾阳学院）,450,14941,
山东,山东理工大学,国际经济与贸易,497,8054,
山东,山东理工大学,朝鲜语,494,8409,
山东,山东理工大学,市场营销,493,8547,
江西,江西理工大学,软件工程（金融方向）,499,7818,
江西,江西理工大学,软件工程（会计方向）,496,8164,
福建,集美大学,投资学,535,3882,
福建,集美大学,日语（加试口语）,528,4534,
江西,南昌航空大学,会计学,485,9598,
江西,南昌航空大学,公共事业管理,438,16895,
江西,南昌航空大学,英语（外贸英语）,438,16895,
吉林,延边大学,地理科学类（地理科学、地理信息科学，其中地理科学专业为师范）（在）,511,6334,
吉林,延边大学,农林经济管理,504,7195,
吉林,延边大学,旅游管理（在珲春校区办学）,501,7564,
吉林,延边大学,日语（招日语考生）（招朝鲜语答卷的朝鲜族日语考生）,459,13473,
吉林,延边大学,中国语言文学类（汉语国际教育、汉语言、汉语言文学）（招朝鲜族考生）,457,13793,
吉林,延边大学,法学（招朝鲜族考生）,454,14281,
吉林,延边大学,工商管理类（工商管理、会计学、市场营销）（招朝鲜族考生）,453,14444,
吉林,延边大学,经济学类（经济学、国际经济与贸易）（招朝鲜族考生）,451,14785,
吉林,延边大学,英语（招英语考生）（含师范、非师范，招朝鲜族考生）,448,15265,
吉林,延边大学,日语（零起点）（招英语考生）（招朝鲜族考生）,442,16220,
吉林,延边大学,"俄语（招英语,日语考生）（招朝鲜族考生）",441,16383,
吉林,延边大学,中国少数民族语言文学（朝鲜语言文学，招朝鲜语答卷考生，含师范、非）,436,17272,
吉林,延边大学,心理学（师范类）（招朝鲜族考生）,434,17593,
吉林,延边大学,历史学（含师范、非师范，招朝鲜族考生）,433,17774,
吉林,延边大学,英语（零起点）（招日语考生）（招朝鲜语答卷的朝鲜族日语考生）,429,18408,
吉林,延边大学,新闻学（招朝鲜语答卷考生）,428,18567,
山东,山东财经大学,会计学,545,3085,
山东,山东财经大学,财务管理,544,3150,
山东,山东财经大学,金融学,541,3376,
山东,山东财经大学,审计学,541,3376,
山东,山东财经大学,经济学,538,3622,
山东,山东财经大学,财政学,537,3707,
山东,山东财经大学,国际商务,536,3794,
山东,山东财经大学,汉语言文学,527,4634,
山东,山东财经大学,保险学,527,4634,
山东,山东财经大学,公共管理类（行政管理、城市管理、公共事业管理、劳动与社会保障）,526,4736,
山东,山东财经大学,法学,525,4836,
山东,山东财经大学,日语,525,4836,
云南,云南师范大学,历史学（师范类）,509,6586,
云南,云南师范大学,法学（纪检监察）,508,6692,
云南,云南师范大学,西班牙语,504,7195,
云南,云南师范大学,新闻传播学类（新闻学、广播电视学、传播学）,503,7325,
云南,云南师范大学,公共管理类（行政管理、劳动与社会保障）,503,7325,
天津,天津理工大学,英语（招英语考生）,518,5560,
天津,天津理工大学,日语（招英语考生）,512,6223,
天津,天津理工大学,汉语言文学,510,6463,
天津,天津理工大学,社会学,505,7070,
天津,天津理工大学,社会工作,504,7195,
黑龙江,哈尔滨师范大学,经济学,496,8164,
黑龙江,哈尔滨师范大学,文物保护技术,496,8164,
黑龙江,哈尔滨师范大学,日语（非师范）,495,8283,
黑龙江,哈尔滨师范大学,经济统计学,494,8409,
黑龙江,哈尔滨师范大学,行政管理,494,8409,
黑龙江,哈尔滨师范大学,贸易经济,494,8409,
黑龙江,哈尔滨师范大学,广播电视学,493,8547,
黑龙江,哈尔滨师范大学,公共事业管理,493,8547,
黑龙江,哈尔滨师范大学,市场营销,493,8547,
黑龙江,哈尔滨师范大学,劳动与社会保障,492,8673,
黑龙江,哈尔滨师范大学,物流管理,491,8813,
黑龙江,哈尔滨师范大学,旅游管理,480,10311,
河南,河南工业大学,财政学,512,6223,
河南,河南工业大学,英语（招英语考生）,507,6811,
河南,河南工业大学,法学,505,7070,
河南,河南工业大学,金融学,504,7195,
河南,河南工业大学,经济学,503,7325,
河南,河南工业大学,电子商务,502,7451,
河南,河南工业大学,工商管理,502,7451,
河南,河南工业大学,国际经济与贸易,502,7451,
河南,河南工业大学,广告学,502,7451,
河南,河南工业大学,财务管理,502,7451,
河南,河南工业大学,新闻传播学类（广播电视学、新闻学）,502,7451,
河南,河南工业大学,物流管理,501,7564,
河南,河南工业大学,翻译（招英语考生）,501,7564,
湖北,中南民族大学,经济学类（经济学、经济统计学、金融学、金融工程、保险学、国际经济）,504,7195,
湖北,中南民族大学,工商管理类（工商管理、市场营销、人力资源管理、会计学、财务管理、）,492,8673,
天津,天津科技大学,法学类（法学、知识产权）,535,3882,
天津,天津科技大学,财务管理,533,4063,
天津,天津科技大学,翻译（招英语考生）,533,4063,
天津,天津科技大学,英语（招英语考生）,532,4158,
天津,天津科技大学,公共事业管理,531,4237,
天津,天津科技大学,行政管理,530,4340,
天津,天津科技大学,国际经济与贸易,527,4634,
湖南,南华大学,护理学,479,10447,
黑龙江,哈尔滨理工大学,英语（招英语考生）,497,8054,
黑龙江,哈尔滨理工大学,法学,492,8673,
黑龙江,哈尔滨理工大学,日语,491,8813,
黑龙江,哈尔滨理工大学,俄语,490,8930,
黑龙江,哈尔滨理工大学,朝鲜语,490,8930,
四川,西南科技大学,工商管理类（工商管理、市场营销、会计学）,495,8283,
四川,西南科技大学,日语,493,8547,
四川,西南科技大学,思想政治教育,489,9052,
山东,烟台大学,汉语言文学,522,5117,
山东,烟台大学,新闻学,519,5452,
山东,烟台大学,国际经济与贸易,512,6223,
山东,烟台大学,日语（招英语考生）,511,6334,
山东,烟台大学,朝鲜语（招英语考生）,511,6334,
湖北,武汉纺织大学,工商管理类（工商管理、人力资源管理、市场营销）,504,7195,
江西,江西农业大学,农林经济管理,506,6939,
江西,江西农业大学,法学,494,8409,
江西,江西农业大学,汉语言文学,491,8813,
江西,江西农业大学,旅游管理,488,9201,
江西,江西农业大学,公共事业管理,488,9201,
山东,鲁东大学,汉语言文学（师范类）,515,5887,
山东,鲁东大学,法学,514,6001,
山东,鲁东大学,汉语言,512,6223,
山东,鲁东大学,英语（师范类）（招英语考生）,511,6334,
山东,鲁东大学,心理学（师范类）,509,6586,
山东,鲁东大学,日语（招英语考生）,509,6586,
山东,鲁东大学,学前教育（师范类）,508,6692,
山东,鲁东大学,朝鲜语（招英语考生）,505,7070,
山东,鲁东大学,市场营销,483,9868,
甘肃,兰州理工大学,俄语,476,10853,
甘肃,兰州理工大学,日语,475,10992,
山东,青岛农业大学,广告学,507,6811,
山东,青岛农业大学,秘书学,504,7195,
山东,青岛农业大学,公共事业管理,502,7451,
山东,青岛农业大学,国际经济与贸易,502,7451,
黑龙江,东北石油大学,俄语,453.11,14444,
黑龙江,东北石油大学,国际经济与贸易,452.09,14595,
黑龙江,东北石油大学,社会工作,449.10,15104,
河南,郑州轻工业大学,物流管理,480,10311,
河南,郑州轻工业大学,财务管理,480,10311,
河南,郑州轻工业大学,朝鲜语,480,10311,
浙江,湖州师范学院,中国语言文学类（汉语言文学（师范）、汉语国际教育、新闻学）,504,7195,
浙江,湖州师范学院,经济与贸易类（国际经济与贸易、财务管理、电子商务、物流管理、金融）,503,7325,
辽宁,沈阳师范大学,教育学（师范）,496,8164,
辽宁,沈阳师范大学,市场营销（外语课程用英语教学，非英语考生慎报）,487,9332,
辽宁,沈阳师范大学,物流管理（外语课程用英语教学，非英语考生慎报）,487,9332,
湖南,中南林业科技大学,法学,511,6334,
湖南,中南林业科技大学,国际商务,510,6463,
湖南,中南林业科技大学,翻译（招英语考生）,509,6586,
湖南,中南林业科技大学,"日语（招英语,日语考生）",509,6586,
湖南,中南林业科技大学,物流管理,507,6811,
黑龙江,黑龙江中医药大学,康复治疗学,498,7940,
黑龙江,黑龙江中医药大学,中西医临床医学（中外合作办学）（部分课程聘请俄罗斯阿穆尔国立医科大）,496,8164,
黑龙江,黑龙江中医药大学,运动康复,495,8283,
黑龙江,黑龙江中医药大学,市场营销,491,8813,
黑龙江,黑龙江中医药大学,护理学（建议男性身高172cm以上，女性身高160cm以上）,491,8813,
黑龙江,黑龙江中医药大学,公共事业管理,490,8930,
黑龙江,黑龙江中医药大学,康复治疗学（佳木斯校区）,474,11155,
黑龙江,黑龙江中医药大学,助产学（学费待定）（佳木斯校区）,469,11893,
黑龙江,黑龙江中医药大学,护理学（建议男性身高172cm以上，女性身高160cm以上）（佳木斯校区）,465,12524,
陕西,西安邮电大学,网络与新媒体,534,3978,
陕西,西安邮电大学,英语（招英语考生）,529,4434,
陕西,西安邮电大学,行政管理,528,4534,
陕西,西安邮电大学,公共事业管理,522,5117,
陕西,西安邮电大学,市场营销,515,5887,
广西,桂林电子科技大学,金融学类（会计学、财务管理、金融工程）,501,7564,
广西,桂林电子科技大学,工商管理类（市场营销、人力资源管理）,498,7940,
广西,桂林电子科技大学,英语（招英语考生）,497,8054,
山西,山西农业大学,工商管理类（市场营销、物流管理）,501,7564,
山西,山西农业大学,行政管理,491,8813,
山西,山西农业大学,法学,487,9332,
山西,山西农业大学,农业经济管理类（农林经济管理、农村区域发展）,486,9464,
山西,山西农业大学,英语（招英语考生）,484,9730,
山东,山东中医药大学,针灸推拿学,523,5026,
山东,山东中医药大学,中西医临床医学,515,5887,
山东,山东中医药大学,康复治疗学,508,6692,
山东,山东中医药大学,护理学,484,9730,
河南,河南中医药大学,护理学,486,9464,
安徽,安徽建筑大学,劳动与社会保障,502,7451,
安徽,安徽建筑大学,会计学,501,7564,
安徽,安徽建筑大学,财务管理,496,8164,
安徽,安徽建筑大学,土地资源管理,495,8283,
四川,西华师范大学,日语,482,10004,
四川,西华师范大学,国际经济与贸易,482,10004,
四川,西华师范大学,市场营销,480,10311,
吉林,东北电力大学,会计学,503,7325,
吉林,东北电力大学,英语,500,7702,
吉林,东北电力大学,思想政治教育,497,8054,
吉林,东北电力大学,日语,496,8164,
四川,成都信息工程大学,国际经济与贸易,533,4063,
四川,成都信息工程大学,会计学,528,4534,
四川,成都信息工程大学,物流管理,514,6001,
甘肃,兰州交通大学,汉语国际教育,499,7818,
甘肃,兰州交通大学,会计学,498,7940,
甘肃,兰州交通大学,英语,496,8164,
甘肃,兰州交通大学,国际经济与贸易,496,8164,
河南,中原工学院,汉语国际教育,471,11592,
河南,中原工学院,日语,469,11893,
河南,中原工学院,市场营销,468,12042,
山东,聊城大学,汉语言文学（师范类）,507,6811,
山东,聊城大学,法学类（法学、知识产权）,504,7195,
山东,山东建筑大学,工程造价,508,6692,
山东,山东建筑大学,房地产开发与管理,495,8283,
山东,山东建筑大学,法学,492,8673,
四川,成都大学,国际经济与贸易,502,7451,
四川,成都大学,小学教育（师范类）,500,7702,
四川,成都大学,护理学,498,7940,
浙江,嘉兴学院,人力资源管理,512,6223,
浙江,嘉兴学院,市场营销,500,7702,
山西,山西师范大学,思想政治教育（师范类）,507,6811,
山西,山西师范大学,历史学（师范类）,503,7325,
山西,山西师范大学,编辑出版学,501,7564,
山西,山西师范大学,日语（师范类）,500,7702,
陕西,西安石油大学,翻译（招英语考生）,505,7070,
陕西,西安石油大学,汉语言文学,504,7195,
陕西,西安石油大学,英语（招英语考生）,504,7195,
陕西,西安石油大学,"俄语（招英语,俄语考生）",503,7325,
辽宁,大连交通大学,工商管理类（工商管理、会计学）,513,6119,
辽宁,大连交通大学,物流管理,494,8409,
辽宁,大连大学,英语（招英语考生）,510,6463,
辽宁,大连大学,翻译（招英语考生）,507,6811,
辽宁,大连大学,小学教育（师范类）,506,6939,
辽宁,大连大学,旅游管理,505,7070,
辽宁,大连大学,酒店管理,486,9464,
辽宁,大连工业大学,人力资源管理,489,7940,
辽宁,大连工业大学,物流管理,480,7818,
贵州,贵州师范大学,"俄语（师范类）（招英语,俄语考生）",470,11730,
贵州,贵州师范大学,"日语（招英语,日语考生）",464,12679,
辽宁,辽宁石油化工大学,会计学,484,9730,
辽宁,辽宁石油化工大学,英语（招英语考生）（英语成绩不低于90分（含））,483,9868,
辽宁,辽宁石油化工大学,汉语国际教育,479,10447,
辽宁,辽宁石油化工大学,俄语,479,10447,
广东,广东财经大学,商务英语,530,4340,
辽宁,沈阳化工大学,会计学,501,7564,
辽宁,沈阳化工大学,金融学,491,8813,
辽宁,沈阳化工大学,英语,489,9052,
辽宁,沈阳化工大学,公共事业管理,489,9052,
辽宁,沈阳化工大学,社会工作,488,9201,
辽宁,沈阳化工大学,市场营销,488,9201,
辽宁,沈阳化工大学,国际经济与贸易（对俄贸易方向）,487,9332,
辽宁,辽宁中医药大学,英语,480,10311,
辽宁,辽宁中医药大学,公共事业管理,477,10728,
江苏,南京工程学院,会计学,514,6001,
江苏,南京工程学院,工程管理,513,6119,
安徽,合肥学院,会计学,488,9201,
安徽,合肥学院,汉语言文学,488,9201,
安徽,合肥学院,经济学,487,9332,
安徽,合肥学院,小学教育（师范）,486,9464,
安徽,合肥学院,物流管理,483,9868,
安徽,合肥学院,日语,482,10004,
辽宁,渤海大学,汉语言文学（师范类）,513,6119,
辽宁,渤海大学,经济学,505,7070,
辽宁,渤海大学,历史学（师范类）,505,7070,
辽宁,渤海大学,英语（师范类）（招英语考生）（英语105分（含）以上）,505,7070,
辽宁,渤海大学,法学,503,7325,
辽宁,渤海大学,日语（招英语考生）（英语90分（含）以上）,502,7451,
山东,山东第一医科大学,护理学四年,475,10992,
山东,山东第一医科大学,人力资源管理四年,474,11155,
山东,山东第一医科大学,旅游管理四年,471,11592,
山东,山东第一医科大学,俄语四年,471,11592,
四川,西南民族大学,民族学（少数民族）,511,6334,
四川,西南民族大学,公共管理类（公共事业管理、行政管理）（少数民族）,511,6334,
四川,西南民族大学,汉语国际教育（少数民族）,509,6586,
四川,西南民族大学,朝鲜语（少数民族）,507,6811,
四川,西南民族大学,英语,498,7940,
四川,西南民族大学,新闻学,498,7940,
四川,西南民族大学,广播电视学,498,7940,
四川,西南民族大学,人力资源管理,496,8164,
四川,西南民族大学,日语,495,8283,
四川,西南民族大学,旅游管理,491,8813,
四川,西南民族大学,学前教育,491,8813,
四川,西南民族大学,历史学,490,8930,
四川,西南民族大学,社会工作,489,9052,
四川,西南民族大学,朝鲜语,489,9052,
北京,北京联合大学,工商管理类（工商管理、会计学、财务管理、工商管理（影视制片管理））,535,3882,
北京,北京联合大学,国际经济与贸易,531,4237,
山东,临沂大学,法学,492,8673,
山东,临沂大学,国际经济与贸易,490,8930,
江西,江西中医药大学,针灸推拿学,496,8164,
江西,江西中医药大学,护理学,493,8547,
江西,江西中医药大学,中医养生学,492,8673,
江西,江西中医药大学,健康服务与管理,488,9201,
黑龙江,黑龙江八一农垦大学,汉语言文学（学费待定）,469,11893,
黑龙江,黑龙江八一农垦大学,国际经济与贸易,468,12042,
黑龙江,黑龙江八一农垦大学,英语（招英语考生）,464,12679,
黑龙江,黑龙江八一农垦大学,工商管理类（会计学、财务管理、审计学）,463,12847,
黑龙江,黑龙江八一农垦大学,政治学与行政学,461,13167,
黑龙江,黑龙江八一农垦大学,公共事业管理,460,13322,
黑龙江,黑龙江八一农垦大学,工商管理类（市场营销、人力资源管理）,460,13322,
黑龙江,黑龙江八一农垦大学,社会工作,459,13473,
陕西,西安工业大学,人力资源管理,513,6119,
陕西,西安工业大学,会计学,509,6586,
陕西,西安工业大学,网络与新媒体,509,6586,
内蒙古,内蒙古师范大学,汉语言文学（师范类）,497,8054,
内蒙古,内蒙古师范大学,教育学类（教育学、学前教育、特殊教育）（师范类）,495,8283,
内蒙古,内蒙古师范大学,行政管理,493,8547,
江西,赣南师范大学,历史学（师范）,500,7702,
江西,赣南师范大学,汉语言文学（师范）,498,7940,
江西,赣南师范大学,地理科学（师范）,498,7940,
江西,赣南师范大学,应用心理学（师范）,498,7940,
江西,赣南师范大学,会计学,497,8054,
福建,厦门理工学院,汉语国际教育,511,6334,
福建,厦门理工学院,城市管理,503,7325,
湖北,湖北中医药大学,中医学,518,5560,
湖北,湖北中医药大学,针灸推拿学,516,5773,
湖北,湖北中医药大学,护理学,505,7070,
湖北,湖北中医药大学,公共事业管理,500,7702,
湖北,湖北中医药大学,市场营销,499,7818,
重庆,重庆工商大学,金融学类（金融学、金融工程、保险学、投资学）,543,3220,
重庆,重庆工商大学,工商管理类（会计学、财务管理、审计学、资产评估）,543,3220,
重庆,重庆工商大学,经济与贸易类（贸易经济、国际经济与贸易）,539,3535,
重庆,重庆工商大学,经济学,533,4063,
重庆,重庆工商大学,人力资源管理,532,4158,
重庆,重庆工商大学,物流管理,532,4158,
重庆,重庆工商大学,工商管理,529,4434,
吉林,吉林师范大学,英语（师范类）（招英语考生）,513,6119,
吉林,吉林师范大学,汉语言文学（师范类）,512,6223,
吉林,吉林师范大学,思想政治教育（师范类）,509,6586,
吉林,吉林师范大学,西班牙语（招英语考生）（长春校区）,508,6692,
吉林,吉林师范大学,地理科学（师范类）,507,6811,
吉林,吉林师范大学,教育学（师范类）,505,7070,
吉林,吉林师范大学,工商管理类（人力资源管理、财务管理、市场营销）,502,7451,
吉林,吉林师范大学,新闻学（长春校区）,501,7564,
吉林,吉林师范大学,法学,500,7702,
吉林,吉林师范大学,社会工作,500,7702,
吉林,吉林师范大学,民族学,500,7702,
吉林,吉林师范大学,编辑出版学（长春校区）,500,7702,
吉林,吉林师范大学,朝鲜语（招英语考生）（招非朝鲜族英语考生）,500,7702,
吉林,吉林师范大学,"俄语（招英语,俄语考生）",499,7818,
陕西,延安大学,思想政治教育（师范类）,483,9868,
陕西,延安大学,新闻学,481,10155,
陕西,延安大学,日语,481,10155,
广西,桂林理工大学,房地产开发与管理,483,9868,
广西,桂林理工大学,旅游管理类（旅游管理、酒店管理）,482,10004,
广西,桂林理工大学,工商管理类（工商管理、市场营销、人力资源管理）,474,11155,
广西,桂林理工大学,日语（招英语考生）,471,11592,
河北,河北工程大学,经济学,497,8054,
河北,河北工程大学,工商管理类（工商管理、会计学）,488,9201,
辽宁,沈阳理工大学,会计学4200,510,6463,
辽宁,沈阳理工大学,经济学4200,505,7070,
辽宁,沈阳理工大学,工商管理4200,504,7195,
辽宁,沈阳理工大学,英语4800,504,7195,
辽宁,沈阳理工大学,俄语4800,501,7564,
安徽,安庆师范大学,汉语言文学（师范类）,502,7451,
安徽,淮北师范大学,汉语言文学（师范）（学费待定）,510,6463,
安徽,淮北师范大学,学前教育（师范）（学费待定）,504,7195,
安徽,淮北师范大学,思想政治教育（师范）（学费待定）,501,7564,
安徽,淮北师范大学,汉语国际教育（师范）（学费待定）,501,7564,
安徽,淮北师范大学,国际经济与贸易（加试口语）（学费待定）,499,7818,
安徽,淮北师范大学,法学（学费待定）,499,7818,
安徽,淮北师范大学,新闻学（学费待定）,499,7818,
安徽,淮北师范大学,财务管理（学费待定）,499,7818,
安徽,淮北师范大学,社会工作（学费待定）,498,7940,
吉林,长春工业大学,财务管理,504,7195,
吉林,长春工业大学,会计学,503,7325,
吉林,长春工业大学,金融学,497,8054,
吉林,长春工业大学,法学,497,8054,
吉林,长春工业大学,电子商务,497,8054,
吉林,长春工业大学,"日语（招英语,日语考生）",495,8283,
吉林,长春工业大学,国际经济与贸易,494,8409,
吉林,长春工业大学,广告学,494,8409,
吉林,长春工业大学,工商管理,494,8409,
吉林,长春工业大学,社会工作,493,8547,
吉林,长春工业大学,英语（招英语考生）,493,8547,
吉林,长春工业大学,市场营销,492,8673,
吉林,长春工业大学,行政管理,492,8673,
吉林,长春工业大学,公共事业管理,490,8930,
吉林,长春工业大学,劳动与社会保障,490,8930,
辽宁,辽宁工业大学,金融学,501,7564,
辽宁,辽宁工业大学,会计学,494,8409,
辽宁,辽宁工业大学,英语（招英语考生）,491,8813,
辽宁,辽宁工业大学,传播学,488,9201,
内蒙古,内蒙古民族大学,汉语言文学（师范类）（语文成绩不低于90分）,479,10447,
内蒙古,内蒙古民族大学,经济与金融,466,12356,
辽宁,大连海洋大学,法学,505,7070,
辽宁,大连海洋大学,"日语（招英语,日语考生）（外语成绩不低于90分）",501,7564,
辽宁,辽宁科技大学,会计学,502,7451,
辽宁,辽宁科技大学,财务管理,502,7451,
辽宁,辽宁科技大学,金融学,500,7702,
辽宁,辽宁科技大学,国际经济与贸易（该专业外语课程只安排英语教学）,498,7940,
辽宁,辽宁科技大学,工商管理,496,8164,
辽宁,辽宁科技大学,法学,494,8409,
辽宁,辽宁科技大学,市场营销,494,8409,
辽宁,辽宁科技大学,旅游管理,493,8547,
山西,山西财经大学,国民经济管理,530,4340,
山西,山西财经大学,税收学,524,4928,
山西,山西财经大学,贸易经济,520,5332,
山西,山西财经大学,商务英语（招英语考生）,520,5332,
山西,山西财经大学,行政管理,514,6001,
山西,山西财经大学,国际商务,514,6001,
山西,山西财经大学,文化产业管理,512,6223,
山西,山西财经大学,新闻学,511,6334,
山西,山西财经大学,市场营销,511,6334,
山西,山西财经大学,人力资源管理,511,6334,
山西,山西财经大学,旅游管理,508,6692,
江西,南昌工程学院,新闻传播学类（编辑出版学、网络与新媒体）,485,9598,
江西,南昌工程学院,英语,482,10004,
江西,南昌工程学院,电子商务,480,10311,
河北,河北经贸大学,法学,519,5452,
河北,河北经贸大学,金融学类（金融学、金融工程、保险学、投资学）,513,6119,
河北,河北经贸大学,工商管理类（会计学、财务管理、审计学）,511,6334,
河北,河北经贸大学,财政学类（财政学、税收学）,511,6334,
河北,河北经贸大学,资产评估,510,6463,
河北,河北经贸大学,新闻传播学类（新闻学、广播电视学、广告学、编辑出版学）,510,6463,
河北,河北经贸大学,公共管理类（行政管理、劳动与社会保障、土地资源管理）,509,6586,
河北,河北经贸大学,国际经济与贸易,508,6692,
河北,河北经贸大学,工商管理,508,6692,
河北,河北经贸大学,房地产开发与管理,508,6692,
河北,河北经贸大学,商务英语（招英语考生）,507,6811,
河北,河北经贸大学,电子商务,506,6939,
河北,河北经贸大学,日语,506,6939,
河北,河北经贸大学,英语（招英语考生）,506,6939,
河北,河北经贸大学,旅游管理,505,7070,
河北,河北经贸大学,朝鲜语,505,7070,
河北,河北经贸大学,中国语言文学类（汉语言文学、汉语国际教育）,505,7070,
河北,河北经贸大学,市场营销,504,7195,
河北,河北经贸大学,会展经济与管理,504,7195,
湖南,吉首大学,网络与新媒体,493,8547,
湖南,吉首大学,自然地理与资源环境（张家界校区）,490,8930,
湖南,吉首大学,英语（师范类）（招英语考生）（张家界校区）,490,8930,
湖南,吉首大学,经济学,489,9052,
湖南,吉首大学,文化产业管理,488,9201,
江西,江西科技师范大学,学前教育（师范）,490,8930,
江西,江西科技师范大学,英语（师范）（招英语考生，英语高考成绩须不低于120分（含），同等）,488,9201,
江西,江西科技师范大学,法学,486,9464,
吉林,北华大学,日语,490,8930,
吉林,北华大学,会计学,488,9201,
吉林,北华大学,俄语,480,10311,
辽宁,沈阳大学,英语,502,7451,
辽宁,沈阳大学,历史学（师范类）,502,7451,
辽宁,沈阳大学,财政学,501,7564,
吉林,长春中医药大学,护理学,488,9201,
吉林,长春中医药大学,市场营销,441,16383,
新疆,新疆师范大学,英语（师范类）,497,8054,
新疆,新疆师范大学,汉语言文学（师范类）,494,8409,
新疆,新疆师范大学,思想政治教育（师范类）,481,10155,
新疆,新疆师范大学,俄语,477,10728,
新疆,新疆师范大学,学前教育（师范类）,471,11592,
新疆,新疆师范大学,法学,470,11730,
新疆,新疆师范大学,日语,469,11893,
北京,北京物资学院,法学,554,2448,
北京,北京物资学院,工商管理类（工商管理、市场营销、人力资源管理）,532,4158,
北京,北京物资学院,商务英语（招英语考生，加试口语）,528,4534,
云南,大理大学,商务英语（招英语考生，加试口语）,481,10155,
云南,大理大学,经济学,480,10311,
云南,大理大学,汉语言文学,478,10589,
云南,大理大学,护理学,478,10589,
云南,大理大学,学前教育（师范类）,477,10728,
江苏,淮阴师范学院,汉语国际教育,478,10589,
江苏,淮阴师范学院,汉语言文学,478,10589,
江苏,淮阴师范学院,思想政治教育（师范类）,475,10992,
江苏,淮阴师范学院,日语,474,11155,
湖北,湖北师范大学,思想政治教育（师范类）,506,6939,
湖北,湖北师范大学,经济学,504,7195,
湖北,湖北师范大学,教育学类（教育学、学前教育、小学教育、特殊教育）（师范类）,504,7195,
广西,南宁师范大学,外国语言文学类（英语、翻译）（招英语考生，加试口语）,481,10155,
广西,南宁师范大学,秘书学,479,10447,
广西,南宁师范大学,社会工作,477,10728,
湖南,湖南理工学院,思想政治教育（师范类）,480,10311,
湖南,湖南理工学院,朝鲜语（英语单科成绩不低于110分，加试口语）,472,11433,
江苏,盐城工学院,汉语言文学,483,9868,
江西,井冈山大学,商务英语（招英语考生，英语单科成绩不低于110分）,491,8813,
福建,闽南师范大学,日语,492,8673,
福建,闽南师范大学,旅游管理（国家专项计划）,488,9201,
江苏,盐城师范学院,思想政治教育（师范类）,488,9201,
吉林,吉林建筑大学,城市管理,484,9730,
吉林,吉林建筑大学,公共事业管理,481,10155,
广东,广东医科大学,护理学,484,9730,
广东,广东医科大学,公共事业管理,466,12356,
江苏,江苏理工学院,日语,487,9332,
山西,太原科技大学,会计学,498,7940,
山西,太原科技大学,法学,494,8409,
山西,太原科技大学,经济学,493,8547,
山西,太原科技大学,社会工作,487,9332,
浙江,台州学院,汉语言文学（师范）,491,8813,
浙江,台州学院,英语（师范）（招英语考生，要求英语单科成绩不低于105分）,490,8930,
浙江,台州学院,思想政治教育（师范）,489,9052,
贵州,贵州师范学院,地理科学（师范类）,472,11433,
重庆,重庆文理学院,商务英语,494,8409,
重庆,重庆文理学院,财务管理,457,13793,
河南,河南科技学院,汉语国际教育（师范类）,459,13473,
河南,河南科技学院,人力资源管理,450,14941,
河南,河南科技学院,商务英语（招英语考生）,450,14941,
山东,滨州医学院,中医学,498,7940,
山东,滨州医学院,应用心理学,493,8547,
陕西,西安外国语大学,汉语国际教育,545,3085,
陕西,西安外国语大学,金融学,536,3794,
陕西,西安外国语大学,会计学,532,4158,
河南,河南财经政法大学,会计学,529,4434,
河南,河南财经政法大学,法学,525,4836,
河南,河南财经政法大学,公共管理类（公共事业管理、行政管理、劳动与社会保障）,523,5026,
河南,河南财经政法大学,财务管理,522,5117,
河南,河南财经政法大学,金融学类（金融学、保险学、投资学、投资学（期货方向）、金融工程）,520,5332,
河南,河南财经政法大学,经济与贸易类（国际经济与贸易、贸易经济）,519,5452,
河南,河南财经政法大学,外国语言文学类（英语、商务英语）,519,5452,
河南,河南财经政法大学,工商管理类（工商管理、市场营销（大数据营销方向））,514,6001,
河南,河南财经政法大学,知识产权,513,6119,
河南,河南财经政法大学,俄语,513,6119,
河南,河南财经政法大学,经济学类（经济学、经济学（经济计量方向）、能源经济）,513,6119,
河南,河南财经政法大学,财政学类（财政学、税收学）,512,6223,
江苏,江苏海洋大学,会计学,511,6334,
江苏,江苏海洋大学,金融学,503,7325,
江苏,江苏海洋大学,财务管理,501,7564,
江苏,江苏海洋大学,法学,500,7702,
江苏,江苏海洋大学,物流管理,499,7818,
江苏,江苏海洋大学,工商管理,498,7940,
江苏,江苏海洋大学,"日语（招英语,日语考生）",498,7940,
江苏,江苏海洋大学,英语（招英语考生）,498,7940,
江苏,江苏海洋大学,新闻学,497,8054,
江苏,江苏海洋大学,行政管理,497,8054,
江苏,江苏海洋大学,国际经济与贸易,497,8054,
江苏,江苏海洋大学,土地资源管理,496,8164,
江苏,江苏海洋大学,"俄语（招英语,俄语考生）",494,8409,
江苏,江苏海洋大学,广告学,493,8547,
江苏,江苏海洋大学,朝鲜语（招英语考生）,493,8547,
湖北,湖北经济学院,会计学（包括会计学财务审计学）,516,5773,
湖北,湖北经济学院,经济学类（经济学、商务经济学）,515,5887,
湖北,湖北经济学院,金融学类（金融学、投资学、保险学）,504,7195,
吉林,长春师范大学,教育学（师范类）,500,7702,
吉林,长春师范大学,俄语（师范类）（招英语考生）,497,8054,
吉林,长春师范大学,中国少数民族语言文学（师范类）,496,8164,
吉林,长春师范大学,朝鲜语（师范类）（招英语考生）（只招收非朝鲜族考生）,489,9052,
吉林,长春师范大学,阿拉伯语（招英语考生，英语高考成绩不低于105分）,451,14785,
吉林,吉林财经大学,会计学,527,4634,
吉林,吉林财经大学,法学,512,6223,
吉林,吉林财经大学,经济学,508,6692,
吉林,吉林财经大学,工商管理,508,6692,
吉林,吉林财经大学,财政学,507,6811,
吉林,吉林财经大学,税收学,507,6811,
吉林,吉林财经大学,国际经济与贸易,504,7195,
吉林,吉林财经大学,旅游管理,502,7451,
吉林,吉林财经大学,广告学,502,7451,
吉林,吉林财经大学,英语（招英语考生）,502,7451,
吉林,吉林财经大学,保险学,501,7564,
吉林,吉林财经大学,市场营销,501,7564,
吉林,吉林财经大学,日语（招英语考生）,501,7564,
吉林,吉林财经大学,人力资源管理,500,7702,
吉林,吉林财经大学,朝鲜语（招英语考生）,499,7818,
内蒙古,内蒙古科技大学,法学,481,10155,
内蒙古,内蒙古科技大学,会计学（数学单科成绩不低于90分）,481,10155,
内蒙古,内蒙古科技大学,市场营销,478,10589,
内蒙古,内蒙古科技大学,英语（招英语考生）（英语单科成绩不低于90分）,476,10853,
内蒙古,内蒙古科技大学,公共事业管理,475,10992,
山东,山东交通学院,财务管理,474,11155,
山东,山东交通学院,俄语,467,12186,
山东,山东交通学院,轮机工程（威海校区）,464,12679,
山东,山东交通学院,海事管理（威海校区）,446,15608,
山东,山东交通学院,航海技术（威海校区）,428,18567,
黑龙江,哈尔滨商业大学,英语（招英语考生）,509,6586,
黑龙江,哈尔滨商业大学,汉语言文学,501,7564,
黑龙江,哈尔滨商业大学,商务英语（招英语考生）,501,7564,
黑龙江,哈尔滨商业大学,旅游管理,500,7702,
黑龙江,哈尔滨商业大学,会展经济与管理,496,8164,
黑龙江,哈尔滨商业大学,行政管理,495,8283,
黑龙江,哈尔滨商业大学,社会工作,494,8409,
黑龙江,哈尔滨商业大学,法学,494,8409,
黑龙江,哈尔滨商业大学,酒店管理,493,8547,
黑龙江,哈尔滨商业大学,劳动与社会保障,492,8673,
黑龙江,哈尔滨商业大学,新闻学,491,8813,
黑龙江,哈尔滨商业大学,体育经济与管理,491,8813,
黑龙江,哈尔滨商业大学,俄语,489,9052,
福建,闽江学院,国际经济与贸易,499,7818,
福建,闽江学院,汉语言文学,498,7940,
福建,闽江学院,文化产业管理,496,8164,
福建,闽江学院,广告学,495,8283,
湖北,湖北文理学院,建筑学,473,11296,
湖北,湖北文理学院,广播电视学,468,12042,
天津,天津商业大学,工商管理类（会计学、财务管理）,532,4158,
天津,天津商业大学,公共管理类（公共事业管理、行政管理、土地资源管理）,532,4158,
天津,天津商业大学,物流管理,527,4634,
天津,天津商业大学,"日语（招英语,日语考生）",526,4736,
黑龙江,齐齐哈尔大学,外国语言文学类（英语（师范类）、英语）（招英语考生，加试口语）,491,8813,
黑龙江,齐齐哈尔大学,中国语言文学类（汉语言文学（师范类）、汉语言文学）,490,8930,
黑龙江,齐齐哈尔大学,历史学（师范类）,485,9598,
黑龙江,齐齐哈尔大学,思想政治教育（师范类）,484,9730,
黑龙江,齐齐哈尔大学,教育学（师范类）,484,9730,
黑龙江,齐齐哈尔大学,法学,483,9868,
黑龙江,齐齐哈尔大学,日语,480,10311,
黑龙江,齐齐哈尔大学,汉语国际教育,480,10311,
黑龙江,齐齐哈尔大学,哲学,479,10447,
黑龙江,齐齐哈尔大学,学前教育（师范类）,479,10447,
黑龙江,齐齐哈尔大学,朝鲜语,477,10728,
黑龙江,齐齐哈尔大学,应用心理学,477,10728,
黑龙江,齐齐哈尔大学,俄语,475,10992,
黑龙江,齐齐哈尔大学,国际经济与贸易,475,10992,
黑龙江,齐齐哈尔大学,广播电视学,475,10992,
黑龙江,齐齐哈尔大学,工商管理类（工商管理、市场营销、财务管理）,475,10992,
黑龙江,齐齐哈尔大学,酒店管理,475,10992,
河北,河北科技师范学院,汉语言文学（师范类）（开发区校区）,495,8283,
河北,河北科技师范学院,法学（开发区校区）,492,8673,
天津,天津农学院,会计学,481,10155,
天津,天津农学院,公共事业管理,461,13167,
河南,南阳师范学院,思想政治教育（师范类）,468,12042,
河南,南阳师范学院,日语（招英语考生）,460,13322,
湖南,湖南工商大学,金融学类（金融学、保险学、投资学）（学费待定）,506,6939,
湖南,湖南工商大学,国际经济与贸易,505,7070,
湖南,湖南工商大学,工商管理类（工商管理、市场营销、人力资源管理）,505,7070,
广东,岭南师范学院,新闻学,480,10311,
广东,岭南师范学院,社会工作,472,11433,
广东,岭南师范学院,市场营销,467,12186,
天津,天津职业技术师范大学,日语,495,8283,
天津,天津职业技术师范大学,人力资源管理,495,8283,
吉林,长春大学,财务管理,499,7818,
吉林,长春大学,英语（招英语考生）,499,7818,
吉林,长春大学,特殊教育（师范类）,497,8054,
吉林,长春大学,西班牙语（招英语考生）,495,8283,
吉林,长春大学,日语,492,8673,
吉林,长春大学,俄语（招英语考生）,491,8813,
黑龙江,黑龙江工程学院,网络与新媒体,475,10992,
黑龙江,黑龙江工程学院,会计学,472,11433,
黑龙江,黑龙江工程学院,英语（招英语考生）,472,11433,
黑龙江,黑龙江工程学院,市场营销,468,12042,
黑龙江,黑龙江工程学院,国际经济与贸易,466,12356,
黑龙江,黑龙江工程学院,财务管理,465,12524,
黑龙江,黑龙江工程学院,俄语,464,12679,
黑龙江,黑龙江工程学院,社会工作,462,13004,
黑龙江,黑龙江工程学院,旅游管理,459,13473,
河南,安阳师范学院,中国语言文学类（汉语言文学、汉语国际教育）（师范类）,481,10155,
河南,安阳师范学院,历史学类（历史学（师范类）、考古学）,480,10311,
河南,安阳师范学院,国际经济与贸易,476,10853,
河南,洛阳师范学院,历史学（师范类）,481,10155,
河南,洛阳师范学院,翻译,478,10589,
河南,洛阳师范学院,商务英语,476,10853,
河南,洛阳师范学院,酒店管理,475,10992,
河南,洛阳师范学院,学前教育（师范类）,475,10992,
广西,广西民族大学,英语（师范类）（招英语考生，加试口语，要求英语口语测试成绩合格）,502,7451,
广西,广西民族大学,汉语言文学（师范类）,499,7818,
广西,广西民族大学,政治学类（政治学与行政学、国际事务与国际关系）,498,7940,
广西,广西民族大学,传播学,497,8054,
四川,攀枝花学院,物流管理,450,14941,
陕西,陕西理工大学,历史学（师范类）,491,8813,
陕西,陕西理工大学,汉语国际教育,486,9464,
陕西,陕西理工大学,学前教育（师范类）,486,9464,
陕西,陕西理工大学,秘书学,485,9598,
广西,广西中医药大学,中医学,509,6586,
广西,广西中医药大学,中西医临床医学,507,6811,
广西,广西中医药大学,医学技术类（康复治疗学、运动康复）（运动康复专业只允许理科类考生）,502,7451,
广西,广西中医药大学,护理学（身高女生155cm及以上，男生165cm及以上）,497,8054,
广西,广西中医药大学,公共管理类（市场营销、信息管理与信息系统、公共事业管理）（色盲、）,463,12847,
河北,唐山师范学院,政治学与行政学,465,12524,
河北,唐山师范学院,旅游管理,458,13632,
黑龙江,黑龙江科技大学,汉语言文学,488,9201,
黑龙江,黑龙江科技大学,金融学,483,9868,
黑龙江,黑龙江科技大学,俄语,481,10155,
黑龙江,黑龙江科技大学,经济学,481,10155,
黑龙江,黑龙江科技大学,英语（招英语考生）,481,10155,
黑龙江,黑龙江科技大学,财务管理,480,10311,
黑龙江,黑龙江科技大学,工商管理,479,10447,
黑龙江,黑龙江科技大学,国际经济与贸易,477,10728,
黑龙江,黑龙江科技大学,社会工作,477,10728,
黑龙江,黑龙江科技大学,信息管理与信息系统,477,10728,
黑龙江,黑龙江科技大学,商务英语（招英语考生）,477,10728,
黑龙江,黑龙江科技大学,公共事业管理,476,10853,
黑龙江,黑龙江科技大学,市场营销,476,10853,
黑龙江,黑龙江科技大学,社会学,476,10853,
山东,泰山学院,行政管理,451,14785,
山东,德州学院,俄语,448,15265,
湖南,衡阳师范学院,汉语言文学（师范类）,489,9052,
湖南,衡阳师范学院,法学,488,9201,
湖南,衡阳师范学院,思想政治教育（师范类）,487,9332,
湖南,衡阳师范学院,旅游管理,486,9464,
湖南,衡阳师范学院,编辑出版学,486,9464,
西藏,西藏农牧学院,农林经济管理,436,17272,
云南,云南财经大学,会计学,524,4928,
云南,云南财经大学,金融学,510,6463,
云南,云南财经大学,审计学,510,6463,
云南,云南财经大学,法学,508,6692,
云南,云南财经大学,税收学,508,6692,
云南,云南财经大学,汉语言,507,6811,
云南,云南财经大学,投资学,506,6939,
云南,云南财经大学,国际商务,505,7070,
云南,云南财经大学,会展经济与管理,505,7070,
云南,云南财经大学,资产评估,505,7070,
黑龙江,佳木斯大学,英语（师范类）,483,9868,
黑龙江,佳木斯大学,汉语言文学（师范类）,478,10589,
黑龙江,佳木斯大学,历史学（师范类）,471,11592,
黑龙江,佳木斯大学,英语,470,11730,
黑龙江,佳木斯大学,法学,465,12524,
黑龙江,佳木斯大学,思想政治教育（师范类）,464,12679,
黑龙江,佳木斯大学,教育学类,462,13004,
黑龙江,佳木斯大学,中国语言文学类,458,13632,
黑龙江,佳木斯大学,心理学,458,13632,
黑龙江,佳木斯大学,网络与新媒体,458,13632,
黑龙江,佳木斯大学,国际经济与贸易,456,13973,
黑龙江,佳木斯大学,日语,456,13973,
黑龙江,佳木斯大学,工商管理类,456,13973,
黑龙江,佳木斯大学,电子商务,456,13973,
黑龙江,佳木斯大学,朝鲜语,455,14121,
黑龙江,佳木斯大学,物业管理,455,14121,
黑龙江,佳木斯大学,俄语,454,14281,
黑龙江,佳木斯大学,物流管理与工程类,454,14281,
黑龙江,佳木斯大学,旅游管理,454,14281,
河北,北华航天工业学院,英语（招英语考生，加试口语）,496,8164,
河北,北华航天工业学院,国际经济与贸易,490,8930,
河北,北华航天工业学院,电子商务,485,9598,
河北,北华航天工业学院,会计学,484,9730,
河北,北华航天工业学院,物流管理,483,9868,
河北,北华航天工业学院,财务管理,480,10311,
河北,北华航天工业学院,经济学,480,10311,
河北,北华航天工业学院,人力资源管理,478,10589,
河北,北华航天工业学院,社会工作,478,10589,
河北,北华航天工业学院,市场营销,477,10728,
河北,北华航天工业学院,秘书学,477,10728,
广西,玉林师范学院,小学教育（师范类）,453,14444,
广西,玉林师范学院,英语（师范类）（招英语考生，加试口语）,453,14444,
浙江,浙江传媒学院,传播学,548,2857,
浙江,浙江传媒学院,英语（招英语考生）（英语单科成绩不低于115分）,547,2925,
浙江,浙江传媒学院,网络与新媒体（桐乡乌镇校区）,545,3085,
浙江,浙江传媒学院,编辑出版学,544,3150,
浙江,浙江传媒学院,广告学（桐乡乌镇校区）,534,3978,
浙江,浙江传媒学院,会展经济与管理（桐乡乌镇校区）,533,4063,
浙江,浙江传媒学院,中国语言文学类（汉语言文学、汉语国际教育、秘书学）（桐乡乌镇校区）,531,4237,
浙江,浙江传媒学院,文化产业管理（桐乡乌镇校区）,529,4434,
江西,宜春学院,护理学（美容医疗技术方向，在美容医学院就读）,467,12186,
江西,宜春学院,广播电视学,461,13167,
江西,宜春学院,汉语国际教育（师范类）,461,13167,
江西,宜春学院,学前教育（师范类）,456,13973,
江西,宜春学院,法语,452,14595,
湖南,湖南城市学院,网络与新媒体,477,10728,
湖南,湖南城市学院,英语（招英语考生，高考英语成绩不低于100分）,473,11296,
湖南,湖南城市学院,思想政治教育（师范类）,472,11433,
江西,九江学院,会计学,483,9868,
江西,九江学院,汉语国际教育,478,10589,
江西,九江学院,电子商务,473,11296,
江西,九江学院,国际商务,472,11433,
四川,绵阳师范学院,汉语言文学（师范类）,484,9730,
四川,绵阳师范学院,汉语国际教育,479,10447,
陕西,宝鸡文理学院,思想政治教育（师范类）,466,12356,
陕西,宝鸡文理学院,历史学（师范类）,463,12847,
河南,河南城建学院,法学,444,15923,
河南,河南城建学院,旅游管理,443,16073,
河南,河南工程学院,物流管理,471,11592,
河南,河南工程学院,英语,468,12042,
陕西,西安财经大学,会计学,528,4534,
陕西,西安财经大学,审计学,524,4928,
陕西,西安财经大学,人力资源管理,520,5332,
陕西,西安财经大学,行政管理,518,5560,
陕西,西安财经大学,城市管理,516,5773,
陕西,西安财经大学,法学,513,6119,
陕西,西安财经大学,公共事业管理,513,6119,
江苏,徐州工程学院,旅游管理,471,11592,
江苏,徐州工程学院,朝鲜语,464,12679,
重庆,重庆三峡学院,会计学,498,7940,
重庆,重庆三峡学院,汉语言文学（师范类）,488,9201,
重庆,重庆三峡学院,工商管理类（市场营销、工商管理）,487,9332,
重庆,重庆三峡学院,劳动与社会保障,486,9464,
重庆,重庆三峡学院,英语（招英语考生，加试口语）,485,9598,
河南,南阳理工学院,法学,487,9332,
河南,南阳理工学院,汉语言文学（创意写作方向）,467,12186,
河南,南阳理工学院,"日语（商务方向）（招英语,日语考生）",462,13004,
河南,南阳理工学院,国际商务,460,13322,
河南,南阳理工学院,市场营销,456,13973,
甘肃,西北民族大学,汉语言文学,493,8547,
甘肃,西北民族大学,金融学,490,8930,
甘肃,西北民族大学,汉语国际教育,490,8930,
甘肃,西北民族大学,法学,487,9332,
甘肃,西北民族大学,历史学,487,9332,
甘肃,西北民族大学,财务管理,486,9464,
甘肃,西北民族大学,新闻学,486,9464,
甘肃,西北民族大学,阿拉伯语（招英语考生）,486,9464,
甘肃,西北民族大学,民族学,484,9730,
甘肃,西北民族大学,旅游管理,482,10004,
甘肃,西北民族大学,广播电视学,481,10155,
甘肃,西北民族大学,俄语（招英语考生）,481,10155,
江苏,金陵科技学院,行政管理,494,8409,
江苏,金陵科技学院,古典文献学,488,9201,
河南,郑州航空工业管理学院,工商管理类（会计学、会计学（注册会计师方向）、财务管理、审计学、工）,489,9052,
河南,郑州航空工业管理学院,法学,486,9464,
河南,郑州航空工业管理学院,中国语言文学类（汉语言文学、汉语国际教育）,486,9464,
河南,郑州航空工业管理学院,公共管理类（公共事业管理、行政管理）,485,9598,
河南,郑州航空工业管理学院,外国语言文学类（英语、翻译）,484,9730,
河南,郑州航空工业管理学院,图书情报与档案管理类（图书馆学、档案学）,482,10004,
北京,中国劳动关系学院,经济学,510,6463,
北京,中国劳动关系学院,人力资源管理,508,6692,
北京,中国劳动关系学院,新闻学,503,7325,
北京,中国劳动关系学院,劳动与社会保障,501,7564,
北京,中国劳动关系学院,财务管理,501,7564,
北京,中国劳动关系学院,酒店管理,500,7702,
北京,中国劳动关系学院,戏剧影视文学（该专业授予艺术学学士学位）,489,9052,
吉林,长春工程学院,英语（招英语考生）,481,10155,
吉林,长春工程学院,财务管理,476,10853,
吉林,长春工程学院,工商管理,473,11296,
吉林,长春工程学院,房地产开发与管理,470,11730,
吉林,长春工程学院,建筑学（入学后加试素描）,470,11730,
吉林,长春工程学院,市场营销,469,11893,
江西,上饶师范学院,新闻学,451,14785,
江西,上饶师范学院,旅游管理,449,15104,
江西,上饶师范学院,历史学（师范类）,449,15104,
江西,上饶师范学院,行政管理,448,15265,
辽宁,大连民族大学,法学,540,3444,
辽宁,大连民族大学,英语（招英语考生）,528,4534,
辽宁,大连民族大学,会计学,527,4634,
辽宁,大连民族大学,汉语国际教育,526,4736,
辽宁,大连民族大学,财务管理,523,5026,
辽宁,大连民族大学,人力资源管理,521,5222,
辽宁,大连民族大学,经济学,519,5452,
辽宁,大连民族大学,新闻学,518,5560,
辽宁,大连民族大学,法学（只招少数民族）,518,5560,
辽宁,大连民族大学,旅游管理,515,5887,
辽宁,大连民族大学,国际商务,515,5887,
辽宁,大连民族大学,工商管理,514,6001,
辽宁,大连民族大学,汉语言文学,512,6223,
辽宁,大连民族大学,朝鲜语（招英语考生）,508,6692,
辽宁,大连民族大学,市场营销,507,6811,
辽宁,大连民族大学,行政管理,507,6811,
辽宁,大连民族大学,英语（只招少数民族）（招英语考生）,505,7070,
辽宁,大连民族大学,经济学（只招少数民族）,501,7564,
辽宁,大连民族大学,汉语言文学（只招少数民族）,497,8054,
辽宁,大连民族大学,新闻学（只招少数民族）,496,8164,
辽宁,大连民族大学,会计学（只招少数民族）,496,8164,
辽宁,大连民族大学,行政管理（只招少数民族）,495,8283,
辽宁,大连民族大学,财务管理（只招少数民族）,495,8283,
辽宁,大连民族大学,汉语国际教育（只招少数民族）,494,8409,
辽宁,大连民族大学,人力资源管理（只招少数民族）,492,8673,
辽宁,大连民族大学,工商管理（只招少数民族）,492,8673,
辽宁,大连民族大学,国际商务（只招少数民族）,489,9052,
辽宁,大连民族大学,朝鲜语（只招少数民族）（招英语考生）,489,9052,
辽宁,大连民族大学,旅游管理（只招少数民族）,488,9201,
辽宁,大连民族大学,市场营销（只招少数民族）,479,10447,
甘肃,甘肃政法大学,法学,505,7070,
甘肃,甘肃政法大学,物流管理,503,7325,
甘肃,甘肃政法大学,治安学,501,7564,
陕西,西安文理学院,会计学,490,8930,
陕西,西安文理学院,日语,483,9868,
辽宁,营口理工学院,物流管理,437,17076,
辽宁,营口理工学院,供应链管理,434,17593,
山东,潍坊学院,法学,489,9052,
山东,潍坊学院,汉语言文学（师范类）,488,9201,
山东,潍坊学院,国际经济与贸易,484,9730,
山东,潍坊学院,经济与金融,483,9868,
湖南,湖南文理学院,金融工程,477,10728,
湖南,湖南文理学院,日语,473,11296,
湖南,湖南文理学院,思想政治教育（师范类）,472,11433,
天津,天津体育学院,特殊教育,481,10155,
河南,商丘师范学院,汉语言文学（师范类）,484,9730,
河南,商丘师范学院,文化产业管理,474,11155,
河南,商丘师范学院,日语,473,11296,
河南,商丘师范学院,广播电视学,472,11433,
河南,商丘师范学院,翻译,471,11592,
河北,河北中医学院,中西医临床医学,505,7070,
河北,河北中医学院,应用心理学,497,8054,
山东,山东管理学院,审计学,491,8813,
山东,山东管理学院,资产评估,490,8930,
山东,山东管理学院,人力资源管理,490,8930,
山东,山东管理学院,国际经济与贸易,489,9052,
山东,山东管理学院,财务管理,489,9052,
四川,中国民用航空飞行学院,公共事业管理,476,10853,
青海,青海民族大学,日语,446,15608,
江西,赣南医学院,法学,449,15104,
江西,赣南医学院,护理学,449,15104,
云南,云南民族大学,汉语言文学,499,7818,
云南,云南民族大学,"日语（招英语,日语考生，加试口语）",496,8164,
河北,防灾科技学院,网络与新媒体,491,8813,
河北,防灾科技学院,汉语言文学,488,9201,
河北,防灾科技学院,会计学,485,9598,
河北,防灾科技学院,英语（招英语考生）,483,9868,
河北,防灾科技学院,工商管理,482,10004,
吉林,通化师范学院,汉语言文学（师范类）,455,14121,
吉林,通化师范学院,财务管理,454,14281,
黑龙江,哈尔滨学院,英语（招英语考生，加试口语）,475,10992,
黑龙江,哈尔滨学院,小学教育（师范类）,464,12679,
黑龙江,哈尔滨学院,会计学,461,13167,
黑龙江,哈尔滨学院,商务英语（招英语考生）,459,13473,
黑龙江,哈尔滨学院,学前教育（师范类）,459,13473,
黑龙江,哈尔滨学院,法学,458,13632,
黑龙江,哈尔滨学院,金融学,458,13632,
黑龙江,哈尔滨学院,汉语言文学,457,13793,
黑龙江,哈尔滨学院,财务管理,456,13973,
黑龙江,哈尔滨学院,地理信息科学,455,14121,
黑龙江,哈尔滨学院,俄语,455,14121,
黑龙江,哈尔滨学院,汉语国际教育,455,14121,
黑龙江,哈尔滨学院,社会工作,454,14281,
黑龙江,哈尔滨学院,旅游管理,454,14281,
河南,新乡学院,中国语言文学类（汉语言文学、汉语国际教育、秘书学，其中汉语言文学）,454,14281,
河南,新乡学院,国际经济与贸易,449,15104,
湖北,湖北理工学院,网络与新媒体,481,10155,
河北,华北科技学院,会计学,485,9598,
河北,华北科技学院,国际经济与贸易,483,9868,
河北,华北科技学院,汉语言文学,483,9868,
河北,华北科技学院,工商管理,482,10004,
河北,华北科技学院,日语（招英语考生）,481,10155,
湖南,湖南工程学院,会计学,488,9201,
福建,三明学院,商务英语（招英语考生）,471,11592,
福建,三明学院,财务管理,467,12186,
福建,三明学院,汉语言文学,460,13322,
福建,三明学院,旅游管理与服务教育,460,13322,
辽宁,沈阳体育学院,新闻学,477,10728,
辽宁,沈阳体育学院,网络与新媒体,476,10853,
辽宁,沈阳体育学院,公共事业管理,474,11155,
辽宁,沈阳体育学院,体育经济与管理,472,11433,
河北,河北地质大学,金融学,502,7451,
河北,河北地质大学,工商管理类（会计学、审计学、财务管理）（财会方向）,502,7451,
河北,河北地质大学,公共管理类（行政管理、劳动与社会保障）,500,7702,
河北,河北地质大学,工商管理类（工商管理、市场营销、人力资源管理、旅游管理）（企业管）,500,7702,
河北,河北地质大学,广告学,499,7818,
河北,河北地质大学,法语,499,7818,
河北,河北地质大学,英语（招英语考生）,499,7818,
宁夏,北方民族大学,国际经济与贸易,496,8164,
宁夏,北方民族大学,法学,490,8930,
宁夏,北方民族大学,财务管理,489,9052,
宁夏,北方民族大学,行政管理,488,9201,
宁夏,北方民族大学,人力资源管理,486,9464,
宁夏,北方民族大学,历史学,486,9464,
宁夏,北方民族大学,新闻学,483,9868,
宁夏,北方民族大学,日语,482,10004,
宁夏,北方民族大学,英语,482,10004,
宁夏,北方民族大学,英语（只招少数民族考生）,470,11730,
宁夏,北方民族大学,法学（只招少数民族考生）,462,13004,
宁夏,北方民族大学,汉语言文学（只招少数民族考生）,452,14595,
宁夏,北方民族大学,日语（只招少数民族考生）,450,14941,
河南,许昌学院,学前教育（师范类）,448,15265,
河南,许昌学院,工商管理,446,15608,
山东,山东女子学院,会计学,464,12679,
山东,山东女子学院,工商管理,463,12847,
山东,山东女子学院,旅游管理类（旅游管理、酒店管理、会展经济与管理）,459,13473,
山东,山东女子学院,俄语,437,17076,
河南,平顶山学院,国际经济与贸易,448,15265,
河南,平顶山学院,法学,446,15608,
河南,平顶山学院,广告学,446,15608,
河南,平顶山学院,汉语国际教育（师范类）,446,15608,
广东,广东金融学院,会计学,529,4434,
广东,广东金融学院,投资学,527,4634,
云南,曲靖师范学院,酒店管理,440,16570,
河南,洛阳理工学院,英语,485,9598,
河南,洛阳理工学院,工商管理,482,10004,
河南,洛阳理工学院,会计学,482,10004,
河南,洛阳理工学院,新闻学,482,10004,
河南,洛阳理工学院,财务管理,480,10311,
内蒙古,内蒙古财经大学,审计学,498,7940,
内蒙古,内蒙古财经大学,人力资源管理,493,8547,
吉林,吉林工程技术师范学院,物流管理,448,15265,
黑龙江,牡丹江师范学院,汉语言,468,12042,
黑龙江,牡丹江师范学院,小学教育（师范类）,468,12042,
黑龙江,牡丹江师范学院,历史学（师范类）,464,12679,
黑龙江,牡丹江师范学院,汉语国际教育,462,13004,
黑龙江,牡丹江师范学院,英语,460,13322,
黑龙江,牡丹江师范学院,思想政治教育（师范类）,460,13322,
黑龙江,牡丹江师范学院,法学,458,13632,
黑龙江,牡丹江师范学院,心理学（师范类）,458,13632,
黑龙江,牡丹江师范学院,学前教育（师范类）,455,14121,
黑龙江,牡丹江师范学院,经济学,454,14281,
黑龙江,牡丹江师范学院,国际经济与贸易,453,14444,
黑龙江,牡丹江师范学院,工商管理,453,14444,
黑龙江,牡丹江师范学院,法语,453,14444,
黑龙江,牡丹江师范学院,商务英语,452,14595,
黑龙江,牡丹江师范学院,日语,451,14785,
黑龙江,牡丹江师范学院,俄语,451,14785,
黑龙江,牡丹江师范学院,广播电视学,450,14941,
黑龙江,牡丹江师范学院,秘书学,450,14941,
黑龙江,牡丹江师范学院,文化产业管理,450,14941,
黑龙江,牡丹江师范学院,朝鲜语,450,14941,
黑龙江,牡丹江师范学院,翻译（俄语翻译）,450,14941,
黑龙江,牡丹江师范学院,知识产权,450,14941,
上海,上海商学院,金融学,534,3978,
上海,上海商学院,日语,523,5026,
上海,上海商学院,物流管理,519,5452,
上海,上海商学院,酒店管理（国际酒店集团订单班）（进档后录取前需面试）,510,6463,
上海,上海商学院,园林,508,6692,
海南,海南热带海洋学院,旅游管理类（旅游管理、酒店管理、会展经济与管理）,478,10589,
海南,海南热带海洋学院,财务管理,475,10992,
海南,海南热带海洋学院,学前教育（师范类）,475,10992,
海南,海南热带海洋学院,中国语言文学类（汉语言文学、汉语国际教育、秘书学）,475,10992,
海南,海南热带海洋学院,市场营销,473,11296,
海南,海南热带海洋学院,电子商务,473,11296,
海南,海南热带海洋学院,新闻学,472,11433,
海南,海南热带海洋学院,文物与博物馆学,472,11433,
海南,海南热带海洋学院,社会工作,471,11592,
海南,海南热带海洋学院,思想政治教育（师范类）,471,11592,
海南,海南热带海洋学院,"俄语（招英语,俄语考生）",471,11592,
陕西,西安航空学院,物流管理,472,11433,
黑龙江,齐齐哈尔医学院,助产学,469,11893,
黑龙江,齐齐哈尔医学院,护理学,457,13793,
黑龙江,齐齐哈尔医学院,应用心理学,454,14281,
黑龙江,齐齐哈尔医学院,公共事业管理,451,14785,
黑龙江,齐齐哈尔医学院,社会工作,451,14785,
河北,河北环境工程学院,市场营销,464,12679,
山东,山东农业工程学院,审计学,472,11433,
山东,山东农业工程学院,金融工程,471,11592,
山东,山东农业工程学院,农林经济管理,462,13004,
山东,山东农业工程学院,物流工程（德州校区）,462,13004,
山东,山东农业工程学院,土地资源管理（德州校区）,461,13167,
北京,中华女子学院,审计学（只招女生）,507,6811,
北京,中华女子学院,汉语国际教育（师范类）（只招女生）,507,6811,
北京,中华女子学院,金融学（只招女生）,506,6939,
北京,中华女子学院,社会工作（只招女生）,501,7564,
湖南,湘南学院,英语（师范类）（招英语考生）,452,14595,
湖南,湘南学院,法学,450,14941,
湖南,湘南学院,旅游管理,447,15422,
湖北,武汉体育学院,新闻学,474,11155,
陕西,榆林学院,学前教育（师范类）,450,14941,
陕西,榆林学院,英语（师范类）,450,14941,
陕西,榆林学院,汉语言文学（师范类）,448,15265,
陕西,榆林学院,行政管理,447,15422,
陕西,榆林学院,市场营销,447,15422,
云南,玉溪师范学院,土地资源管理,446,15608,
云南,玉溪师范学院,学前教育（师范类）,439,16723,
河南,郑州师范学院,历史学（师范类）,494,8409,
河南,郑州师范学院,汉语言（师范类）,494,8409,
湖北,湖北民族大学,"日语（招英语,日语考生）",466,12356,
湖北,湖北民族大学,翻译（招英语考生）,465,12524,
新疆,新疆财经大学,法学,494,8409,
新疆,新疆财经大学,财务管理,469,11893,
新疆,新疆财经大学,税收学,469,11893,
新疆,新疆财经大学,财政学,463,12847,
新疆,新疆财经大学,国际经济与贸易,456,13973,
新疆,新疆财经大学,行政管理,456,13973,
新疆,新疆财经大学,汉语国际教育,449,15104,
贵州,安顺学院,历史学（师范类）,454,14281,
贵州,安顺学院,旅游管理,453,14444,
贵州,安顺学院,英语（师范类）（招英语考生）（英语单科成绩不低于80分）,447,15422,
贵州,安顺学院,学前教育（师范类）,446,15608,
贵州,安顺学院,特殊教育（师范类）,446,15608,
山西,山西大同大学,汉语言文学（师范类）,490,8930,
山西,山西大同大学,中医学,488,9201,
山西,山西大同大学,"俄语（招英语,俄语考生）",483,9868,
贵州,黔南民族师范学院,学前教育（师范类）,444,15923,
贵州,黔南民族师范学院,思想政治教育（师范类）,443,16073,
陕西,商洛学院,会计学,449,15104,
陕西,商洛学院,历史学,448,15265,
河南,安阳工学院,汉语国际教育（英语单科成绩达到95分）,437,17076,
河南,安阳工学院,知识产权,436,17272,
甘肃,兰州财经大学,会计学,504,7195,
甘肃,兰州财经大学,金融学,504,7195,
甘肃,兰州财经大学,税收学,500,7702,
甘肃,兰州财经大学,房地产开发与管理,498,7940,
甘肃,兰州财经大学,市场营销,496,8164,
甘肃,兰州财经大学,劳动与社会保障,481,10155,
山东,济宁学院,经济学,455,14121,
山西,太原师范学院,汉语言文学（师范类）,489,9052,
山西,太原师范学院,英语（师范类）（招英语考生）,486,9464,
山西,太原师范学院,思想政治教育（师范类）,485,9598,
山西,太原师范学院,人文教育（师范类）,482,10004,
山西,太原师范学院,法学,481,10155,
山西,太原师范学院,学前教育（师范类）,481,10155,
山西,太原师范学院,信用管理,460,13322,
山东,山东工商学院,日语,508,6692,
山东,山东工商学院,金融学,503,7325,
山东,山东工商学院,财务管理,502,7451,
山东,山东工商学院,新闻传播学类（广告学、编辑出版学）,502,7451,
山东,山东工商学院,汉语言文学,501,7564,
山东,山东工商学院,国际经济与贸易,500,7702,
山东,山东工商学院,金融工程,495,8283,
山东,山东工商学院,外国语言文学类（商务英语、翻译）,492,8673,
山东,山东工商学院,行政管理,490,8930,
山东,山东工商学院,法学,489,9052,
山东,山东工商学院,政治学与行政学,482,10004,
山东,山东工商学院,朝鲜语,481,10155,
山东,山东工商学院,社会工作,473,11296,
陕西,咸阳师范学院,英语（师范类）（招英语考生，加试口语）,474,11155,
陕西,咸阳师范学院,日语,462,13004,
云南,昆明学院,旅游管理,476,10853,
河南,郑州工程技术学院,物流管理,439,16723,
甘肃,天水师范学院,汉语言文学（师范类）,449,15104,
甘肃,天水师范学院,应用心理学（师范类）,446,15608,
辽宁,鞍山师范学院,汉语言文学（师范类）,479,10447,
辽宁,鞍山师范学院,网络与新媒体,477,10728,
辽宁,鞍山师范学院,图书馆学,472,11433,
河北,沧州师范学院,历史学（师范类）,487,9332,
河北,沧州师范学院,汉语言文学（师范类）,486,9464,
河北,沧州师范学院,英语（师范类）（招英语考生，加试口语）,485,9598,
河北,沧州师范学院,学前教育（师范类）,482,10004,
河北,沧州师范学院,思想政治教育（师范类）,482,10004,
河北,河北民族师范学院,英语（师范类）（招英语考生，加试口语）,462,13004,
河北,河北民族师范学院,文化遗产,461,13167,
江西,新余学院,工程造价,476,10853,
江西,新余学院,英语（师范类）（招英语考生）,468,12042,
江西,新余学院,汉语言文学（师范类）,463,12847,
江西,新余学院,财务管理,462,13004,
山西,山西中医药大学,中医学,499,7818,
山西,山西中医药大学,针灸推拿学,498,7940,
山西,山西中医药大学,中医养生学,496,8164,
山西,山西中医药大学,中西医临床医学,495,8283,
山西,山西中医药大学,康复治疗学,494,8409,
山西,山西中医药大学,市场营销,491,8813,
山西,山西中医药大学,护理学（涉外护理方向）,491,8813,
山西,山西中医药大学,护理学,490,8930,
云南,红河学院,经济学,452,14595,
云南,红河学院,汉语国际教育,443,16073,
云南,红河学院,广播电视学,442,16220,
陕西,安康学院,地理科学,446,15608,
河南,周口师范学院,英语（师范类）,469,11893,
河南,周口师范学院,汉语言文学（师范类）,468,12042,
河南,周口师范学院,思想政治教育（师范类）,467,12186,
河南,周口师范学院,国际经济与贸易,463,12847,
河南,周口师范学院,财务管理,463,12847,
河南,周口师范学院,日语,461,13167,
湖南,邵阳学院,会计学,465,12524,
湖南,邵阳学院,新闻学,462,13004,
湖南,邵阳学院,国际经济与贸易（加试口语）,455,14121,
湖南,邵阳学院,汉语言文学（师范类）,454,14281,
湖南,邵阳学院,护理学,453,14444,
河北,保定学院,地理科学（师范类、非师范类兼招）,492,8673,
河北,保定学院,汉语言文学（师范类、非师范类兼招）,487,9332,
河北,保定学院,英语（招英语考生，加试口语）（师范类、非师范类兼招，高考英语文化）,486,9464,
河北,保定学院,思想政治教育（师范类）,484,9730,
河北,保定学院,小学教育（师范类）,483,9868,
河北,保定学院,知识产权,482,10004,
河北,保定学院,特殊教育（师范类）,481,10155,
河北,保定学院,人力资源管理,480,10311,
内蒙古,呼伦贝尔学院,法学,442,16220,
内蒙古,呼伦贝尔学院,俄语,440,16570,
山东,山东青年政治学院,英语,470,11730,
山东,山东青年政治学院,社会工作,467,12186,
黑龙江,牡丹江医学院,信息管理与信息系统,440,16570,
黑龙江,牡丹江医学院,公共事业管理,437,17076,
黑龙江,牡丹江医学院,市场营销,437,17076,
黑龙江,牡丹江医学院,物流管理,437,17076,
黑龙江,大庆师范学院,外国语言文学类（英语（师范类）、翻译、商务英语）（招英语考生）,467,12186,
黑龙江,大庆师范学院,中国语言文学类（汉语言文学（师范类）、汉语国际教育）,462,13004,
黑龙江,大庆师范学院,日语,458,13632,
黑龙江,大庆师范学院,法学,457,13793,
黑龙江,大庆师范学院,经济与金融,457,13793,
黑龙江,大庆师范学院,学前教育（师范类）,457,13793,
黑龙江,大庆师范学院,小学教育（师范类）,457,13793,
黑龙江,大庆师范学院,知识产权,454,14281,
黑龙江,大庆师范学院,秘书学,453,14444,
黑龙江,大庆师范学院,俄语,451,14785,
黑龙江,大庆师范学院,旅游管理,451,14785,
黑龙江,大庆师范学院,工商管理类（市场营销、财务管理）,451,14785,
吉林,吉林农业科技学院,园林,460,13322,
吉林,吉林农业科技学院,粮食工程,451,14785,
吉林,吉林农业科技学院,财务管理,447,15422,
河北,邢台学院,工商管理,449,15104,
河北,邢台学院,法学,449,15104,
河北,邢台学院,学前教育（师范类）,448,15265,
湖南,湖南人文科技学院,人文教育（师范类）,440,16570,
河北,邯郸学院,汉语国际教育（师范类）,456,13973,
河北,廊坊师范学院,汉语言文学（师范类）,493,8547,
河北,廊坊师范学院,学前教育（师范类）,492,8673,
河北,廊坊师范学院,社会工作,488,9201,
新疆,伊犁师范大学,俄语,429,18408,
黑龙江,黑河学院,英语（师范类）（招英语考生）,450,14941,
黑龙江,黑河学院,会计学,449,15104,
黑龙江,黑河学院,小学教育（师范类）,449,15104,
黑龙江,黑河学院,翻译（招英语考生）,449,15104,
黑龙江,黑河学院,法学,447,15422,
黑龙江,黑河学院,俄语（师范类）,447,15422,
黑龙江,黑河学院,学前教育（师范类）,447,15422,
黑龙江,黑河学院,汉语言文学（师范类）,447,15422,
黑龙江,黑河学院,国际经济与贸易,446,15608,
黑龙江,黑河学院,汉语国际教育,446,15608,
黑龙江,黑河学院,翻译,446,15608,
黑龙江,黑河学院,旅游管理,445,15755,
黑龙江,黑河学院,广播电视学,445,15755,
黑龙江,黑河学院,社会工作,445,15755,
黑龙江,黑河学院,汉语言文学,445,15755,
黑龙江,黑河学院,物流管理,445,15755,
黑龙江,黑河学院,历史学（师范类）,445,15755,
黑龙江,黑河学院,商务英语（招英语考生）,445,15755,
江苏,南京特殊教育师范学院,学前教育（师范类）,498,7940,
江苏,南京特殊教育师范学院,特殊教育（师范类）,498,7940,
江苏,南京特殊教育师范学院,汉语言文学（师范类）,498,7940,
江苏,南京特殊教育师范学院,英语（师范类）（招英语考生）,498,7940,
江苏,南京特殊教育师范学院,公共事业管理,497,8054,
福建,武夷学院,国际经济与贸易,471,11592,
福建,武夷学院,物流管理,465,12524,
福建,武夷学院,旅游管理,462,13004,
福建,武夷学院,酒店管理,458,13632,
福建,武夷学院,商务英语（招英语考生，加试口语）,458,13632,
甘肃,河西学院,汉语言文学（师范类）,444,15923,
甘肃,河西学院,俄语（师范类）,442,16220,
甘肃,河西学院,会计学,440,16570,
甘肃,河西学院,工商管理,438,16895,
甘肃,河西学院,旅游管理,438,16895,
云南,楚雄师范学院,汉语国际教育（师范类）（加试口语）,427,18730,
云南,楚雄师范学院,自然地理与资源环境,424,19234,
云南,云南中医药大学,中医学,514,6001,
云南,云南中医药大学,康复治疗学,492,8673,
山东,菏泽学院,心理学（师范类）,455,14121,
山东,菏泽学院,思想政治教育（师范类）,454,14281,
黑龙江,绥化学院,英语（师范类）,451,14785,
黑龙江,绥化学院,财务管理,449,15104,
黑龙江,绥化学院,网络与新媒体,449,15104,
黑龙江,绥化学院,旅游管理,448,15265,
黑龙江,绥化学院,汉语言文学（师范类）,448,15265,
黑龙江,绥化学院,英语,447,15422,
黑龙江,绥化学院,电子商务,447,15422,
黑龙江,绥化学院,日语,447,15422,
黑龙江,绥化学院,学前教育（师范类）,447,15422,
黑龙江,绥化学院,俄语,446,15608,
黑龙江,绥化学院,市场营销,446,15608,
黑龙江,绥化学院,保险学,446,15608,
黑龙江,绥化学院,人文地理与城乡规划,446,15608,
黑龙江,绥化学院,物流管理,446,15608,
黑龙江,绥化学院,特殊教育（师范类）,446,15608,
黑龙江,绥化学院,教育康复学,446,15608,
黑龙江,绥化学院,数字出版,446,15608,
陕西,陕西学前师范学院,学前教育（师范类）,476,10853,
辽宁,辽东学院,朝鲜语,438,16895,
山西,运城学院,汉语言文学（师范类）,447,15422,
山西,运城学院,商务英语,446,15608,
湖南,怀化学院,汉语言文学（师范类）,457,13793,
湖南,怀化学院,公共事业管理,455,14121,
湖南,怀化学院,英语（师范类）,452,14595,
吉林,白城师范学院,财务管理,458,13632,
河北,河北金融学院,会计学,499,7818,
河北,河北金融学院,金融学,498,7940,
河北,河北金融学院,审计学,492,8673,
河北,河北金融学院,经济学,492,8673,
河北,河北金融学院,保险学,491,8813,
河北,河北金融学院,市场营销,491,8813,
河北,河北金融学院,商务英语,491,8813,
广西,梧州学院,国际经济与贸易,453,14444,
广西,梧州学院,金融工程,448,15265,
广西,梧州学院,工商管理,446,15608,
山西,晋中学院,旅游管理,440,16570,
海南,琼台师范学院,学前教育（师范类）,491,8813,
海南,琼台师范学院,汉语言文学（师范类）,488,9201,
海南,琼台师范学院,小学教育（师范类）,487,9332,
河北,衡水学院,学前教育（师范类）,472,11433,
河北,衡水学院,汉语言文学（师范类）,467,12186,
河北,衡水学院,国际经济与贸易,466,12356,
河北,衡水学院,应用心理学,464,12679,
山西,长治学院,历史学（师范类）,465,12524,
山西,长治学院,汉语言文学（师范类）,464,12679,
山西,长治学院,英语（师范类）,462,13004,
山西,长治学院,思想政治教育（师范类）,459,13473,
山西,长治学院,法学,454,14281,
山西,长治学院,新闻学,454,14281,
山西,长治学院,经济学,453,14444,
广西,百色学院,小学教育（师范类）,444,15923,
广西,百色学院,英语（教育）（师范类）,444,15923,
广西,百色学院,汉语言文学,443,16073,
广西,百色学院,国际经济与贸易,442,16220,
广西,百色学院,财务管理,442,16220,
广西,百色学院,人文地理与城乡规划,442,16220,
广西,百色学院,新闻学,442,16220,
广西,百色学院,市场营销,441,16383,
广西,百色学院,电子商务,441,16383,
广西,百色学院,城市管理,441,16383,
湖南,湖南财政经济学院,审计学,519,5452,
湖南,湖南财政经济学院,国际经济与贸易,504,7195,
湖南,湖南财政经济学院,金融学,504,7195,
湖南,湖南财政经济学院,财政学,504,7195,
湖南,湖南财政经济学院,会计学,503,7325,
湖南,湖南财政经济学院,财务管理,503,7325,
湖南,湖南财政经济学院,电子商务,503,7325,
河北,张家口学院,护理学,476,10853,
河北,张家口学院,学前教育（师范类）,468,12042,
河北,张家口学院,地理科学（师范类）,467,12186,
山西,忻州师范学院,汉语言文学（师范类）,474,11155,
山西,忻州师范学院,地理科学（师范类）,474,11155,
山西,忻州师范学院,心理学（师范类）,472,11433,
山西,忻州师范学院,英语（师范类）（招英语考生，加试口语）,465,12524,
山西,忻州师范学院,会计学,463,12847,
山西,忻州师范学院,思想政治教育（师范类）,462,13004,
山西,忻州师范学院,网络与新媒体,462,13004,
山西,忻州师范学院,历史学（师范类）,461,13167,
山西,忻州师范学院,艺术教育（师范类）,460,13322,
山西,忻州师范学院,小学教育（师范类）,459,13473,
山西,忻州师范学院,法学,457,13793,
山西,忻州师范学院,工商管理,454,14281,
山西,忻州师范学院,人文地理与城乡规划,454,14281,
山西,忻州师范学院,秘书学,454,14281,
山西,忻州师范学院,教育学（师范类）,454,14281,
山西,忻州师范学院,旅游管理,452,14595,
山西,忻州师范学院,财务管理,452,14595,
山西,忻州师范学院,审计学,452,14595,
山西,忻州师范学院,翻译（招英语考生，加试口语）,452,14595,
山西,吕梁学院,财务管理,444,15923,
山西,吕梁学院,学前教育（师范类）,443,16073,
广西,广西科技师范学院,汉语言文学（师范类）,460,13322,
广西,广西科技师范学院,小学教育（师范类）,453,14444,
广西,广西科技师范学院,英语（师范类）,451,14785,
广西,广西科技师范学院,商务英语,450,14941,
广西,广西财经学院,投资学,487,9332,
广西,广西财经学院,人力资源管理,481,10155,
黑龙江,黑龙江工业学院,网络与新媒体,444,15923,
黑龙江,黑龙江工业学院,学前教育（师范类）,444,15923,
黑龙江,黑龙江工业学院,财务管理,443,16073,
黑龙江,黑龙江工业学院,俄语,440,16570,
黑龙江,黑龙江工业学院,市场营销,440,16570,
黑龙江,黑龙江工业学院,秘书学,440,16570,
黑龙江,黑龙江工业学院,中国共产党历史,440,16570,
黑龙江,黑龙江工业学院,商务经济学,440,16570,
山西,山西工程技术学院,工程造价,460,13322,
山西,山西工程技术学院,工程管理,456,13973,
内蒙古,内蒙古科技大学包头师范学院,英语（师范类）（招英语考生，加试口语）（英语不低于100分，且口试）,472,11433,
内蒙古,内蒙古科技大学包头师范学院,新闻学,471,11592,
内蒙古,内蒙古科技大学包头师范学院,历史学（师范类）,471,11592,
内蒙古,内蒙古科技大学包头师范学院,汉语言文学（师范类）（语文不低于90分）,470,11730,
内蒙古,内蒙古科技大学包头师范学院,小学教育（师范类）,468,12042,
内蒙古,内蒙古科技大学包头师范学院,思想政治教育（师范类）,466,12356,
内蒙古,内蒙古科技大学包头师范学院,人力资源管理,465,12524,
山东,山东政法学院,法学,521,5222,
山东,山东政法学院,知识产权,518,5560,
山东,山东政法学院,英语,511,6334,
山东,山东政法学院,新闻学,506,6939,
山东,山东政法学院,行政管理,502,7451,
山东,山东政法学院,日语,502,7451,
甘肃,甘肃民族师范学院,思想政治教育（师范类）,445,15755,
甘肃,甘肃民族师范学院,英语（师范类）（招英语考生）,442,16220,
山西,太原学院,会展经济与管理,452,14595,
湖南,湖南医药学院,针灸推拿学,495,8283,
湖南,湖南医药学院,助产学,491,8813,
湖南,湖南医药学院,康复治疗学,482,10004,
吉林,吉林医药学院,公共事业管理,456,13973,
广西,桂林旅游学院,"酒店管理（建议男生身高160cm,女生身高153cm以下的考生慎重报读）",466,12356,
广西,桂林旅游学院,旅游管理,463,12847,
广西,桂林旅游学院,会展经济与管理,463,12847,
广西,桂林旅游学院,英语（招英语考生，建议高考英语单科成绩100分以下的考生慎重报读）,462,13004,
黑龙江,哈尔滨金融学院,会计学,485,9598,
黑龙江,哈尔滨金融学院,金融学,483,9868,
黑龙江,哈尔滨金融学院,经济学,477,10728,
黑龙江,哈尔滨金融学院,审计学,474,11155,
黑龙江,哈尔滨金融学院,财务管理,473,11296,
黑龙江,哈尔滨金融学院,税收学,472,11433,
黑龙江,哈尔滨金融学院,人力资源管理,472,11433,
黑龙江,哈尔滨金融学院,国际经济与贸易,470,11730,
黑龙江,哈尔滨金融学院,公共事业管理,469,11893,
黑龙江,哈尔滨金融学院,劳动与社会保障,466,12356,
黑龙江,哈尔滨金融学院,资产评估,465,12524,
黑龙江,哈尔滨金融学院,知识产权,464,12679,
黑龙江,哈尔滨金融学院,市场营销,464,12679,
黑龙江,哈尔滨金融学院,保险学,464,12679,
黑龙江,哈尔滨金融学院,投资学,464,12679,
黑龙江,哈尔滨金融学院,商务英语（招英语考生）,464,12679,
河南,河南财政金融学院,会计学,492,8673,
河南,河南财政金融学院,财务管理,488,9201,
河南,河南财政金融学院,投资学,485,9598,
河南,河南财政金融学院,财政学,484,9730,
吉林,吉林工商学院,会计学（转型实验班）,492,8673,
吉林,吉林工商学院,国际经济与贸易,484,9730,
吉林,吉林工商学院,市场营销,471,11592,
吉林,吉林工商学院,财政学,458,13632,
吉林,吉林工商学院,日语（招英语考生）,458,13632,
内蒙古,呼和浩特民族学院,汉语言文学,441,16383,
吉林,吉林警察学院,法学,467,12186,
吉林,吉林警察学院,朝鲜语（仅招收使用汉语答卷的非朝鲜族考生）,446,15608,
黑龙江,哈尔滨体育学院,新闻学,442,16220,
黑龙江,哈尔滨体育学院,体育经济与管理,441,16383,
黑龙江,哈尔滨体育学院,英语（招英语考生）,441,16383,
北京,北京城市学院,金融学,511,6334,
北京,北京城市学院,传播学（含新闻报道、广告与新媒体、时尚编辑方向）,497,8054,
北京,北京城市学院,工商管理类（会计学、工商管理、人力资源管理）,493,8547,
北京,北京城市学院,工程造价,491,8813,
北京,北京城市学院,翻译（招英语考生）,485,9598,
北京,北京城市学院,建筑类（建筑学、城乡规划、风景园林）,484,9730,
北京,北京城市学院,旅游管理（民航业订制培养班）,483,9868,
黑龙江,黑龙江东方学院,翻译,438,16895,
山西,山西医科大学汾阳学院,护理学,468,12042,
山西,山西医科大学汾阳学院,助产学,450,14941,
江苏,南京艺术学院,文化产业管理,507,6811,
江苏,南京艺术学院,美术学,491,8813,
吉林,吉林外国语大学,英语（英西班牙双语）（招英语考生）（西班牙语零起点，英语成绩不低）,487,9332,
吉林,吉林外国语大学,英语（英法双语）（招英语考生）（法语零起点，英语成绩不低于105分）,480,10311,
吉林,吉林外国语大学,西班牙语（招英语考生）,479,10447,
吉林,吉林外国语大学,意大利语（招英语考生）,477,10728,
吉林,吉林外国语大学,英语（英日双语）（招英语考生）（日语零起点，英语成绩不低于105分）,476,10853,
吉林,吉林外国语大学,法语（招英语考生）,475,10992,
吉林,吉林外国语大学,俄语（零起点）,473,11296,
吉林,吉林外国语大学,英语（招英语考生）,472,11433,
吉林,吉林外国语大学,经济学,471,11592,
吉林,吉林外国语大学,艺术教育,471,11592,
吉林,吉林外国语大学,商务英语（招英语考生）,471,11592,
吉林,吉林外国语大学,葡萄牙语（招英语考生）,471,11592,
吉林,吉林外国语大学,捷克语（招英语考生）,471,11592,
吉林,吉林外国语大学,汉语国际教育,469,11893,
吉林,吉林外国语大学,网络与新媒体,469,11893,
吉林,吉林外国语大学,阿拉伯语（招英语考生）,468,12042,
吉林,吉林外国语大学,金融学,467,12186,
吉林,吉林外国语大学,工商管理类（工商管理、市场营销、人力资源管理）,467,12186,
吉林,吉林外国语大学,波兰语（招英语考生）,467,12186,
吉林,吉林外国语大学,德语（招英语考生）,466,12356,
吉林,吉林外国语大学,翻译（招英语考生）（英语成绩不低于英语科目总分的70%，语文成绩不）,466,12356,
吉林,吉林外国语大学,日语（零起点）,465,12524,
吉林,吉林外国语大学,旅游管理类（旅游管理、酒店管理）,465,12524,
吉林,吉林外国语大学,蒙古语（招英语考生）（招收非蒙古族考生）,464,12679,
吉林,吉林外国语大学,电子商务,463,12847,
吉林,吉林外国语大学,会计学,463,12847,
吉林,吉林外国语大学,朝鲜语（招英语考生）（招收非朝鲜族考生）,462,13004,
山西,山西传媒学院,新闻学,475,10992,
山西,山西传媒学院,文化产业管理,467,12186,
山西,山西传媒学院,影视摄影与制作,467,12186,
辽宁,沈阳音乐学院,艺术史论（三好校区音乐学系）,487,9332,
云南,滇西应用技术大学,物流管理,450,14941,
云南,滇西应用技术大学,市场营销,447,15422,
云南,滇西应用技术大学,健康服务与管理,446,15608,
内蒙古,内蒙古艺术学院,文化产业管理（要求语文单科成绩90分及以上，外语单科成绩85分及以上）,435,17432,
