﻿省份,学校名称,专业,最低录取分,最低录取名次,选课要求
北京,首都师范大学,英语（招英语考生）,584,969,
北京,首都师范大学,俄语（招英语考生）,579,1122,
北京,首都师范大学,日语（招英语考生）,578,1154,
北京,清华大学,文科试验班类（经济与金融（国际班））（经济、金融与管理）,656,10,
北京,北京大学,工商管理类（金融学、金融学（金融经济学）、会计学、市场营销）,665,1,
北京,北京大学,文科试验班类（中国语言文学类、考古学、历史学类、哲学类、社会学类、国际政治、法学信息管理与信息系统、新闻传播学类、经济学类、工商管理类、公共管理类）（全校教学资源范围内自由选择专业）,663,1,
北京,北京大学,经济学类（经济学、金融学、国际经济与贸易、保险学（风险管理与保险）、财政学、资源与环境经济学）,657,1,
北京,北京大学,中国语言文学类（汉语言文学、汉语言、古典文献学、应用语言学）,653,11,
北京,北京大学,法学,652,12,
北京,北京大学,信息管理与信息系统,650,14,
北京,北京大学,新闻传播学类（新闻学、广播电视学、广告学、编辑出版学）,649,18,
北京,北京大学,国际政治（国政、外交学、国际政经）,649,18,
北京,北京大学,哲学类（哲学、宗教学、哲学（科技哲学与逻辑学方向））,649,18,
北京,北京大学,城乡规划,648,19,
北京,北京大学,历史学类（历史学（中国史）、世界史、外国语言与外国历史）,646,22,
浙江,浙江大学,社会科学试验班（新闻学、传播学、英语、翻译、德语、法语、西班牙语、日语、俄语、经济学、财政学、金融学、国际经济与贸易、教育学、信息资源管理、会计学、工商管理、社会学、农林经济管理、政治学与行政学、行政管理、劳动与社会保障、土地资源管理、法学）（竺可桢学院人文社科实验班、智能财务班）,639,49,
浙江,浙江大学,社会科学试验班（经济学、财政学、金融学、国际经济与贸易、教育学、会计学、工商管理、社会学、农林经济管理、信息资源管理、政治学与行政学、行政管理、劳动与社会保障、土地资源管理、法学）,632,82,
浙江,浙江大学,人文科学试验班（古典文献学、汉语言文学、哲学、历史学、文物与博物馆学）,631,86,
上海,上海交通大学,经济管理试验班（金融学、国际经济与贸易、经济学、工商管理、会计学、人力资源管理、信息管理与信息系统）（含双学士学位项目）（含经济学-数学与应用数学双学士学位项目）,644,28,
上海,复旦大学,经济学类（经济学、经济学（数理经济方向拔尖项目）、经济学（国际项目UIPE）、国际经济与贸易（国际经济学）、金融学、财政学、保险学）（含数理经济拔尖项目、经济学专业国际项目和复旦一荷兰格罗宁根大学2+2双学位项目；含赴芝加哥大学、加州大学、新加坡国立大学、苏黎世大学、巴黎高等商学院、慕尼黑大学、庆应大学等免学费交流项目，麻省理工、宾夕法尼亚大学、加州大学伯克利分校、伦敦政经等访学项目）,645,25,
上海,复旦大学,新闻传播学类（新闻学、广播电视学、传播学、广告学）（卓越新闻人才计划）（含复-日本早稻田大学“3+1+1”、复旦-美国密苏里大学“2+2”双学位项目；含赴美国北卡罗莱纳大学、纽约城市大学、德国慕尼黑大学等校免学费交流项目）,644,28,
上海,复旦大学,中国语言文学类（汉语言文学、汉语言）（含赴美国韦尔斯科学院、德国科隆大学、日本早稻田大学，香港浸会大学、台湾大学等校免学费交流项目）,643,33,
江苏,南京大学,社会科学试验班（法学、编辑出版学、社会学、社会工作、应用心理学、行政管理、劳动与社会保障、图书馆学、档案学、信息管理与信息系统、政治学与行政学、国际政治）,635,63,
江苏,南京大学,经济管理试验班（经济学、金融学、金融工程、保险学、经济学（产业经济学方向）、工商管理、市场营销、会计学、财务管理、电子商务、工商管理（人力资源方向）、国际经济与贸易）,633,76,
江苏,南京大学,人文科学试验班（哲学、汉语国际教育、汉语言文学、新闻学、广播电视学、广告学、历史学、考古学、考古学（文物鉴定方向））（人文艺术传播类）,633,76,
湖北,华中科技大学,法学,601,529,
湖北,武汉大学,人文科学试验班（汉语言文学、历史学、哲学（含哲学、国学））（弘毅学堂）（基础学科拔尖学生培养试验计划）,629,104,
湖北,武汉大学,法学（卓越法治人才教育培养计划）（国家级一流本科专业）,623,153,
湖北,武汉大学,工商管理类（工程管理、物流管理、工商管理、市场营销（国家级一流本科专业）、会计学、财务管理、人力资源管理）,622,167,
湖北,武汉大学,公共管理类（行政管理、公共事业管理、劳动与社会保障（国家级一流本科专业））,622,167,
陕西,西安交通大学,外国语言文学类（英语、法语、日语）,604,462,
四川,四川大学,经济学类（国际经济与贸易、经济学、国民经济管理、财政学）,610,341,
四川,四川大学,历史学（基地班）,609,358,
四川,四川大学,公共管理类（行政管理、劳动与社会保障、土地资源管理）,608,386,
四川,四川大学,"俄语（招英语,俄语考生）",606,423,
广东,中山大学,经济学类（国际商务、管理科学、金融学、经济学）,628,110,
广东,中山大学,工商管理类（工商管理、会计学）,620,194,
广东,中山大学,经济学类（经济学、金融学、工商管理、会计学）（珠海校区就读）,620,194,
广东,中山大学,公共管理类（行政管理、政治学与行政学）,618,217,
广东,中山大学,法学,617,228,
广东,中山大学,哲学类（哲学、逻辑学）,616,243,
广东,中山大学,外国语言文学类（英语、德语、法语、日语）,616,243,
广东,中山大学,旅游管理类（旅游管理、会展经济与管理）（珠海校区就读）,616,243,
广东,中山大学,汉语言文学（珠海校区就读）,615,254,
黑龙江,哈尔滨工业大学,经济管理试验班,593,727,
黑龙江,哈尔滨工业大学,法学,590,804,
黑龙江,哈尔滨工业大学,经济学,590,804,
黑龙江,哈尔滨工业大学,英语,589,842,
黑龙江,哈尔滨工业大学,社会学,588,865,
黑龙江,哈尔滨工业大学,设计学类（环境设计、数字媒体艺术）,588,865,
北京,北京理工大学,社会科学试验班（经济学、社会工作、法学、英语、日语、德语、西班牙语）（精品文科班）（其中，英语、日语、德语、西班牙语专业方向学费为6000元/年）,605,444,
北京,中国人民大学,法学,644,28,
北京,中国人民大学,新闻传播学类（新闻学、广播电视学、广告学、传播学）,642,38,
北京,中国人民大学,金融学类（金融学、金融工程、信用管理、保险学）,642,38,
北京,中国人民大学,经济学类（经济学、国际经济与贸易、能源经济、国民经济管理）,640,44,
北京,中国人民大学,社会学类（社会学、社会工作、公共事业管理（公共政策与人口管理））,636,58,
北京,中国人民大学,工商管理类（工商管理、财务管理、会计学、市场营销、管理科学、贸易经济）,636,58,
北京,中国人民大学,社会科学试验班（行政管理、城市管理、土地资源管理、信息资源管理、档案学、农林经济管理、农村区域发展）（管理学科类）,636,58,
天津,南开大学,经济学类（经济学、国际经济与贸易、财政学、商务经济学）,625,137,
天津,南开大学,中国语言文学类（汉语言文学、编辑出版学、广播电视学、汉语国际教育）（国家文科基础学科人才培养和科学研究优秀基地，国家级一流本科专业，中国语言文学博士一级学科；汉语国际教育为八大国家对外汉语教学基地之一。各专业均有与海外名校的交流项目）,619,206,
天津,南开大学,工商管理类（工商管理、人力资源管理、财务管理、会计学、会计学（国际会计）、市场营销、信息管理与信息系统、工业工程、物流管理、图书馆学、档案学、旅游管理、会展经济与管理）（国际会计专业与加拿大特许专业会计师协会合作培养，主要专业课双语授课；工商管理专业核心课程采用全英文授课。学生可参与罗格斯大学、格拉斯哥大学等本硕双学位项目，加州大学伯克利分校等海外知名高校交流项目，及美国中佛罗里达大学-迪士尼世界主题公园等教学实习项目）,619,206,
天津,南开大学,历史学类（历史学、世界史、文物与博物馆学）,618,217,
天津,南开大学,哲学类（哲学、逻辑学）,617,228,
天津,天津大学,人文科学试验班（汉语言文学、英语、法学、教育学、马克思主义理论、金融学、工商管理、财务管理、建筑学、城乡规划）,609,358,
山东,山东大学,经济学类（经济学、财政学、金融学、国际经济与贸易）,612,307,
山东,山东大学,新闻传播学类（新闻学）,609,358,
山东,山东大学,中国语言文学类（汉语言文学、汉语国际教育）,609,358,
山东,山东大学,工商管理类（工商管理、会计学）,609,358,
山东,山东大学,法学类（法学）（青岛校区就读）,608,386,
山东,山东大学,社会学类（社会学、社会工作、人类学）,607,402,
山东,山东大学,外国语言文学类（英语、俄语（俄英双语）、德语、法语、西班牙语、日语、朝鲜语（朝英双语）、翻译）,606,423,
湖南,中南大学,外国语言文学类（英语、法语、日语、西班牙语）,599,572,
湖南,中南大学,中国语言文学类（汉语言文学、数字出版、广播电视学）,597,621,
湖南,中南大学,金融学类（国际经济与贸易、金融学、工商管理、会计学、行政管理、劳动与社会保障）（经济管理类）,597,621,
湖南,中南大学,法学类（社会学、法学）,596,641,
陕西,西北工业大学,外国语言文学类（英语、德语）,582,1027,
福建,厦门大学,经济学类（金融学、金融工程、保险学、财政学、税收学、国际经济与贸易、国际商务、经济学、经济统计学）,622,167,
福建,厦门大学,会计学（会计学、财务管理）,619,206,
福建,厦门大学,工商管理类（人力资源管理、工商管理、市场营销、旅游管理、酒店管理）,618,217,
福建,厦门大学,新闻传播学类（新闻学、广播电视学、广告学、传播学）,616,243,
福建,厦门大学,政治学类（国际政治、外交学）,616,243,
福建,厦门大学,公共管理类（政治学与行政学、行政管理）,616,243,
福建,厦门大学,人文科学试验班（汉语言文学、戏剧影视文学、汉语言、历史学（含世界史方向）、考古学、哲学）,616,243,
福建,厦门大学,外国语言文学类（英语、日语、法语、俄语、德语、西班牙语）（招英语考生）,616,243,
吉林,吉林大学,法学,609,358,
吉林,吉林大学,哲学,604,462,
吉林,吉林大学,经济学类（含经济学、财政学、金融学、国际经济与贸易）,601,529,
吉林,吉林大学,外交学,597,621,
吉林,吉林大学,政治学与行政学（含政治学与行政学、国际政治、行政管理）,594,702,
吉林,吉林大学,英语,594,702,
吉林,吉林大学,社会学类（含社会学、社会工作、劳动与社会保障）,594,702,
吉林,吉林大学,新闻传播学类（含新闻学、广告学）,593,727,
吉林,吉林大学,西班牙语,593,727,
吉林,吉林大学,思想政治教育,593,727,
吉林,吉林大学,历史学,593,727,
吉林,吉林大学,考古学（含考古学、文物与博物馆学）,592,749,
吉林,吉林大学,日语,591,777,
吉林,吉林大学,俄语,591,777,
吉林,吉林大学,朝鲜语,591,777,
吉林,吉林大学,农林经济管理,591,777,
吉林,吉林大学,戏剧与影视学类（含广播电视编导、播音与主持艺术）（单列代码）,564,1770,
上海,华东师范大学,汉语言文学,620,194,
上海,华东师范大学,汉语国际教育,619,206,
上海,华东师范大学,历史学,618,217,
上海,华东师范大学,英语（招英语考生）,617,228,
上海,华东师范大学,金融学类（金融学、经济学）,615,254,
上海,华东师范大学,工商管理类（工商管理、会计学、旅游管理）,615,254,
上海,华东师范大学,教育学类（学前教育、艺术教育、特殊教育、教育康复学、公共事业管理、教育技术学）（师范类）,615,254,
上海,华东师范大学,社会学类（社会学、社会工作）,614,266,
上海,华东师范大学,人文地理与城乡规划,613,289,
上海,华东师范大学,俄语（招英语考生）,613,289,
上海,华东师范大学,法学,612,307,
上海,华东师范大学,日语（招英语考生）,611,322,
上海,华东师范大学,公共管理类（人力资源管理、行政管理）,610,341,
辽宁,大连理工大学,英语（招英语考生）（含英语、翻译）,585,936,
辽宁,大连理工大学,日语（招英语考生）,583,1003,
辽宁,大连理工大学,新闻传播学类（汉语言文学、广播电视学、公共事业管理、哲学、马克思主义理论）（人文社科实验班）,583,1003,
辽宁,大连理工大学,俄语（招英语考生）,581,1057,
湖南,湖南大学,经济学类（经济学、财政学）,601,529,
湖南,湖南大学,金融学（可分流至：金融学、金融学（金融工程））,601,529,
湖南,湖南大学,法学,599,572,
湖南,湖南大学,汉语言文学,598,594,
湖南,湖南大学,行政管理,598,594,
湖南,湖南大学,历史学,598,594,
湖南,湖南大学,新闻传播学类（新闻学、广告学）,598,594,
湖南,湖南大学,日语,597,621,
湖南,湖南大学,英语（招英语考生）,597,621,
上海,上海财经大学,金融学,632,82,
上海,上海财经大学,会计学,631,86,
上海,上海财经大学,工商管理类（人力资源管理、市场营销、国际商务、工商管理（商务分析）、工商管理（战略与创新创业））,630,95,
重庆,重庆大学,经济学类（经济学、国际经济与贸易）,605,444,
重庆,重庆大学,法学类（法学、知识产权）,603,479,
重庆,重庆大学,公共管理类（行政管理、城市管理）,602,503,
重庆,重庆大学,人文科学试验班（汉语言文学、法学、历史学、哲学）,602,503,
重庆,重庆大学,新闻传播学类（新闻学、广播电视学）,600,550,
重庆,重庆大学,外国语言文学类（英语、德语、日语）,600,550,
北京,北京科技大学,工商管理类（工商管理、会计学、国际经济与贸易、金融工程）,598,594,
北京,北京科技大学,社会科学试验班（法学、行政管理、社会工作（社会管理））,588,865,
北京,北京科技大学,外国语言文学类（英语、日语、德语）（只招英语语种考生）,580,1093,
甘肃,兰州大学,新闻传播学类（新闻学、广播电视学）,586,917,
甘肃,兰州大学,工商管理类（管理科学（基地班）、会计学、市场营销、人力资源管理、信息管理与信息系统、行政管理）,583,1003,
甘肃,兰州大学,哲学,581,1057,
甘肃,兰州大学,英语（招英语考生）,581,1057,
甘肃,兰州大学,俄语,580,1093,
辽宁,东北大学,公共管理类（法学、公共事业管理、行政管理、土地资源管理、新闻学）,587,884,
辽宁,东北大学,外国语言文学类（英语、俄语、日语、德语）,584,969,
北京,北京交通大学,新闻传播学类（传播学、网络与新媒体）,596,641,
北京,北京交通大学,法学,591,777,
北京,北京交通大学,经济管理试验班（经济学、金融学、劳动与社会保障、会计学、财务管理、工商管理、市场营销、旅游管理、工程管理、物流管理、信息管理与信息系统、保密管理）,591,777,
北京,北京交通大学,外国语言文学类（英语、西班牙语、葡萄牙语）（招英语考生）（外语成绩不低于100分）,591,777,
湖北,华中农业大学,经济学类（经济学、国际经济与贸易、经济统计学、农林经济管理（国家卓越农林人才计划）、农村区域发展）,573,1373,
湖北,华中农业大学,工商管理类（市场营销、人力资源管理、会计学、财务管理、工商管理）,570,1511,
湖北,华中农业大学,社会学类（社会学、社会工作）,569,1545,
湖北,华中农业大学,外国语言文学类（英语、商务英语）（招英语考生）,568,1578,
湖北,华中农业大学,广告学,567,1624,
江苏,苏州大学,金融学,605,444,
江苏,苏州大学,法学,601,529,
江苏,苏州大学,新闻传播学类（新闻学、广告学、网络与新媒体）,598,594,
江苏,苏州大学,中国语言文学类（汉语言文学（师范）、汉语言文学（基地）、汉语国际教育、秘书学）,596,641,
江苏,苏州大学,俄语（招英语考生）,595,675,
江苏,苏州大学,英语（师范类）（招英语考生）,595,675,
江苏,苏州大学,社会学类（社会学、社会工作）,594,702,
江苏,苏州大学,历史学（师范类）,594,702,
江苏,苏州大学,行政管理,592,749,
吉林,东北师范大学,汉语言文学（师范类）,588,865,
吉林,东北师范大学,新闻传播学类（新闻学、广告学）,588,865,
吉林,东北师范大学,商务英语（招英语考生）,580,1093,
吉林,东北师范大学,历史学（师范类）,577,1190,
吉林,东北师范大学,教育学类（教育学、学前教育、小学教育）（师范类）,577,1190,
吉林,东北师范大学,英语（师范类）（招英语考生）,576,1223,
吉林,东北师范大学,马克思主义理论类（思想政治教育、社会学、哲学）,572,1413,
吉林,东北师范大学,政治学类（政治学与行政学、国际政治、法学、行政管理）,571,1455,
吉林,东北师范大学,经济学类（经济学、金融学、市场营销、会计学、人力资源管理）,571,1455,
吉林,东北师范大学,广播电视编导（单列专业）,554,2276,
北京,中央财经大学,金融学类（金融学）,628,110,
北京,中央财经大学,财政学类（财政学、税收学）,626,129,
北京,中央财经大学,经济学类（经济学、国民经济管理）,619,206,
北京,中央财经大学,工商管理类（会计学）（会计学院）,613,289,
北京,中央财经大学,公共管理类（行政管理、公共事业管理、国际政治）,611,322,
北京,中央财经大学,法学,608,386,
北京,中央财经大学,社会学类（社会学、社会工作）,603,479,
上海,上海大学,社会学类（哲学、法学、社会学、社会工作、汉语言文学、汉语国际教育、新闻学、广播电视学、广告学、网络与新媒体、会展、知识产权）（代表人文社科类）,596,641,
上海,上海大学,日语（外语成绩不低于110分）,594,702,
北京,中国政法大学,法学（法学人才培养模式改革实验班）（本专业分为两个阶段贯通培养。第一阶段为四年基础学习阶段，按照培养方案完成教学进度，必修课成绩排名前90%的学生且经考核合格后，方可进入第二阶段即两年应用学习阶段学习，应用学习阶段合格后准予毕业并授予法律硕士学位）,630,95,
北京,中国政法大学,法学,619,206,
北京,中国政法大学,政治学与行政学,619,206,
北京,中国政法大学,网络与新媒体,619,206,
北京,中国政法大学,国际政治,618,217,
北京,中国政法大学,思想政治教育,618,217,
北京,中国政法大学,国际商务,618,217,
北京,中国政法大学,汉语言文学,614,266,
北京,中国政法大学,行政管理,614,266,
北京,中国政法大学,哲学,613,289,
北京,中国政法大学,翻译（法律翻译方向）（招英语考生）,613,289,
广东,暨南大学,法学,592,749,
广东,暨南大学,汉语言文学,591,777,
广东,暨南大学,人力资源管理,590,804,
广东,暨南大学,国际政治,589,842,
广东,暨南大学,汉语言,588,865,
广东,暨南大学,翻译（珠海校区就读）,584,969,
广东,暨南大学,商务英语（深圳校区就读）,584,969,
广东,暨南大学,文化产业管理（珠海校区就读）,583,1003,
广东,暨南大学,旅游管理（深圳校区就读）,582,1027,
北京,对外经济贸易大学,金融学,622,167,
北京,对外经济贸易大学,金融学（国际金融与市场）,621,172,
北京,对外经济贸易大学,经济与金融,621,172,
北京,对外经济贸易大学,国际经济与贸易,620,194,
北京,对外经济贸易大学,工商管理,620,194,
北京,对外经济贸易大学,税收学,620,194,
北京,对外经济贸易大学,市场营销,620,194,
北京,对外经济贸易大学,会计学,620,194,
北京,对外经济贸易大学,财务管理,620,194,
北京,对外经济贸易大学,人力资源管理,620,194,
北京,对外经济贸易大学,投资学,620,194,
北京,对外经济贸易大学,财政学,620,194,
北京,对外经济贸易大学,法学,619,206,
北京,对外经济贸易大学,西班牙语,618,217,
北京,对外经济贸易大学,德语,614,266,
北京,对外经济贸易大学,葡萄牙语,604,462,
北京,对外经济贸易大学,俄语,601,529,
北京,对外经济贸易大学,阿拉伯语,593,727,
北京,对外经济贸易大学,越南语,592,749,
北京,中国石油大学（北京）,英语（招英语考生）,574,1327,
北京,中国石油大学（北京）,工商管理类（会计学、财务管理、市场营销）,573,1373,
北京,中国石油大学（北京）,思想政治教育,571,1455,
江苏,南京农业大学,风景园林,573,1373,
江苏,南京农业大学,公共管理类（土地资源管理、人力资源管理、劳动与社会保障、行政管理）,573,1373,
江苏,南京农业大学,工商管理类（工商管理、市场营销、电子商务）,571,1455,
河南,郑州大学,中国语言文学类（汉语言文学、汉语国际教育）,579,1122,
河南,郑州大学,法学类（法学、知识产权）,575,1267,
河南,郑州大学,外国语言文学类（日语、德语、俄语、英语）,574,1327,
河南,郑州大学,教育学类（教育学、应用心理学）,573,1373,
河南,郑州大学,工商管理类（工商管理、财务管理、会计学）,572,1413,
河南,郑州大学,公共管理类（行政管理、公共事业管理、社会工作、人力资源管理、国际政治）,570,1511,
河南,郑州大学,旅游管理类（旅游管理、酒店管理、市场营销）,569,1545,
四川,西南交通大学,法学,579,1122,
四川,西南交通大学,汉语言文学,578,1154,
四川,西南交通大学,外国语言文学类（英语、翻译、日语、德语、法语）,577,1190,
四川,西南交通大学,汉语国际教育,576,1223,
四川,西南交通大学,政治学与行政学,575,1267,
四川,西南交通大学,思想政治教育,575,1267,
黑龙江,哈尔滨工程大学,法学,562,1873,
黑龙江,哈尔滨工程大学,思想政治教育,560,1973,
黑龙江,哈尔滨工程大学,英语（招英语考生）（英语成绩不低于120分）,559,2022,
黑龙江,哈尔滨工程大学,社会学,558,2085,
江苏,中国矿业大学,公共管理类（行政管理、法学、汉语言文学、广播电视学）,565,1717,
江苏,中国矿业大学,外国语言文学类（英语、德语）,564,1770,
湖北,武汉理工大学,工商管理类（工商管理、市场营销、会计学、财务管理、人力资源管理）,576,1223,
湖北,武汉理工大学,新闻传播学类（广告学、编辑出版学）,575,1267,
湖北,武汉理工大学,法学,574,1327,
湖北,武汉理工大学,汉语国际教育,574,1327,
湖北,武汉理工大学,社会工作,572,1413,
湖北,武汉理工大学,外国语言文学类（英语、法语、日语）,567,1624,
湖北,武汉理工大学,思想政治教育,566,1672,
山东,中国海洋大学,新闻传播学类（新闻学、网络与新媒体）,591,777,
山东,中国海洋大学,工商管理,589,842,
山东,中国海洋大学,外国语言文学类（英语、德语、法语、日语、朝鲜语）,589,842,
黑龙江,哈尔滨医科大学,法学,507,5824,
黑龙江,哈尔滨医科大学,护理学,497,6797,
黑龙江,哈尔滨医科大学,公共事业管理,497,6797,
湖北,中国地质大学（武汉）,工商管理类（工商管理（双语教学班）、市场营销、会计学、旅游管理）,566,1672,
湖北,中国地质大学（武汉）,公共管理类（公共事业管理、行政管理）,564,1770,
湖北,中国地质大学（武汉）,英语,563,1819,
江苏,江南大学,法学,582,1027,
江苏,江南大学,会计学,572,1413,
江苏,江南大学,汉语言文学（师范类）,546,2751,
江苏,江南大学,社会工作,513,5250,
江苏,江南大学,日语（招英语考生）,508,5731,
江苏,河海大学,财务管理,583,1003,
江苏,河海大学,英语（招英语考生）,582,1027,
江苏,河海大学,广播电视学,580,1093,
江苏,南京师范大学,汉语言,591,777,
江苏,南京师范大学,金融学,588,865,
江苏,南京师范大学,工商管理类（工商管理、人力资源管理）,588,865,
江苏,南京师范大学,英语（招英语考生）,588,865,
北京,北京邮电大学,法学,597,621,
北京,北京邮电大学,公共事业管理,589,842,
北京,北京邮电大学,英语（招英语考生）,588,865,
北京,北京化工大学,工商管理类（工商管理、会计学、财务管理）,578,1154,
北京,北京化工大学,国际经济与贸易,574,1327,
北京,北京化工大学,法学,573,1373,
北京,北京化工大学,公共管理类（公共事业管理、行政管理）,569,1545,
北京,北京化工大学,英语（招英语考生）,568,1578,
山东,中国石油大学（华东）,经济学,567,1624,
山东,中国石油大学（华东）,俄语,565,1717,
湖北,中南财经政法大学,法学类（法学、法学（民商法方向）、法学（涉外经贸法方向）、法学（政府法制方向）、法学（刑事司法方向））,608,386,
湖北,中南财经政法大学,工商管理类（会计学、财务管理）（财务会计）,608,386,
湖北,中南财经政法大学,金融学类（金融学、金融工程、投资学、保险学）,606,423,
湖北,中南财经政法大学,财政学类（财政学、税收学）,602,503,
湖北,中南财经政法大学,经济学类（经济学、国际商务）,602,503,
湖北,中南财经政法大学,汉语言文学,596,641,
湖北,中南财经政法大学,"俄语（招英语,俄语考生）",595,675,
湖北,中南财经政法大学,新闻传播学类（新闻学、广播电视学、网络与新媒体）,590,804,
陕西,西北大学,考古学,584,969,
陕西,西北大学,汉语言文学,581,1057,
陕西,西北大学,新闻传播学类（新闻学、广告学、网络与新媒体）,579,1122,
陕西,西北大学,法学,578,1154,
陕西,西北大学,工商管理类（工商管理、会计学）,578,1154,
陕西,西北大学,英语（招英语考生）,574,1327,
陕西,西北大学,公共管理类（行政管理、人力资源管理、公共事业管理、劳动与社会保障）,574,1327,
陕西,西北大学,哲学,570,1511,
陕西,西北大学,俄语,568,1578,
陕西,西北大学,图书情报与档案管理类（图书馆学、档案学）,567,1624,
广东,深圳大学,法学,580,1093,
广东,深圳大学,新闻学,580,1093,
广东,深圳大学,历史学,579,1122,
广东,深圳大学,法语（招英语考生）,578,1154,
广东,深圳大学,国际经济与贸易,576,1223,
广东,深圳大学,会计学,576,1223,
广东,深圳大学,工商管理,575,1267,
广东,深圳大学,行政管理,575,1267,
广东,深圳大学,汉语言文学,575,1267,
广东,深圳大学,"日语（招英语,日语考生）",575,1267,
广东,深圳大学,广告学,574,1327,
重庆,西南大学,法学,586,917,
重庆,西南大学,工商管理类（工商管理、人力资源管理、会计学、旅游管理）,582,1027,
重庆,西南大学,俄语,581,1057,
北京,中国地质大学（北京）,英语（招英语考生）,571,1455,
陕西,陕西师范大学,公共管理类（法学、政治学与行政学、社会学、行政管理）,564,1770,
陕西,陕西师范大学,哲学类（哲学、哲学（新文科班））,559,2022,
陕西,陕西师范大学,外国语言文学类（俄语、法语、日语）（非英语）,554,2276,
福建,福州大学,国际经济与贸易,577,1190,
福建,福州大学,法学,576,1223,
四川,西南财经大学,法学（法学与会计学双学位）,611,322,
四川,西南财经大学,金融学（双语实验班）,605,444,
四川,西南财经大学,工商管理（双语实验班）,602,503,
四川,西南财经大学,金融学类（金融学、金融工程、信用管理）,600,550,
四川,西南财经大学,经济与贸易类（国际商务（双语实验班）、国际经济与贸易（双语实验班））,588,865,
四川,西南财经大学,保险学（财务与会计双语实验班）,582,1027,
四川,西南财经大学,金融学（证券与期货方向）,582,1027,
四川,西南财经大学,保险学,571,1455,
四川,西南财经大学,财政学类（财政学、税收学）,571,1455,
四川,西南财经大学,工商管理类（工商管理、市场营销、旅游管理、供应链管理）,543,2966,
四川,西南财经大学,外国语言文学类（英语、商务英语）（招英语考生）,532,3721,
江苏,江苏大学,法学,560,1973,
江苏,江苏大学,英语（招英语考生）,558,2085,
江苏,江苏大学,金融学,556,2176,
江苏,江苏大学,国际经济与贸易,554,2276,
江苏,江苏大学,财务管理,554,2276,
江苏,江苏大学,保险学,553,2336,
陕西,西北农林科技大学,法学,571,1455,
陕西,西北农林科技大学,公共管理类（劳动与社会保障、公共事业管理）,570,1511,
江西,南昌大学,会计学（国际会计师）,572,1413,
江西,南昌大学,中国语言文学类（汉语言文学、汉语国际教育）,570,1511,
江西,南昌大学,会计学,569,1545,
江西,南昌大学,英语（招英语考生）,568,1578,
江西,南昌大学,应用心理学,565,1717,
江西,南昌大学,日语（招英语考生）,565,1717,
江西,南昌大学,俄语（招英语考生）,564,1770,
江西,南昌大学,旅游管理类（旅游管理、会展经济与管理）,564,1770,
广东,南方医科大学,中医学,561,1914,
广东,南方医科大学,针灸推拿学,559,2022,
广东,南方医科大学,法学（卫生法学）,554,2276,
广东,南方医科大学,康复治疗学（大类招生，含康复治疗学、康复物理治疗、康复作业治疗）,554,2276,
广东,南方医科大学,外国语言文学类（英语、翻译）（招英语考生）,554,2276,
广东,南方医科大学,护理学,553,2336,
广东,南方医科大学,公共事业管理（培养医院管理、健康服务与管理、医疗保险人才，大一末分流）,551,2450,
北京,华北电力大学,法学类（法学）,597,621,
北京,华北电力大学,工商管理类（会计学、财务管理、工商管理、人力资源管理、市场营销）,585,936,
北京,华北电力大学,公共管理类（公共事业管理、行政管理、汉语言文学、广告学）,583,1003,
北京,华北电力大学,外国语言文学类（英语、翻译）（招英语考生）,582,1027,
广东,华南师范大学,汉语言文学（师范类）,577,1190,
广东,华南师范大学,传播学,575,1267,
广东,华南师范大学,社会工作,573,1373,
广东,华南师范大学,新闻学,573,1373,
广东,华南师范大学,行政管理,573,1373,
江苏,扬州大学,中国语言文学类（汉语国际教育、汉语言文学（师范））,570,1511,
江苏,扬州大学,广播电视学,564,1770,
江苏,扬州大学,秘书学,562,1873,
江苏,扬州大学,历史学（师范类）,560,1973,
江苏,扬州大学,思想政治教育（师范类）,559,2022,
江苏,扬州大学,旅游管理,558,2085,
江苏,扬州大学,法学,558,2085,
江苏,扬州大学,日语,557,2129,
江苏,扬州大学,工商管理类（工商管理、市场营销）,557,2129,
北京,北京外国语大学,德语,630,95,
北京,北京外国语大学,外交学,624,147,
北京,北京外国语大学,英语（招英语考生）,620,194,
北京,北京外国语大学,工商管理类（工商管理、会计学、财务管理、电子商务、国际商务）,599,572,
北京,北京外国语大学,日语,598,594,
北京,北京外国语大学,法学（英语）,575,1267,
北京,北京林业大学,日语（招英语考生）,585,936,
北京,北京林业大学,国际经济与贸易,572,1413,
北京,北京林业大学,工商管理类（会计学、工商管理、市场营销、人力资源管理、物业管理）,513,5250,
北京,北京林业大学,旅游管理,512,5327,
云南,云南大学,工商管理类,571,1455,
云南,云南大学,法学,571,1455,
云南,云南大学,历史学（国家历史学基地班）,571,1455,
云南,云南大学,新闻学,570,1511,
云南,云南大学,日语,568,1578,
云南,云南大学,英语,567,1624,
云南,云南大学,汉语国际教育,567,1624,
云南,云南大学,公共事业管理,567,1624,
云南,云南大学,广播电视学,566,1672,
云南,云南大学,档案学,566,1672,
辽宁,东北财经大学,会计学（国际会计方向）（按ACCA方向、CPA方向培养）,597,621,
辽宁,东北财经大学,金融学类（金融学、金融工程、投资学、保险学）,590,804,
辽宁,东北财经大学,会计学（注册会计师方向和创新人才培养实验班）（按注册会计师方向、创新人才培养实验班培养）,589,842,
辽宁,东北财经大学,国际经济与贸易,586,917,
辽宁,东北财经大学,新闻传播学类（新闻学、广告学）,586,917,
辽宁,东北财经大学,工商管理类（会计学、财务管理、资产评估）（会计学按普通会计学方向培养）,586,917,
辽宁,东北财经大学,公共管理类（公共事业管理、行政管理、劳动与社会保障）,585,936,
辽宁,东北财经大学,日语,583,1003,
辽宁,东北财经大学,金融学（中外合作办学）（与英国奥斯特大学合作办学）（只录取有专业志愿的考生；要求考生英语成绩115分（含）以上；国内学费48000元/年）,565,1717,
辽宁,东北财经大学,会计学（中外合作办学）（与英国奥斯特大学合作办学）（只录取有专业志愿的考生；要求考生英语成绩115分（含）以上；国内学费48000元/年）,565,1717,
辽宁,东北财经大学,财务管理（中外合作办学）（与英国萨里大学合作办学）（只录取有专业志愿的考生，要求考生英语成绩115分（含）以上，首年强化英语学习，升入大二时要求英文水平必须能够适应全英文授课环境；学费60000元/年）,560,1973,
辽宁,东北财经大学,会计学（中外合作办学）（与澳大利亚科廷大学合作办学）（只录取有专业志愿的考生；要求考生英语成绩115分（含）以上；国内学费48000元/年）,550,2501,
辽宁,东北财经大学,工商管理（中外合作办学）（与英国萨里大学合作办学）（只录取有专业志愿的考生，要求考生英语成绩115分（含）以上，首年强化英语学习，升人大二时要求英文水平必须能够活应余英文授课环境；学费60000元/年）,543,2966,
辽宁,东北财经大学,旅游管理（中外合作办学）（与英国萨里大学合作办学）（只录取有专业志愿的考生，要求考生英语成绩115分（含）以上，首年强化英语学习，升入大二时要求英文水平必须能够适应全英文授课环境；学费60000元/年）,541,3085,
浙江,宁波大学,法学类（法学、法学（英语特色班））,577,1190,
浙江,宁波大学,经济学类（经济学、金融学、金融工程、国际经济与贸易）,575,1267,
浙江,宁波大学,物流管理（梅山校区）,571,1455,
浙江,宁波大学,日语（外语成绩不低于115分）,571,1455,
北京,北京中医药大学,中医学,583,1003,
北京,北京中医药大学,法学（医药卫生）,574,1327,
北京,北京中医药大学,英语（中医药国际传播）,574,1327,
福建,福建师范大学,中国语言文学类（汉语言文学、秘书学）（含国家人才培养基地）（师范类）（语文成绩不低于105分）,564,1770,
福建,福建师范大学,英语（师范类）（招英语考生）（外语成绩不低于115分）,561,1914,
福建,福建师范大学,经济学（含国家人才培养基地）,558,2085,
福建,福建师范大学,金融学类（金融学、金融工程）,558,2085,
福建,福建师范大学,新闻传播学类（广播电视学、广告学）,557,2129,
福建,福建师范大学,国际经济与贸易,556,2176,
湖南,湖南师范大学,历史学（师范类）,586,917,
湖南,湖南师范大学,英语（师范类）（招英语考生）（英语成绩不低于130分）,586,917,
湖南,湖南师范大学,汉语言文学（师范类）,585,936,
湖南,湖南师范大学,思想政治教育（师范类）,584,969,
湖南,湖南师范大学,教育学（师范类）,582,1027,
湖南,湖南师范大学,新闻学,581,1057,
湖南,湖南师范大学,网络与新媒体,580,1093,
湖南,湖南师范大学,法学,579,1122,
湖南,湖南师范大学,工商管理,577,1190,
湖南,湖南师范大学,政治学与行政学,577,1190,
湖南,湖南师范大学,朝鲜语（外语成绩不低于120分）,577,1190,
湖南,湖南师范大学,编辑出版学,575,1267,
湖南,湖南师范大学,社会学,575,1267,
湖南,湖南师范大学,行政管理,574,1327,
陕西,长安大学,新闻传播学类（新闻学、广告学、汉语言文学）,563,1819,
陕西,长安大学,公共管理类（行政管理、公共事业管理）,556,2176,
江苏,南京邮电大学,经济学类（经济学、经济统计学、金融工程、国际经济与贸易）（金融与经济）,565,1717,
江苏,南京邮电大学,工商管理类（工商管理、财务管理、市场营销、人力资源管理）,562,1873,
江苏,南京邮电大学,外国语言文学类（英语、翻译）（招英语考生）,562,1873,
江苏,南京邮电大学,公共管理类（公共事业管理、行政管理、社会工作）（公共治理与社会管理）,560,1973,
北京,中国传媒大学,新闻学,613,289,
北京,中国传媒大学,网络与新媒体（智能融媒体运营方向）,607,402,
北京,中国传媒大学,广播电视学,606,423,
北京,中国传媒大学,文化产业管理,605,444,
北京,中国传媒大学,广告学（数字营销方向）,604,462,
北京,中国传媒大学,英语（招英语考生）（英语成绩达到120分（含）以上）,602,503,
北京,中国传媒大学,行政管理（国家治理与政治传播方向）,601,529,
河北,燕山大学,汉语言文学,554,2276,
河北,燕山大学,会计学,553,2336,
河北,燕山大学,经济与金融,552,2397,
河北,燕山大学,工商管理,551,2450,
河北,燕山大学,外国语言文学类（英语、翻译（英语））（招英语考生）,549,2556,
河北,燕山大学,法学,547,2673,
河北,燕山大学,行政管理,545,2812,
河北,燕山大学,德语（招英语考生）,545,2812,
河北,燕山大学,旅游管理,543,2966,
河北,燕山大学,法语（招英语考生）,543,2966,
河北,燕山大学,日语（招英语考生）,542,3027,
河北,燕山大学,俄语（招英语考生）,542,3027,
安徽,安徽大学,法学类（法学、知识产权）,579,1122,
安徽,安徽大学,经济学类（经济学、金融学、财政学、国际经济与贸易）,575,1267,
安徽,安徽大学,新闻传播学类（新闻学、广播电视学、编辑出版学、网络与新媒体）,575,1267,
安徽,安徽大学,中国语言文学类（汉语言文学、汉语国际教育）,574,1327,
安徽,安徽大学,工商管理类（工商管理、市场营销、人力资源管理、电子商务、物流管理、旅游管理）,574,1327,
安徽,安徽大学,政治学类（社会学、社会工作、政治学与行政学）,574,1327,
安徽,安徽大学,管理科学与工程类（信息管理与信息系统、行政管理、图书馆学、档案学）,573,1373,
安徽,安徽大学,俄语,572,1413,
河南,河南大学,中国语言文学类（汉语言文学、汉语国际教育）（师范类）,560,1973,
河南,河南大学,新闻传播学类（新闻学、广告学、编辑出版学、网络与新媒体）,559,2022,
河南,河南大学,法学,558,2085,
河南,河南大学,德语,556,2176,
河南,河南大学,哲学,556,2176,
河南,河南大学,经济学类（经济学、经济统计学、财政学、金融学、国际经济与贸易）,555,2223,
河南,河南大学,社会工作,553,2336,
河南,河南大学,会计学,552,2397,
上海,上海外国语大学,国际经济与贸易（日语）,615,254,
上海,上海外国语大学,国际经济与贸易,609,358,
上海,上海外国语大学,工商管理类（工商管理、公共关系学）（卓越管理人才计划）,606,423,
江苏,中国药科大学,经济管理试验班（国际经济与贸易、工商管理、市场营销、经济学）,579,1122,
浙江,浙江师范大学,汉语言文学（师范类）,570,1511,
浙江,浙江师范大学,汉语国际教育（师范类）（外语成绩不低于110分）,564,1770,
浙江,浙江师范大学,小学教育（师范类）,562,1873,
浙江,浙江师范大学,学前教育（师范类）（杭州校区就读）,560,1973,
浙江,浙江师范大学,法学类（社会工作、行政管理、法学）,559,2022,
山东,山东师范大学,中国语言文学类（汉语言文学（师范类）、汉语言、秘书学）,566,1672,
山东,山东师范大学,汉语国际教育（师范类）,565,1717,
山东,山东师范大学,法学,561,1914,
山东,山东师范大学,历史学类（历史学（师范类）、世界史）,561,1914,
山东,山东师范大学,新闻学,560,1973,
北京,中央民族大学,汉语言文学,603,479,
北京,中央民族大学,社会学类（社会学、社会工作）,600,550,
北京,中央民族大学,法学类（法学、法学（法学与英语））,600,550,
北京,中央民族大学,民族学,596,641,
北京,中央民族大学,新闻传播学类（新闻学、广告学）,594,702,
北京,中央民族大学,历史学类（历史学（基地班）、历史学（中国与周边国家关系史实验班）,594,702,
北京,中央民族大学,教育学,591,777,
北京,中央民族大学,公共管理类（公共事业管理、行政管理）,591,777,
北京,中央民族大学,汉语国际教育,590,804,
北京,中央民族大学,哲学类（哲学、宗教学）,590,804,
北京,中央民族大学,外国语言文学类（英语、翻译）（招英语考生）,589,842,
广东,广东工业大学,金融学类（金融工程、投资学）（第三学期专业分流）,549,2556,
广东,广东工业大学,工商管理类（工商管理、市场营销、会计学、人力资源管理）（第三学期专业分流）,546,2751,
天津,河北工业大学,汉语国际教育,562,1873,
天津,河北工业大学,公共管理类（公共事业管理、劳动与社会保障）,561,1914,
山东,青岛大学,金融学,562,1873,
山东,青岛大学,经济学类（经济学、财政学、国际经济与贸易）,562,1873,
山东,青岛大学,法学,561,1914,
山东,青岛大学,新闻学,561,1914,
山东,青岛大学,汉语言文学,561,1914,
山东,青岛大学,英语,560,1973,
山东,青岛大学,工商管理,559,2022,
山东,青岛大学,旅游管理,557,2129,
山东,青岛大学,朝鲜语,556,2176,
上海,上海师范大学,历史学（师范类）,574,1327,
上海,上海师范大学,古典文献学,567,1624,
上海,上海师范大学,法学,566,1672,
上海,上海师范大学,汉语国际教育,566,1672,
上海,上海师范大学,新闻传播学类（广告学、广播电视学、编辑出版学）,566,1672,
湖南,湘潭大学,法学,568,1578,
湖南,湘潭大学,新闻学,561,1914,
湖南,湘潭大学,会计学,554,2276,
湖南,湘潭大学,经济学,552,2397,
湖南,湘潭大学,文化产业管理,552,2397,
湖南,湘潭大学,英语,551,2450,
湖南,湘潭大学,金融学,551,2450,
湖南,湘潭大学,广告学,549,2556,
湖南,湘潭大学,人力资源管理,549,2556,
湖南,湘潭大学,历史学,549,2556,
湖南,湘潭大学,法语,549,2556,
湖南,湘潭大学,哲学,546,2751,
湖南,湘潭大学,行政管理,546,2751,
湖南,湘潭大学,图书馆学,545,2812,
湖南,湘潭大学,日语,544,2882,
辽宁,大连海事大学,法学,576,1223,
辽宁,大连海事大学,国际经济与贸易,572,1413,
辽宁,大连海事大学,英语（招英语考生）,570,1511,
辽宁,大连海事大学,日语（招英语考生）,570,1511,
山西,山西大学,法学,547,2673,
山西,山西大学,哲学类（哲学、伦理学）,547,2673,
山西,山西大学,新闻传播学类（新闻学、广告学）,547,2673,
山西,山西大学,汉语言文学,545,2812,
山西,山西大学,旅游管理,544,2882,
山西,山西大学,历史学,544,2882,
山西,山西大学,政治学类（行政管理、国际政治、政治学与行政学）,544,2882,
浙江,宁波诺丁汉大学,经济学（中外合作办学）（英语成绩不低于115分）,596,641,
浙江,宁波诺丁汉大学,国际经济与贸易（中外合作办学）（英语成绩不低于115分）,571,1455,
浙江,宁波诺丁汉大学,财务管理（中外合作办学）（英语成绩不低于115分）,550,2501,
浙江,宁波诺丁汉大学,国际商务（中外合作办学）（英语成绩不低于115分，含4个专业方向：国际商务管理，国际商务与国际传播学，国际商务与法语/德语/西班牙语/日语/汉语，国际商务经济学）,532,3721,
浙江,宁波诺丁汉大学,英语（中外合作办学）（英语语言文学、英语语言与应用语言学）（2加2）（招英语考生）（英语成绩不低于120分，后两年在英国诺丁汉大学就读，学费另计）,516,4983,
浙江,宁波诺丁汉大学,英语（中外合作办学）（招英语考生）（英语成绩不低于120分，含2个专业方向：英语与应用语言学、英语研究与国际商务）,509,5628,
浙江,宁波诺丁汉大学,国际事务与国际关系（中外合作办学）（英语成绩不低于115分，含2个专业方向：国际学、国际学与法语/德语/西班牙语/日语/汉语）,502,6309,
浙江,宁波诺丁汉大学,传播学（中外合作办学）（英语成绩不低于115分）,494,7091,
山西,太原理工大学,汉语国际教育,550,2501,
山西,太原理工大学,英语（只招英语语种考生）,548,2613,
山西,太原理工大学,行政管理,546,2751,
山西,太原理工大学,国际经济与贸易,546,2751,
山西,太原理工大学,思想政治教育,545,2812,
黑龙江,东北林业大学,经济学类（经济统计学、国际经济与贸易）,556,2176,
黑龙江,东北林业大学,法学,555,2223,
黑龙江,东北林业大学,英语（招英语考生）,554,2276,
黑龙江,东北林业大学,工商管理类（工商管理、市场营销、会计学、农林经济管理、公共事业管理、旅游管理）,553,2336,
黑龙江,东北林业大学,政治学与行政学,551,2450,
黑龙江,东北林业大学,日语,550,2501,
黑龙江,东北林业大学,社会工作,549,2556,
黑龙江,东北林业大学,广告学,548,2613,
黑龙江,东北林业大学,俄语,547,2673,
湖南,长沙理工大学,会计学,547,2673,
湖南,长沙理工大学,新闻学,544,2882,
湖南,长沙理工大学,法学,543,2966,
湖南,长沙理工大学,人力资源管理,541,3085,
湖南,长沙理工大学,汉语言文学,538,3283,
黑龙江,东北农业大学,农林经济管理（本硕博班）（本硕博分流培养末位淘汰）,564,1770,
黑龙江,东北农业大学,农林经济管理,544,2882,
黑龙江,东北农业大学,英语（招英语考生）,544,2882,
黑龙江,东北农业大学,法学类（法学、社会工作）,542,3027,
黑龙江,东北农业大学,汉语国际教育,537,3355,
黑龙江,东北农业大学,金融学类（金融学、保险学、国际经济与贸易）,535,3482,
黑龙江,东北农业大学,行政管理,533,3643,
黑龙江,东北农业大学,俄语,532,3721,
黑龙江,东北农业大学,工商管理类（工商管理、会计学、市场营销、人力资源管理）,530,3853,
黑龙江,东北农业大学,金融学（中外合作办学）（中俄合作办学）（该专业国内学习期间学费15750元/年，是与俄罗斯远东国立技术水产大学合作办学，国外学习期间学费和宿费由俄方学校按2700美元/年收取（俄方学校根据物价、汇率的变化可能适当上浮收取）。入学后第2-4学期必须出国学习。报考条件见我校2020年本科招生章程）,510,5521,
黑龙江,东北农业大学,国际经济与贸易（中外合作办学）（中俄合作办学）（该专业国内学习期间学费15750元/年，是与俄罗斯太平洋国立大学合作办学，国外学习期间学费由俄方学校按179300卢布/年收取（俄方学校根据物价、汇率的变化可能适当上浮收取）。人学后第2-4学期必须出国学习。报考条件见我校2020年本科招生章程）,499,6596,
黑龙江,东北农业大学,工商管理（中外合作办学）（中俄合作办学）（该专业国内学习期间学费15750元/年，是与俄罗斯远东国立技术水产大学合作办学，国外学习期间学费和宿费由俄方学校按2700美元/年收取（俄方学校根据物价、汇率的变化可能适当上浮收取）。人学后第2-4学期必须出国学习。报考条件见我校2020年本科招生章程）,499,6596,
黑龙江,东北农业大学,工商管理（中美121双学位项目）（该专业国内学费3500元，是与美国北卡罗来纳大学彭布洛克分校合作，只招收具有出国留学意愿的考生，办理出国手续及在美期间费用按中教国际教育交流中心和美方学校标准收取，高考英语成绩要求不低于105分。具体报考条件及收费标准见我校2020年本科招生章程）,494,7091,
江西,江西师范大学,英语（师范类）（招英语考生）（外语成绩不低于110分）,570,1511,
江西,江西师范大学,教育学类（特殊教育（师范）、学前教育（师范））（师范类）,558,2085,
江西,江西师范大学,地理科学类（地理科学（师范）、地理信息科学、自然地理与资源环境）,557,2129,
江西,江西师范大学,中国语言文学类（汉语言文学（师范）、汉语国际教育）,556,2176,
江西,江西师范大学,历史学（师范类）,555,2223,
江西,江西师范大学,思想政治教育（师范类）,555,2223,
江西,江西师范大学,新闻传播学类（新闻学、广播电视学、广告学）,553,2336,
江西,江西师范大学,旅游管理,552,2397,
江西,江西师范大学,心理学类（心理学（师范）、应用心理学）,551,2450,
江西,江西师范大学,国际经济与贸易,550,2501,
江西,江西师范大学,法学,547,2673,
江西,江西师范大学,工商管理类（工商管理、人力资源管理、市场营销）,543,2966,
江西,江西师范大学,俄语（外语成绩不低于110分）,542,3027,
江西,江西师范大学,日语（外语成绩不低于110分）,542,3027,
江西,江西师范大学,朝鲜语（朝英双语方向）（外语成绩不低于100分）,540,3140,
江西,江西师范大学,会计学,538,3283,
江西,江西财经大学,会计学（CIMA方向）（特许管理会计师）,576,1223,
江西,江西财经大学,金融学类（金融学、保险学、金融工程、金融科技）,572,1413,
江西,江西财经大学,工商管理类（会计学、会计学（注册会计师）、财务管理）,571,1455,
江西,江西财经大学,金融学（国际投资与金融）（本科教学实验班）,563,1819,
江西,江西财经大学,旅游管理类（旅游管理）,560,1973,
江西,江西财经大学,公共管理类（土地资源管理）,558,2085,
江西,江西财经大学,法学类（法学、法学（法务会计））,543,2966,
内蒙古,内蒙古大学,历史学（文史哲基地）,566,1672,
内蒙古,内蒙古大学,汉语言文学,565,1717,
内蒙古,内蒙古大学,汉语国际教育,558,2085,
内蒙古,内蒙古大学,政治学与行政学,557,2129,
内蒙古,内蒙古大学,网络与新媒体,557,2129,
内蒙古,内蒙古大学,政治学、经济学与哲学,550,2501,
内蒙古,内蒙古大学,哲学,548,2613,
内蒙古,内蒙古大学,土地资源管理,548,2613,
河北,河北大学,新闻传播学类（新闻学、广播电视学、编辑出版学）,549,2556,
河北,河北大学,法学,545,2812,
河北,河北大学,国际经济与贸易,544,2882,
河北,河北大学,经济学,543,2966,
河北,河北大学,英语（招英语考生）,541,3085,
河北,河北大学,俄语,540,3140,
河北,河北大学,朝鲜语,539,3205,
福建,福建农林大学,农业经济管理类（农林经济管理、农村区域发展）,529,3915,
浙江,杭州师范大学,外国语言文学类（英语（师范）、英语、日语、朝鲜语、翻译、英语（中美班））,565,1717,
浙江,杭州师范大学,公共事业管理（卫生事业管理方向）,564,1770,
浙江,杭州师范大学,中国语言文学类（汉语言文学（师范）、汉语言文学、汉语国际教育）,564,1770,
浙江,杭州师范大学,健康服务与管理,540,3140,
山东,山东科技大学,日语,498,6686,
山东,山东科技大学,朝鲜语,496,6892,
安徽,安徽师范大学,历史学类（历史学（师范）、世界史）,538,3283,
安徽,安徽师范大学,新闻传播学类（新闻学、广告学、网络与新媒体）,526,4142,
安徽,安徽师范大学,俄语,521,4562,
安徽,安徽师范大学,经济学类（经济学、金融工程）,520,4644,
安徽,安徽师范大学,旅游管理,518,4807,
安徽,安徽师范大学,行政管理,514,5167,
贵州,贵州大学,经济与贸易类（经济学、国际经济与贸易）,561,1914,
贵州,贵州大学,财政学类（财政学、金融学）,560,1973,
贵州,贵州大学,汉语言文学,560,1973,
贵州,贵州大学,工商管理类（工商管理、市场营销、会计学、财务管理、人力资源管理）,556,2176,
贵州,贵州大学,文化产业管理,554,2276,
贵州,贵州大学,公共管理类（行政管理、劳动与社会保障）,554,2276,
辽宁,辽宁大学,金融学类（金融学、保险学）,587,884,
辽宁,辽宁大学,法学,584,969,
辽宁,辽宁大学,会计学,582,1027,
辽宁,辽宁大学,汉语言文学,580,1093,
辽宁,辽宁大学,经济学类（经济学、经济统计学、国民经济管理）,578,1154,
辽宁,辽宁大学,国际经济与贸易,578,1154,
辽宁,辽宁大学,新闻学,577,1190,
辽宁,辽宁大学,工商管理类（工商管理、市场营销、人力资源管理）,577,1190,
辽宁,辽宁大学,德语,574,1327,
辽宁,辽宁大学,俄语,573,1373,
辽宁,辽宁大学,朝鲜语,572,1413,
河南,河南师范大学,英语,522,4481,
河南,河南师范大学,思想政治教育,519,4728,
河南,河南师范大学,马克思主义理论类（马克思主义理论，中国共产党历史）,516,4983,
河南,河南师范大学,汉语国际教育,512,5327,
河南,河南师范大学,历史学,510,5521,
四川,西南石油大学,会计学,544,2882,
四川,西南石油大学,经济学,543,2966,
四川,西南石油大学,电子商务,542,3027,
海南,海南大学,法学（一年级在城西校区）,573,1373,
海南,海南大学,国际经济与贸易（一年级在城西校区）,568,1578,
海南,海南大学,金融学（一年级在城西校区）,567,1624,
海南,海南大学,汉语言文学（一年级在城西校区）,566,1672,
海南,海南大学,旅游管理类（旅游管理、酒店管理、会展经济与管理）（一年级在城西校区）,565,1717,
海南,海南大学,传播学（一年级在城西校区）,565,1717,
海南,海南大学,行政管理（一年级在城西校区）,565,1717,
海南,海南大学,工商管理类（工商管理、会计学）（一年级在城西校区）,565,1717,
海南,海南大学,英语（招英语考生）（一年级在城西校区）,564,1770,
海南,海南大学,公共关系学（一年级在城西校区）,563,1819,
海南,海南大学,俄语（招英语考生）（一年级在城西校区）,562,1873,
浙江,中国计量大学,工商管理类（工商管理、市场营销、财务管理）,555,2223,
浙江,中国计量大学,公共管理类（公共事业管理、行政管理）,503,6220,
上海,华东政法大学,法学类（法学（民商法律）、法学（刑事法律）、法学（经济法）法学（国际经济法）、法学（国际金融法）、法学（刑事司法）、法学（网络与信息法）、法学（英国利兹大学双学位项目班））,614,266,
上海,华东政法大学,公共管理类（行政管理、劳动与社会保障）（双学位培养项目）（“行政管理+法学”和“劳动与社会保障+法学”双学士学位复合型人才培养项目，达到培养要求，可授予法学、管理学双学士学位）,613,289,
上海,华东政法大学,文化产业管理,609,358,
北京,北京建筑大学,法学（国际工程法实验班）,520,4644,
北京,北京建筑大学,社会工作,513,5250,
北京,首都经济贸易大学,公共管理类（行政管理、公共事业管理、土地资源管理、城市管理、城市管理（区域经济管理））,570,1511,
北京,首都经济贸易大学,经济与贸易类（国际经济与贸易、贸易经济）,570,1511,
北京,首都经济贸易大学,新闻传播学类（广告学、传播学）,570,1511,
重庆,西南政法大学,法学,599,572,
重庆,西南政法大学,新闻学（（新闻学+法学）双学士学位复合型人才培养项目）,599,572,
重庆,西南政法大学,政治学与行政学,598,594,
福建,华侨大学,法学,562,1873,
福建,华侨大学,中国语言文学类（汉语言文学、应用语言学）,562,1873,
福建,华侨大学,国际事务与国际关系（厦门校区就读）,560,1973,
福建,华侨大学,工商管理类（工商管理、市场营销、人力资源管理、物流管理）,559,2022,
福建,华侨大学,经济学类（金融学（全英文教学））（中美121双学位班、可接轨CFA金融分析师）（只招收有专业志愿的考生）,559,2022,
福建,华侨大学,金融学,558,2085,
福建,华侨大学,经济学类（经济学、国际经济与贸易、电子商务）,557,2129,
福建,华侨大学,工商管理类（会计学（全英文教学））（中美121双学位班、可接轨ACCA国际注会）（只招收有专业志愿的考生）,554,2276,
福建,华侨大学,财务管理,553,2336,
福建,华侨大学,英语（招英语考生）,553,2336,
福建,华侨大学,公共管理类（行政管理、公共事业管理、土地资源管理）,553,2336,
福建,华侨大学,日语,550,2501,
福建,华侨大学,汉语国际教育（厦门校区就读）,549,2556,
福建,华侨大学,社会学（厦门校区就读）,548,2613,
福建,华侨大学,哲学（中西人文综合试验班）（厦门校区就读）,547,2673,
黑龙江,黑龙江大学,法学,535,3482,
黑龙江,黑龙江大学,法学（中俄学院）,530,3853,
黑龙江,黑龙江大学,金融学（中法学院）,527,4062,
黑龙江,黑龙江大学,汉语言文学,524,4325,
黑龙江,黑龙江大学,新闻学,524,4325,
黑龙江,黑龙江大学,英语,523,4406,
黑龙江,黑龙江大学,金融学,519,4728,
黑龙江,黑龙江大学,哲学,517,4892,
黑龙江,黑龙江大学,经济学,514,5167,
黑龙江,黑龙江大学,翻译（英语）,513,5250,
黑龙江,黑龙江大学,会计学,513,5250,
黑龙江,黑龙江大学,传播学,512,5327,
黑龙江,黑龙江大学,广告学,508,5731,
黑龙江,黑龙江大学,历史学,505,6005,
黑龙江,黑龙江大学,编辑出版学,505,6005,
黑龙江,黑龙江大学,商务英语,504,6094,
黑龙江,黑龙江大学,汉语国际教育,503,6220,
黑龙江,黑龙江大学,考古学,502,6309,
黑龙江,黑龙江大学,行政管理,501,6397,
黑龙江,黑龙江大学,国际经济与贸易,501,6397,
黑龙江,黑龙江大学,教育学,501,6397,
黑龙江,黑龙江大学,档案学,501,6397,
黑龙江,黑龙江大学,政治学与行政学,500,6484,
黑龙江,黑龙江大学,工商管理,499,6596,
黑龙江,黑龙江大学,社会学,499,6596,
黑龙江,黑龙江大学,人力资源管理,498,6686,
黑龙江,黑龙江大学,土地资源管理,498,6686,
黑龙江,黑龙江大学,图书馆学,498,6686,
黑龙江,黑龙江大学,中国少数民族语言文学（满语）,498,6686,
吉林,长春理工大学,法学,529,3915,
吉林,长春理工大学,网络与新媒体,523,4406,
吉林,长春理工大学,英语,521,4562,
吉林,长春理工大学,汉语言文学,517,4892,
吉林,长春理工大学,朝鲜语,513,5250,
吉林,长春理工大学,俄语,500,6484,
江苏,江苏科技大学,经济学,551,2450,
江苏,江苏科技大学,公共事业管理,538,3283,
江苏,江苏科技大学,工商管理类（会计学、财务管理）,538,3283,
江苏,江苏科技大学,金融工程,537,3355,
江苏,江苏科技大学,"俄语（招英语,俄语考生）",536,3429,
江苏,江苏科技大学,外国语言文学类（英语、翻译）,536,3429,
天津,天津师范大学,法学,565,1717,
天津,天津师范大学,政治学与行政学,564,1770,
天津,天津师范大学,汉语言文学,563,1819,
天津,天津师范大学,日语,561,1914,
天津,天津师范大学,世界史（外语双学位实验班）（外语语种不限，但英语语种考生英语成绩须达到105分（含）以上）,561,1914,
天津,天津师范大学,行政管理,560,1973,
天津,天津师范大学,历史学,560,1973,
天津,天津师范大学,世界史,559,2022,
天津,天津师范大学,社会工作,558,2085,
天津,天津师范大学,俄语,558,2085,
天津,天津师范大学,朝鲜语,556,2176,
浙江,浙江农林大学,广告学,538,3283,
浙江,浙江农林大学,法学,534,3573,
广东,广州中医药大学,中西医临床医学,548,2613,
广东,广州中医药大学,中医学,546,2751,
广东,广州中医药大学,针灸推拿学,543,2966,
广东,广州中医药大学,国际经济与贸易,536,3429,
广东,广州中医药大学,健康服务与管理,536,3429,
广东,广州中医药大学,康复治疗学,535,3482,
广东,广州中医药大学,英语,533,3643,
北京,北京语言大学,翻译（英语）（招英语考生）,601,529,
北京,北京语言大学,金融学,592,749,
北京,北京语言大学,汉语言文学,585,936,
北京,北京语言大学,汉语国际教育,584,969,
北京,北京语言大学,英语（招英语考生）,579,1122,
新疆,石河子大学,中国语言文学类（汉语言文学、中国少数民族语言文学）,512,5327,
新疆,石河子大学,教育学（师范类）,499,6596,
新疆,石河子大学,农林经济管理,493,7204,
新疆,石河子大学,学前教育（师范类）,493,7204,
新疆,石河子大学,旅游管理,491,7399,
新疆,石河子大学,护理学,490,7494,
江苏,常州大学,国际经济与贸易,534,3573,
江苏,常州大学,物流管理,521,4562,
广东,广东外语外贸大学,西班牙语,607,402,
广东,广东外语外贸大学,日语,579,1122,
广东,广东外语外贸大学,金融学类（金融学、金融工程、保险学）,578,1154,
广东,广东外语外贸大学,政治学类（国际政治、外交学、国际组织与全球治理）,578,1154,
广东,广东外语外贸大学,俄语,577,1190,
广东,广东外语外贸大学,应用心理学,574,1327,
广东,广东外语外贸大学,老挝语,572,1413,
广东,广东外语外贸大学,财政学类（财政学、税收学）,571,1455,
广东,广东外语外贸大学,法学,570,1511,
广东,广东外语外贸大学,工商管理类（工商管理、市场营销、人力资源管理）（商学院）,569,1545,
广东,广东外语外贸大学,中国语言文学类（汉语言文学、汉语言）,566,1672,
上海,上海海事大学,交通管理（国航）,570,1511,
上海,上海海事大学,经济学类（经济学（海运与物流经济）、国际经济与贸易、金融学（海运金融）、会计学、会计学（国际会计）、会计学（管理会计）、会计学（ACCA）、工商管理、旅游管理、财务管理）,563,1819,
上海,上海海事大学,外国语言文学类（英语、翻译、商务英语）,560,1973,
河北,河北师范大学,中国语言文学类（汉语言、汉语言文学（师范类））,551,2450,
河北,河北师范大学,历史学类（历史学（师范类）、考古学、外国语言与外国历史）,546,2751,
河北,河北师范大学,地理科学类（地理科学（师范类）、人文地理与城乡规划）,545,2812,
山东,曲阜师范大学,汉语言文学（师范类）,545,2812,
山东,曲阜师范大学,历史学（师范类）,538,3283,
山东,曲阜师范大学,思想政治教育（师范类）（日照校区就读）,536,3429,
山东,曲阜师范大学,教育学（师范类）,535,3482,
新疆,新疆大学,法学（西部基层法律人才教育培养基地，入学后择优选拔）,537,3355,
新疆,新疆大学,英语（招英语考生）（英语成绩不低于110分）,526,4142,
新疆,新疆大学,思想政治教育,525,4234,
新疆,新疆大学,汉语言文学,523,4406,
新疆,新疆大学,新闻传播学类（新闻学、广告学）,523,4406,
天津,天津工业大学,工商管理类（会计学、工商管理）,559,2022,
天津,天津工业大学,法学,552,2397,
天津,天津工业大学,日语,548,2613,
天津,天津工业大学,英语,547,2673,
江苏,南京财经大学,会计学,570,1511,
江苏,南京财经大学,税收学,566,1672,
江苏,南京财经大学,贸易经济,566,1672,
江苏,南京财经大学,法学,563,1819,
江苏,南京财经大学,市场营销,562,1873,
江苏,南京财经大学,人力资源管理,562,1873,
宁夏,宁夏大学,汉语言文学（教师教育）（师范类）,561,1914,
宁夏,宁夏大学,行政管理,547,2673,
宁夏,宁夏大学,"日语（招英语,日语考生）",535,3482,
江苏,南通大学,汉语言文学（师范类）,553,2336,
江苏,南通大学,英语（师范类）（招英语考生）,552,2397,
四川,成都理工大学,经济学,548,2613,
四川,成都理工大学,公共事业管理,544,2882,
四川,成都理工大学,市场营销,541,3085,
湖北,长江大学,思想政治教育（师范类）,525,4234,
湖北,长江大学,中国语言文学类（汉语言文学（师范）、汉语言文学、历史学（师范类）,524,4325,
湖北,长江大学,教育学类（教育学（师范）、学前教育（师范）、应用心理学）（师范类）,516,4983,
湖北,长江大学,中西医临床医学,515,5080,
上海,上海对外经贸大学,经济学（国际投资方向）,585,936,
上海,上海对外经贸大学,工商管理类（工商管理（国际企业管理方向）、市场营销（国际营销方向）、人力资源管理、文化产业管理）,581,1057,
上海,上海对外经贸大学,行政管理,578,1154,
上海,上海对外经贸大学,法语（商务法语方向）（招英语考生）,578,1154,
北京,北方工业大学,经济与金融（专业教学背景为英语）,553,2336,
北京,北方工业大学,国际经济与贸易（专业教学背景为英语）,548,2613,
北京,北方工业大学,知识产权,546,2751,
北京,北方工业大学,"日语（招英语,日语考生）",546,2751,
北京,北方工业大学,汉语言文学,543,2966,
北京,北方工业大学,英语（招英语考生）,543,2966,
江西,江西理工大学,城乡规划,509,5628,
河北,石家庄铁道大学,英语（招英语考生）（英语成绩不低于110分）,533,3643,
河北,石家庄铁道大学,工商管理类（会计学、财务管理）,528,3991,
河北,石家庄铁道大学,汉语言文学,526,4142,
河北,石家庄铁道大学,法学,525,4234,
山西,中北大学,英语（招英语考生）,516,4983,
湖南,湖南科技大学,新闻学,538,3283,
湖南,湖南科技大学,法学,537,3355,
湖南,湖南科技大学,会计学,537,3355,
湖南,湖南科技大学,汉语国际教育,536,3429,
湖南,湖南科技大学,经济学,533,3643,
湖南,湖南科技大学,英语（师范）,532,3721,
湖南,湖南科技大学,教育学,532,3721,
湖南,湖南科技大学,电子商务,531,3794,
湖南,湖南科技大学,工商管理,530,3853,
湖南,湖南科技大学,地理科学,530,3853,
湖南,湖南科技大学,小学教育,528,3991,
湖南,湖南科技大学,市场营销,527,4062,
湖南,湖南科技大学,人力资源管理,-,-,
湖南,湖南科技大学,公共事业管理,-,-,
天津,天津财经大学,会计学,574,1327,
天津,天津财经大学,金融学类（金融学、金融学（国际金融）、金融工程、保险学、投资学、信用管理）,571,1455,
天津,天津财经大学,经济学,570,1511,
天津,天津财经大学,财务管理,570,1511,
天津,天津财经大学,财政学类（财政学、税收学）,570,1511,
天津,天津财经大学,工商管理类（工商管理、工商管理（大数据管理决策）、市场营销、人力资源管理）,570,1511,
天津,天津财经大学,法学,569,1545,
天津,天津财经大学,广播电视学（财经新闻）,568,1578,
天津,天津财经大学,日语,567,1624,
天津,天津财经大学,商务英语（招英语考生）,566,1672,
黑龙江,哈尔滨师范大学,汉语言文学（行知实验班）（师范类）,546,2751,
黑龙江,哈尔滨师范大学,历史学（行知实验班）（师范类）,529,3915,
黑龙江,哈尔滨师范大学,英语（师范类）（招英语考生）,526,4142,
黑龙江,哈尔滨师范大学,汉语言文学（师范类）,523,4406,
黑龙江,哈尔滨师范大学,思想政治教育（行知实验班）（师范类）,523,4406,
黑龙江,哈尔滨师范大学,历史学（师范类）,518,4807,
黑龙江,哈尔滨师范大学,思想政治教育（师范类）,517,4892,
黑龙江,哈尔滨师范大学,汉语国际教育（师范类）（招英语考生）,517,4892,
黑龙江,哈尔滨师范大学,教育学（师范类）,515,5080,
黑龙江,哈尔滨师范大学,俄语（师范类）,512,5327,
黑龙江,哈尔滨师范大学,翻译（招英语考生）,511,5424,
黑龙江,哈尔滨师范大学,商务英语（招英语考生）,511,5424,
黑龙江,哈尔滨师范大学,小学教育（师范类）,510,5521,
黑龙江,哈尔滨师范大学,阿拉伯语,509,5628,
黑龙江,哈尔滨师范大学,人力资源管理,508,5731,
黑龙江,哈尔滨师范大学,法学,507,5824,
黑龙江,哈尔滨师范大学,朝鲜语,507,5824,
黑龙江,哈尔滨师范大学,日语（师范类）,507,5824,
黑龙江,哈尔滨师范大学,秘书学,506,5911,
黑龙江,哈尔滨师范大学,经济学,505,6005,
黑龙江,哈尔滨师范大学,会计学,505,6005,
黑龙江,哈尔滨师范大学,俄语（非师范）,505,6005,
黑龙江,哈尔滨师范大学,学前教育（师范类）,505,6005,
黑龙江,哈尔滨师范大学,行政管理,495,6994,
黑龙江,哈尔滨师范大学,人力资源管理（国际班）（只招有专业志愿的考生，在读期间国外学习2年，费用自理。）,483,8311,
河南,河南工业大学,电子商务,510,5521,
江苏,南京审计大学,审计学,594,702,
江苏,南京审计大学,金融学,587,884,
江苏,南京审计大学,会计学,586,917,
江苏,南京审计大学,法学（法务金融）,584,969,
湖北,中南民族大学,中国语言文学类（汉语言文学、汉语国际教育）,552,2397,
湖北,中南民族大学,新闻传播学类（新闻学、广播电视学、广告学）,548,2613,
湖北,中南民族大学,社会学类（社会学、社会工作、民族学）,546,2751,
江苏,西交利物浦大学,数学类（中外合作办学）（英语成绩不低于100分，数学成绩不低于100分；全英文教学）,534,3573,
江苏,西交利物浦大学,外国语言文学类（中外合作办学）（培养应用经济学方向；英语成绩不低于100分；全英文教学）,527,4062,
江苏,西交利物浦大学,工商管理类（中外合作办学）（广告学、传播学）（按大类招生，其中，广告学专业培养公共关系与广告学方向，传播学专业培养媒体与传播、媒体艺术与设计、影视学三个方向；第一学年第一学期第十周前最后确认专业分流；英语成绩不低于100分；全英文教学）,519,4728,
江苏,西交利物浦大学,建筑类（中外合作办学）（英语、翻译）（招英语考生）（按大类招生，第一学年第一学期第十周前最后确认专业分流；英语成绩不低于110分；全英文教学）,518,4807,
湖南,南华大学,法学,524,4325,
湖南,南华大学,国际经济与贸易,513,5250,
广东,北京师范大学-香港浸会大学联合国际学院,新闻传播学类（中外合作办学）（广告学、传播学）（按大类招生，其中，广告学专业培养公共关系与广告学方向，传播学专业培养媒体与传播、媒体艺术与设计、影视学三个方向；第一学年第一学期第十周前最后确认专业分流；英语成绩不低于100分；全英文教学）,529,3915,
广东,北京师范大学-香港浸会大学联合国际学院,会计学（中外合作办学）（英语单科成绩不低于100分，全英文教学）,516,4983,
广东,北京师范大学-香港浸会大学联合国际学院,外国语言文学类（中外合作办学）（英语、翻译）（招英语考生）（按大类招生，第一学年第一学期第十周前最后确认专业分流；英语成绩不低于110分；全英文教学）,514,5167,
广东,北京师范大学-香港浸会大学联合国际学院,社会学（中外合作办学）（培养全球化与发展、社会工作与社会行政学两个方向，英语成绩不低于100分；全英文教学）,513,5250,
广东,北京师范大学-香港浸会大学联合国际学院,经济学（中外合作办学）（培养应用经济学方向，英语成绩不低于100分；全英文教学）,512,5327,
广东,北京师范大学-香港浸会大学联合国际学院,工商管理类（中外合作办学）（财务管理、人力资源管理，市场营销、工商管理、文化产业管理）（按大类招生，其中，工商管理专业培养创业与创新管理、电子商务与资讯系统管理两个方向，文化产业管理专业培养文化创意与管理方向，第一学年第一学期第十周前最后确认专业分流；英语成绩不低于100分；全英文教学）,509,5628,
黑龙江,哈尔滨理工大学,法学,496,6892,
黑龙江,哈尔滨理工大学,英语（招英语考生）,489,7606,
黑龙江,哈尔滨理工大学,朝鲜语,486,7970,
黑龙江,哈尔滨理工大学,日语,483,8311,
黑龙江,哈尔滨理工大学,俄语,483,8311,
四川,成都中医药大学,中医学学制5年,538,3283,
四川,成都中医药大学,护理学学制4年,534,3573,
重庆,重庆师范大学,汉语言文学（师范类）,566,1672,
北京,北京第二外国语学院,翻译（中英阿复语）（招英语考生）,577,1190,
北京,北京第二外国语学院,俄语（人文交流）,575,1267,
北京,北京第二外国语学院,汉语国际教育（英语复合）,575,1267,
北京,北京第二外国语学院,旅游管理（国际旅游投资与管理）,573,1373,
黑龙江,东北石油大学,汉语言文学,489,7606,
黑龙江,东北石油大学,工程管理,488,7722,
黑龙江,东北石油大学,英语（招英语考生）,487,7855,
黑龙江,东北石油大学,行政管理,484,8194,
黑龙江,东北石油大学,工商管理类（工商管理、市场营销、会计学、财务管理）（学费待定）,484,8194,
山东,青岛理工大学,会计学,556,2176,
山东,青岛理工大学,国际经济与贸易,551,2450,
山东,青岛理工大学,财务管理,551,2450,
山东,青岛理工大学,市场营销,550,2501,
湖南,中南林业科技大学,金融学类（金融学、保险学、国际经济与贸易）,520,4644,
辽宁,沈阳建筑大学,英语（仅招英语语种考生）,506.10,5824,
江苏,苏州科技大学,汉语言文学（师范类）,548,2613,
江苏,苏州科技大学,思想政治教育（师范类）,539,3205,
江苏,苏州科技大学,旅游管理,537,3355,
黑龙江,黑龙江中医药大学,中医学,535,3482,
黑龙江,黑龙江中医药大学,针灸推拿学,506,5911,
黑龙江,黑龙江中医药大学,中医康复学,500,6484,
黑龙江,黑龙江中医药大学,中西医临床医学,500,6484,
安徽,安徽财经大学,会计学,562,1873,
安徽,安徽财经大学,法学,548,2613,
安徽,安徽财经大学,金融学,548,2613,
安徽,安徽财经大学,财务管理,546,2751,
安徽,安徽财经大学,财政学类（财政学、税收学）,545,2812,
安徽,安徽财经大学,经济学类（经济学、国民经济管理、数字经济）,543,2966,
安徽,安徽财经大学,经济与贸易类（国际经济与贸易、贸易经济）,542,3027,
安徽,安徽财经大学,金融学类（金融工程、投资学、保险学、互联网金融）,542,3027,
安徽,安徽财经大学,日语,541,3085,
安徽,安徽财经大学,工商管理类（工商管理、市场营销、人力资源管理）,540,3140,
安徽,安徽财经大学,旅游管理,539,3205,
安徽,安徽财经大学,公共管理类（行政管理、劳动与社会保障、土地资源管理）,539,3205,
北京,北京印刷学院,新闻传播学类（新闻学、广告学、编辑出版学、数字出版、传播学（国际出版））,538,3283,
北京,北京印刷学院,工商管理类（市场营销、财务管理、文化产业管理）,534,3573,
海南,海南师范大学,汉语言文学,525,4234,
海南,海南师范大学,思想政治教育,524,4325,
海南,海南师范大学,小学教育（中文与社会方向）,523,4406,
海南,海南师范大学,英语,522,4481,
海南,海南师范大学,小学教育（英语教育方向）,519,4728,
四川,成都信息工程大学,电子商务,539,3205,
北京,北京体育大学,新闻学,579,1122,
北京,北京体育大学,网络与新媒体,570,1511,
北京,北京体育大学,英语,567,1624,
北京,北京体育大学,公共事业管理,566,1672,
北京,北京体育大学,体育经济与管理,566,1672,
北京,北京体育大学,汉语国际教育,566,1672,
北京,北京体育大学,旅游管理,565,1717,
陕西,西北政法大学,法学（民商法）,588,865,
陕西,西北政法大学,法学（经济法）,585,936,
陕西,西北政法大学,法学（国际法）,584,969,
陕西,西北政法大学,国际政治,584,969,
陕西,西北政法大学,法学（刑事法）,583,1003,
陕西,西北政法大学,法学（行政法）,583,1003,
陕西,西北政法大学,法学（反恐怖主义法）,582,1027,
陕西,西北政法大学,经济学,580,1093,
陕西,西北政法大学,金融学,580,1093,
陕西,西北政法大学,审计学,579,1122,
陕西,西北政法大学,社会学,579,1122,
陕西,西北政法大学,国际经济与贸易,578,1154,
河北,华北理工大学,金融学,523,4406,
河北,华北理工大学,英语（招英语考生）（英语成绩不低于110分）,522,4481,
天津,中国民航大学,法学（航空法）,560,1973,
天津,中国民航大学,英语（民航外语）（招英语考生）,558,2085,
天津,中国民航大学,公共事业管理,554,2276,
四川,西南民族大学,法学,551.12,2397,
四川,西南民族大学,经济学,548.12,2556,
四川,西南民族大学,金融学类,546.11,2673,
四川,西南民族大学,汉语国际教育,509.12,5521,
四川,西南民族大学,公共管理类,497.12,6686,
四川,西南民族大学,朝鲜语,496.12,6797,
四川,西南民族大学,民族学,495.11,6892,
湖南,湖南工业大学,法学,539,3205,
湖南,湖南工业大学,财务管理,531,3794,
湖南,湖南工业大学,会计学,530,3853,
湖南,湖南工业大学,新闻传播学类（广告学、新闻学）,530,3853,
湖南,湖南工业大学,金融工程,528,3991,
湖南,湖南工业大学,汉语言文学,527,4062,
辽宁,辽宁工程技术大学,英语（招英语考生）,497,6797,
辽宁,辽宁工程技术大学,会计学（葫芦岛校区就读）,497,6797,
辽宁,辽宁工程技术大学,广播电视学,493,7204,
上海,上海政法学院,法学（卓越法律人才培养试点班）（外语成绩须达到105分（含）以上）,583,1003,
上海,上海政法学院,法学（涉外卓越律师人才培养试点班）（外语单科成绩须达到105分（含）以上）,578,1154,
上海,上海政法学院,法学（刑事司法方向）,573,1373,
上海,上海政法学院,法学（国际经济法方向）,573,1373,
上海,上海政法学院,汉语言文学（文化创意产业方向）,572,1413,
上海,上海政法学院,社会工作（卓越社会管理人才培养试点班）,571,1455,
上海,上海政法学院,"俄语（招英语,俄语考生）",571,1455,
上海,上海政法学院,广播电视学（卓越新闻传播人才培养试点班）,570,1511,
江西,江西中医药大学,中医学,513,5250,
江西,江西中医药大学,针灸推拿学,504,6094,
浙江,温州肯恩大学,会计学（中外合作办学）（国际会计方向）,501,6397,
浙江,温州肯恩大学,金融学（中外合作办学）（国际金融方向）,500,6484,
浙江,温州肯恩大学,市场营销（中外合作办学）（国际方向）,497,6797,
浙江,温州肯恩大学,传播学（中外合作办学）,495,6994,
浙江,温州肯恩大学,建筑学（中外合作办学）,488,7722,
辽宁,大连外国语大学,日语（招英语考生）,554,2276,
辽宁,大连外国语大学,德语（招英语考生）,553,2336,
辽宁,大连外国语大学,阿拉伯语（招英语考生）,552,2397,
辽宁,大连外国语大学,财务管理（部分专业课程用英语授课，非英语语种考生慎重报考）,552,2397,
辽宁,大连外国语大学,新闻学（部分专业课程用英语授课，非英语语种考生慎重报考）,548,2613,
辽宁,大连外国语大学,国际事务与国际关系（部分专业课程用英语授课，非英语语种考生慎重报考）,547,2673,
辽宁,大连外国语大学,汉语国际教育（部分专业课程用英语授课，非英语语种考生慎重报考）,542,3027,
辽宁,大连外国语大学,俄语（招英语考生）,541,3085,
辽宁,大连外国语大学,汉语言文学（部分专业课程用英语授课，非英语语种考生慎重报考）,540,3140,
辽宁,大连外国语大学,朝鲜语（招英语考生）（招收非朝鲜族考生）,540,3140,
四川,西华大学,审计学,540,3140,
山西,山西财经大学,会计学,559,2022,
山西,山西财经大学,财政学,559,2022,
山西,山西财经大学,国际经济与贸易,558,2085,
山西,山西财经大学,金融学,558,2085,
山西,山西财经大学,审计学,558,2085,
山西,山西财经大学,保险学,557,2129,
山西,山西财经大学,法学,551,2450,
江西,江西科技师范大学,英语（师范实验班）（招英语考生）（英语成绩须在按百分制折算80分（含）以上）,507,5824,
江西,江西科技师范大学,汉语言文学（师范实验班）,505,6005,
吉林,长春中医药大学,中医儿科学,508,5731,
吉林,长春中医药大学,中医康复学,501,6397,
吉林,长春中医药大学,针灸推拿学,499,6596,
北京,北京物资学院,会计学（注册会计师）,558,2085,
北京,北京物资学院,经济学（实验班）,555,2223,
北京,北京物资学院,会计学（管理会计）,551,2450,
北京,北京物资学院,国际经济与贸易,548,2613,
北京,北京物资学院,物流管理与工程类（物流管理、物流工程、采购管理、供应链管理）,547,2673,
天津,天津外国语大学,"日语（招英语,日语考生）",562,1873,
天津,天津外国语大学,新闻传播学类（新闻学、传播学）,561,1914,
天津,天津外国语大学,外国语言文学类（商务英语、英语、翻译）（招英语考生）,560,1973,
天津,天津外国语大学,法语（招英语考生）,559,2022,
天津,天津外国语大学,意大利语（招英语考生）,558,2085,
天津,天津外国语大学,"俄语（招英语,俄语考生）",557,2129,
天津,天津外国语大学,法学,556,2176,
天津,天津外国语大学,汉语言文学,553,2336,
天津,天津外国语大学,工商管理类（财务管理、人力资源管理、市场营销、会计学、国际商务）,553,2336,
重庆,四川外国语大学,中国语言文学类（汉语言文学、汉语国际教育）,567,1624,
重庆,四川外国语大学,英语（招英语考生）,565,1717,
重庆,四川外国语大学,翻译（招英语考生）,565,1717,
重庆,四川外国语大学,金融学,564,1770,
重庆,四川外国语大学,商务英语（招英语考生）,562,1873,
陕西,西安外国语大学,法语,575,1267,
陕西,西安外国语大学,德语,568,1578,
陕西,西安外国语大学,西班牙语,566,1672,
陕西,西安外国语大学,意大利语,562,1873,
陕西,西安外国语大学,葡萄牙语,562,1873,
陕西,西安外国语大学,翻译（招英语考生）,562,1873,
陕西,西安外国语大学,英语（招英语考生）,560,1973,
陕西,西安外国语大学,商务英语（招英语考生）,560,1973,
黑龙江,哈尔滨商业大学,会计学,544,2882,
黑龙江,哈尔滨商业大学,工商管理类（英才学院）,529,3915,
黑龙江,哈尔滨商业大学,金融学类（英才学院）,526,4142,
黑龙江,哈尔滨商业大学,工商管理类（会计学院）,518,4807,
黑龙江,哈尔滨商业大学,经济学类,510,5521,
黑龙江,哈尔滨商业大学,金融学类（金融学院）,503,6220,
黑龙江,哈尔滨商业大学,财政学类,503,6220,
黑龙江,哈尔滨商业大学,工商管理类（商务学院）,499,6596,
黑龙江,哈尔滨商业大学,经济与贸易类,499,6596,
天津,天津商业大学,法学,553,2336,
天津,天津商业大学,经济学类（经济学、财政学、金融学、信用管理、国际经济与贸易）,553,2336,
黑龙江,齐齐哈尔大学,英语（师范类）,503,6220,
黑龙江,齐齐哈尔大学,汉语言文学（师范类）,499,6596,
黑龙江,齐齐哈尔大学,思想政治教育（师范类）,497,6797,
黑龙江,齐齐哈尔大学,历史学（师范类）,497,6797,
黑龙江,齐齐哈尔大学,教育学（师范类）,494,7091,
黑龙江,齐齐哈尔大学,学前教育（师范类）,494,7091,
黑龙江,齐齐哈尔大学,财务管理,492,7301,
黑龙江,齐齐哈尔大学,市场营销,492,7301,
湖南,湖南工商大学,金融学类（金融学、保险学、投资学）,523,4406,
湖南,湖南工商大学,工商管理类（工商管理、市场营销、人力资源管理）,522,4481,
陕西,陕西中医药大学,中医学,532,3721,
陕西,陕西中医药大学,针灸推拿学,511,5424,
上海,上海立信会计金融学院,会计学,577,1190,
上海,上海立信会计金融学院,审计学,574,1327,
上海,上海立信会计金融学院,财务管理,572,1413,
上海,上海立信会计金融学院,金融学类（金融学、信用管理、投资学）,570,1511,
上海,上海立信会计金融学院,资产评估,568,1578,
上海,上海立信会计金融学院,经济学类（国际经济与贸易、经济学）,566,1672,
上海,上海立信会计金融学院,财政学类（税收学、财政学）,564,1770,
黑龙江,黑龙江科技大学,会计学,493,7204,
黑龙江,黑龙江科技大学,国际经济与贸易,490,7494,
浙江,浙江传媒学院,广播电视学,570,1511,
浙江,浙江传媒学院,新闻学,566,1672,
陕西,西安财经大学,会计学,555,2223,
陕西,西安财经大学,法学,531,3794,
陕西,西安财经大学,财政学,530,3853,
辽宁,大连民族大学,国际经济与贸易,520,4644,
辽宁,大连民族大学,日语（招英语考生）,514,5167,
辽宁,大连民族大学,日语（招英语考生）（只招少数民族考生）,491,7399,
辽宁,大连民族大学,国际经济与贸易（只招少数民族考生）,484,8194,
甘肃,甘肃政法大学,法学,517,4892,
甘肃,甘肃政法大学,法学（涉外法治方向）（英语成绩不低于英语满分的75%）,514,5167,
黑龙江,牡丹江师范学院,汉语言文学（师范类）,495,6994,
黑龙江,牡丹江师范学院,英语（师范类）（招英语考生）,495,6994,
山西,山西中医药大学,中医学（“5+3”一体化）（本科阶段执行该专业本科生学费标准，研究生阶段执行当年研究生学费标准）,548,2613,
山东,山东大学（威海）,工商管理类（会计学、供应链管理、工商管理（创新创业管理方向）、工商管理（数字营销方向）、工商管理（商务智能方向）、工商管理（旅游与大数据方向）、工商管理（组织与人力资本管理方向））,601,529,
山东,山东大学（威海）,经济学类（金融学、金融学（保险方向）、国际经济与贸易）,596,641,
山东,山东大学（威海）,中国语言文学类（汉语言文学、汉语国际教育）,594,702,
山东,山东大学（威海）,外国语言文学类（英语（语言文学方向）、英语（英德双语方向）、英语（英法双语方向）、英语（英西双语方向）、英语（英俄双语方向）、英语（英日双语方向）、朝鲜语（翻译方向）、朝鲜语（经贸方向）、翻译）（招英语考生）,594,702,
河北,东北大学秦皇岛分校,工商管理类（信息管理与信息系统、工商管理、会计学、行政管理、健康服务与管理、电子商务）,575,1267,
河北,东北大学秦皇岛分校,"外国语言文学类（英语、日语）（招英语,日语考生）",572,1413,
河北,华北电力大学保定校区,法学类（法学）,566,1672,
河北,华北电力大学保定校区,工商管理类（工商管理、会计学）,566,1672,
河北,华北电力大学保定校区,公共管理类（公共事业管理、社会工作）,564,1770,
河北,华北电力大学保定校区,外国语言文学类（英语、翻译）（招英语考生）,564,1770,
山东,哈尔滨工业大学（威海）,汉语言文学,587,884,
山东,哈尔滨工业大学（威海）,英语,584,969,
山东,哈尔滨工业大学（威海）,朝鲜语,583,1003,
北京,北京电影学院,文化产业管理,563,1819,
广东,深圳技术大学,商务英语,532,3721,
广东,深圳技术大学,国际商务,530,3853,
北京,中国社会科学院大学,英语（招英语考生）（同时可辅修国际事务与国际关系或国际经济与贸易等专业，合格者授子其他相关学位）,608,386,
北京,中国社会科学院大学,法学,604,462,
北京,中国社会科学院大学,政治学与行政学,602,503,
北京,中国社会科学院大学,思想政治教育,601,529,
北京,中国社会科学院大学,历史学,601,529,
北京,中国社会科学院大学,新闻传播学类（新闻学、广播电视学）,600,550,
辽宁,沈阳音乐学院,艺术史论（三好校区音乐学系）,493,7204,
新疆,中国石油大学（北京）克拉玛依校区,会计学,525,4234,
新疆,中国石油大学（北京）克拉玛依校区,经济学类,522,4481,
新疆,中国石油大学（北京）克拉玛依校区,英语,518,4807,
新疆,中国石油大学（北京）克拉玛依校区,俄语,513,5250,
江苏,中国人民大学（苏州校区）,金融学（中外合作办学）,608,386,
江苏,中国人民大学（苏州校区）,国民经济管理（中外合作办学）,605,444,
江苏,中国人民大学（苏州校区）,法语（中外合作办学）（招英语考生）,602,503,
北京,中国戏曲学院,戏剧影视文学（戏曲文学）,528,3991,
安徽,合肥工业大学宣城校区,广告学,556,2176,
安徽,合肥工业大学宣城校区,英语（招英语考生）,555,2223,
