﻿省份,学校名称,专业,最低录取分,最低录取名次,选课要求
北京,首都师范大学,英语（招英语考生）,571,1196,
北京,首都师范大学,日语（招英语考生）,570,1230,
北京,首都师范大学,俄语（招英语考生）,569,1268,
北京,清华大学,工科试验班类（经济与金融（国际班））,666,12,
北京,清华大学,法学类（法学、法学（国际班））,661,12,
北京,北京大学,工商管理类（金融学、金融学（金融经济学）、会计学、市场营销）,672,12,
北京,北京大学,文科试验班类（中国语言文学类、考古学、历史学类、哲学类、社会学类、法学、信息管理与信息系统、新闻传播学类、经济学类、工商管理类、公共管理类）（元培）,663,12,
北京,北京大学,法学,662,12,
北京,北京大学,中国语言文学类（汉语言文学、汉语言、古典文献学）,661,12,
北京,北京大学,社会学类（社会学、社会工作）,659,12,
北京,北京大学,经济学类（经济学、金融学、国际经济与贸易、保险学（风险管理与保险）、财政学、资源与环境经济学）,659,12,
北京,北京大学,国际政治（国政、外交学、国际政经）,659,12,
北京,北京大学,公共管理类（城市管理、行政管理）,658,13,
北京,北京大学,信息管理与信息系统,657,18,
北京,北京大学,新闻传播学类（新闻学、广播电视学、广告学、编辑出版学）,657,18,
北京,北京大学,历史学类（历史学（中国史）、世界史、外国语言与外国历史）,657,18,
北京,北京大学,哲学类（哲学、宗教学、哲学（科技哲学与逻辑学方向））,657,18,
北京,北京大学,城乡规划,656,20,
北京,北京大学,英语（招芙语考生）,655,24,
浙江,浙江大学,社会科学试验班（经济学、财政学、金融学、国际经济与贸易、教育学、会计学、工商管理、社会学、农林经济管理、信息资源管理、行政管理、劳动与社会保障、土地资源管理、法学）（其他专业方向或备注收集中）,643,56,
浙江,浙江大学,社会科学试验班（经济学、财政学、金融学、国际经济与贸易、教育学、会计学、工商管理、社会学、农林经济管理、信息资源管理、行政管理、劳动与社会保障、土地资源管理、法学）（其他专业方向或备注收集中）,635,96,
浙江,浙江大学,人文科学试验班（古典文献学、汉语言文学、哲学、历史学、文物与博物馆学、新闻学、传播学、英语、翻译、德语、法语、西班牙语、日语、俄语）,633,109,
上海,上海交通大学,经济管理试验班（金融学、经济学、工茼管理、会计学、人力资源管理、信息管理与信息系统）,645,47,
上海,复旦大学,经济学类,654,26,
上海,复旦大学,新闻传播学类,649,35,
上海,复旦大学,社会科学试验班,645,47,
上海,复旦大学,人文科学试验班,644,51,
江苏,南京大学,人文科学试验班（哲学、汉语国际教育、汉语言文学、新闻学、广播电视学、广告学、历史学、考古学、考古学（文物鉴定方向））,642,61,
江苏,南京大学,汉语言文学,638,82,
江苏,南京大学,经济管理试验班（经济学、金融学、金融工程、保险学、经济学（产业经济学方向）、工商管理、市场营销、会计学、财务管理、电子商务、工商管理（人力资源方向）、国际经济与贸易）,638,82,
江苏,南京大学,社会科学试验班（法学、编辑出版学、社会学、社会工作、应用心理学、行政管理、劳动与社会保障、图书馆学、档案学、政治学与行政学、国际政治、信息管理与信息系统）,638,82,
湖北,华中科技大学,法学,602,450,
湖北,武汉大学,法学（含国际法试验班）,632,117,
湖北,武汉大学,新闻传播学类（新闻学、广播电视学、广告学、传播学）,628,146,
湖北,武汉大学,工商管理类（工程管理、物流管理、工商管理、市场营销、会计学、财务管理、人力资源管理、管理科学）,628,146,
湖北,武汉大学,中国语言文学类（汉语言文学、汉语国际教育）,626,158,
湖北,武汉大学,社会科学试验班（图书馆学、档案学、信息管理与信息系统、电子商务、编辑出版学）,625,172,
湖北,武汉大学,外国语言文学类（英语、法语、德语、日语、西班牙语、俄语、翻译）,625,172,
陕西,西安交通大学,文科试验班类（社会学、法学、汉语言文学、网络与新媒体、哲学）,602,450,
陕西,西安交通大学,外国语言文学类（英语、法语、日语）,601,471,
四川,四川大学,历史学（基地班）,615,269,
四川,四川大学,经济学类（国际经济与贸易、经济学、国民经济管理、财政学）,609,337,
四川,四川大学,公共管理类（行政管理、劳动与社会保障、土地资源管理）,608,354,
四川,四川大学,俄语（招英语俄语考生）,604,408,
广东,中山大学,历史学类（历史学）,606,382,
广东,中山大学,外国语言文学类（英语、德语、法语、日语、阿拉伯语、西班牙语、朝鲜语、俄语）,603,421,
黑龙江,哈尔滨工业大学,建筑类（建筑学、城乡规划、风景园林）,592,646,
黑龙江,哈尔滨工业大学,法学,588,735,
黑龙江,哈尔滨工业大学,经济管理试验班（含AI联合培养班）,587,752,
黑龙江,哈尔滨工业大学,设计学类（环境设计、数字媒体艺术）,585,801,
黑龙江,哈尔滨工业大学,经济学,583,844,
黑龙江,哈尔滨工业大学,英语,581,901,
黑龙江,哈尔滨工业大学,社会学,581,901,
北京,北京航空航天大学,社会科学试验班（经济学、行政管理、英语、翻译、德语、法学）,607,364,
北京,北京师范大学,人文科学试验班（汉语言文学、历史学、哲学）,637,89,
北京,北京师范大学,汉语言文学,633,109,
北京,北京师范大学,历史学,630,133,
北京,北京师范大学,法学（卓越实验班）,630,133,
北京,北京师范大学,教育学类（教育学、教育技术学、学前教育、特殊教育）,630,133,
北京,北京师范大学,公共管理类（信息管理与信息系统（大数据治理方向）、人力资源管理、公共事业管理）,626,158,
北京,北京师范大学,社会学,625,172,
北京,北京师范大学,国际经济与贸易（瀚德1班）,625,172,
北京,北京师范大学,英语（招英语考生）,624,181,
北京,中国人民大学,法学（含法学-新闻学双学士学位项目、工商管理-法学双学士学位项目）,652,29,
北京,中国人民大学,金融学类（金融学、金融工程、信用管理、保险学）,650,30,
北京,中国人民大学,新闻传播学类（新闻学、广播电视学、广告学、传播学、国际新闻与传播）,649,35,
北京,中国人民大学,国际政治,645,47,
北京,中国人民大学,社会学类（社会学、社会工作、公共事业管理（公共政策与人口管理））,644,51,
北京,中国人民大学,经济学类（经济学、国际经济与贸易、能源经济、国民经济管理）,644,51,
北京,中国人民大学,工商管理类（工商管理、财务管理、会计学、市场营销、管理科学、贸易经济）,643,56,
北京,中国人民大学,社会科学试验班（行政管理、城市管理、土地资源管理、信息资源管理、档案学、农林经济管理、农村区域发展、资源与环境经济学、公共事业管理（环境与资源管理）,642,61,
天津,南开大学,历史学类（历史学、世界史、文物与博物馆学）,625,172,
天津,南开大学,金融学类（金融学、保险学、金融工程、投资学、精算学）,625,172,
天津,南开大学,工商管理类（工商管理、人力资源管理、财务管理、会计学、会计学（国际会计）、市场营销、信息管理与信息系统、工业工程、物流管理、图书馆学、档案学、旅游管理、会展经济与管理）,622,201,
天津,南开大学,中国语言文学类（汉语言文学、编辑出版学、广播电视学、网络与新媒体、汉语国际教育）,620,216,
天津,南开大学,公共管理类（政治学与行政学、行政管理、国际政治、社会学、社会工作、应用心理学、城市管理）,619,222,
天津,天津大学,人文科学试验班（建筑学、城乡规划、金融学、财务管理、工商管理、汉语言文学、英语、法学、教育学、马克思主义理论）,605,393,
山东,山东大学,法学类（法学）,608,354,
山东,山东大学,中国语言文学类（汉语言文学、汉语国际教育）,606,382,
山东,山东大学,新闻传播学类（新闻学）,602,450,
山东,山东大学,工商管理类（工商管理、会计学）,600,485,
山东,山东大学,社会学类（社会学、社会工作、人类学）,599,504,
山东,山东大学,外国语言文学类（英语、俄语（俄英双语）、德语、法语、西班牙语、日语、朝鲜语（朝英双语）、翻译）,599,504,
湖南,中南大学,法学类（社会学、法学）,604,408,
湖南,中南大学,金融学类（国际经济与贸易、金融学、工商管理、会计学、行政管理）,596,565,
湖南,中南大学,中国语言文学类（汉语言文学、数字出版）,594,599,
湖南,中南大学,外国语言文学类（英语、法语、日语、西班牙语）,593,621,
陕西,西北工业大学,外国语言文学类（英语、德语）,578,984,
福建,厦门大学,会计学（含会计、财务、审计）,629,138,
福建,厦门大学,经济学类（金融学、金融工程、保险学、财政学、税收学、国际经济与贸易、国际商务、经济学、经济统计学）,626,158,
福建,厦门大学,新闻传播学类（新闻学、广播电视学、广告学、传播学）,624,181,
福建,厦门大学,工商管理类（人力资源管理、工商管理、市场营销、旅游管理、酒店管理）,623,189,
福建,厦门大学,人文科学试验班（汉语言文学、戏剧影视文学、汉语言、历史学（含世界史方向）、考古学、哲学）,622,201,
福建,厦门大学,公共管理类（政治学与行政学、行政管理）,621,207,
福建,厦门大学,外国语言文学类（英语、日语、法语、俄语、德语、西班牙语）,620,216,
福建,厦门大学,英语（马来西亚分校）（厦门大学马来西亚分校招生专业）,571,1196,
福建,厦门大学,广告学（马来西亚分校）（厦门大学马来西亚分校招生专业）,562,1515,
吉林,吉林大学,法学,609,337,
吉林,吉林大学,哲学,601,471,
吉林,吉林大学,人文科学试验班（汉语言文学、历史学）,600,485,
吉林,吉林大学,经济学类（经济学、财政学、国际经济与贸易、金融学）,595,580,
吉林,吉林大学,政治学与行政学（按类招生.含政治学与行政学、国际政治、行政管理）,593,621,
吉林,吉林大学,历史学,592,646,
吉林,吉林大学,外交学（建议英语语种考生报考）,592,646,
吉林,吉林大学,考古学（按类招生.含考古学、文物与博物馆学）,592,646,
吉林,吉林大学,思想政治教育,590,691,
吉林,吉林大学,新闻传播学类（新闻学、广告学）,588,735,
吉林,吉林大学,农林经济管理,586,780,
吉林,吉林大学,英语（招英语考生）,583,844,
吉林,吉林大学,日语（招英语考生）,582,865,
吉林,吉林大学,西班牙语（招英语考生）,580,925,
吉林,吉林大学,俄语（招英语考生）,579,954,
吉林,吉林大学,朝鲜语（招英语考生）,579,954,
吉林,吉林大学,广播电视编导（授予艺术学学士学位）（艺术类专业）,564,1426,
上海,华东师范大学,汉语言文学,630,133,
上海,华东师范大学,汉语国际教育,626,158,
上海,华东师范大学,法学（与心理学双学位）,620,216,
上海,华东师范大学,人文地理与城乡规划,619,222,
上海,华东师范大学,历史学,619,222,
上海,华东师范大学,英语（招英语考生）,618,228,
上海,华东师范大学,社会学类（社会学、社会工作）,617,243,
上海,华东师范大学,金融学类（金融学、经济学）,617,243,
上海,华东师范大学,法学,616,257,
上海,华东师范大学,日语（招英语考生）,616,257,
上海,华东师范大学,俄语（招英语考生）,616,257,
上海,华东师范大学,工商管理类（工商管理、会计学、旅游管理）,616,257,
上海,华东师范大学,教育学类（学前教育、艺术教育、特殊教育、教育康复学、公共事业管理）（师范类）,616,257,
上海,华东师范大学,公共管理类（人力资源管理、行政管理）,615,269,
四川,电子科技大学,社会科学试验班（行政管理、法学、城市管理）,579,954,
四川,电子科技大学,外国语言文学类（英语、日语、法语、翻译）,576,1044,
辽宁,大连理工大学,英语（招英语考生）,577,1009,
辽宁,大连理工大学,日语（招英语考生）,572,1160,
辽宁,大连理工大学,新闻传播学类（公共事业管理、汉语言文学、广播电视学、哲学、马克思主义理论）,572,1160,
辽宁,大连理工大学,俄语（招英语考生）,571,1196,
湖南,湖南大学,金融学（可分流至:金融学、金融学（金融工程））,604,408,
湖南,湖南大学,经济学类（经济学、财政学）,601,471,
湖南,湖南大学,法学,599,504,
湖南,湖南大学,行政管理,599,504,
湖南,湖南大学,日语,598,522,
湖南,湖南大学,汉语言文学,597,544,
湖南,湖南大学,新闻传播学类（新闻学、广告学）,596,565,
湖南,湖南大学,英语（招英语考生）,596,565,
湖南,湖南大学,历史学,595,580,
上海,上海财经大学,金融学,637,89,
上海,上海财经大学,会计学,633,109,
上海,上海财经大学,工商管理类（人力资源管理、市场营销、工商管理（商务分析）、工商管理（战略与创新创业））,629,138,
重庆,重庆大学,人文科学试验班（法学、新闻学、广播电视学、知识产权）,599,504,
重庆,重庆大学,外国语言文学类（英语、德语、日语）,594,599,
北京,北京科技大学,社会科学试验班（法学、行政管理、社会工作（社会管理））,575,1066,
北京,北京科技大学,工商管理类（工商管理、会计学、国际经济与贸易、金融工程）,574,1105,
北京,北京科技大学,外国语言文学类（英语、日语、德语）,573,1137,
甘肃,兰州大学,历史学类（历史学（基地班）、历史学、世界史、文物与博物馆学）,578,984,
甘肃,兰州大学,英语（招英语考生）,575,1066,
甘肃,兰州大学,知识产权,574,1105,
甘肃,兰州大学,汉语言文学,574,1105,
甘肃,兰州大学,新闻传播学类（新闻学、广播电视学）,574,1105,
甘肃,兰州大学,政治学类（政治学与行政学、国际政治）,574,1105,
辽宁,东北大学,公共管理类（法学、公共事业管理、行政管理、土地资源管理、新闻学）,573,1137,
辽宁,东北大学,外国语言文学类（英语、日语、俄语、德语）,572,1160,
北京,北京交通大学,法学,587,752,
北京,北京交通大学,新闻传播学类（传播学、网络与新媒体）,584,822,
北京,北京交通大学,外国语言文学类（英语、西班牙语、葡萄牙语）,582,865,
北京,北京交通大学,经济管理试验班（经济学、金融学、劳动与社会保障、会计学、财务管理、工商管理、市场营销、旅游管理、工程管理、物流管理、信息管理与信息系统、保密管理）,581,901,
湖北,华中农业大学,经济学类（经济学、国际经济与贸易、经济统计学、农林经济管理（国家卓越农林人才计划）、农村区域发展）,562,1515,
湖北,华中农业大学,广告学,561,1562,
湖北,华中农业大学,风景园林,561,1562,
湖北,华中农业大学,社会学类（社会学、社会工作）,561,1562,
湖北,华中农业大学,工商管理类（市场营销、人力资源管理、会计学、财务管理、工商管理）,561,1562,
湖北,华中农业大学,外国语言文学类（英语、商务英语）,558,1687,
江苏,苏州大学,法学,592,646,
江苏,苏州大学,新闻传播学类（新闻学、广告学、网络与新媒体）,590,691,
江苏,苏州大学,行政管理,589,709,
江苏,苏州大学,中国语言文学类（汉语言文学（师范）、汉语言文学（基地）、汉语国际教育）,588,735,
江苏,苏州大学,英语（师范类）,587,752,
江苏,苏州大学,社会学,586,780,
江苏,苏州大学,历史学（师范类）,586,780,
江苏,苏州大学,俄语（招英语考生）,585,801,
吉林,东北师范大学,汉语言文学（师范类）,591,666,
吉林,东北师范大学,历史学（师范类）,591,666,
吉林,东北师范大学,政治学类（政治学与行政学、国际政治、行政管理）,578,984,
吉林,东北师范大学,教育学类（教育学、学前教育、小学教育）（师范类）,577,1009,
吉林,东北师范大学,马克思主义理论类（思想政治教育、社会学、哲学）,576,1044,
吉林,东北师范大学,法学,575,1066,
吉林,东北师范大学,俄语（师范类）,575,1066,
吉林,东北师范大学,经济学类（经济学、金融学、市场营销、会计学、人力资源管理）,575,1066,
吉林,东北师范大学,广播电视编导（授予艺术学学士学位）（艺术类专业）,547,2134,
北京,中央财经大学,金融学类（金融学）,636,94,
北京,中央财经大学,财政学类（财政学、税收学）,625,172,
北京,中央财经大学,经济学类（经济学、国民经济管理）,624,181,
北京,中央财经大学,工商管理类（会计学）,622,201,
北京,中央财经大学,法学（卓越法治人才教育培养计划）,612,301,
北京,中央财经大学,公共管理类（行政管理、公共事业管理、国际政治）,609,337,
北京,中央财经大学,汉语言文学,608,354,
北京,中央财经大学,社会学类（社会学、社会工作）,606,382,
上海,上海大学,社会学类（哲学、法学、知识产权、社会学、社会工作、汉语言文学、汉语国际教育、新闻学、广播电视学、广告学、网络与新媒体、会展）,593,621,
上海,上海大学,日语（外语成绩不低于110分）,589,709,
北京,中国政法大学,法学（法学人才培养模式改革实验班）,638,82,
北京,中国政法大学,法学,626,158,
北京,中国政法大学,思想政治教育,623,189,
北京,中国政法大学,翻译（法律翻译实验班）,623,189,
北京,中国政法大学,网络与新媒体,622,201,
北京,中国政法大学,行政管理,621,207,
北京,中国政法大学,政治学与行政学,620,216,
北京,中国政法大学,汉语言文学,618,228,
北京,中国政法大学,哲学（拔尖创新人才培养实验班）,616,257,
北京,中国政法大学,国际政治,615,269,
北京,中国政法大学,国际商务,612,301,
广东,暨南大学,法学,586,780,
广东,暨南大学,汉语言文学,585,801,
广东,暨南大学,国际政治,582,865,
广东,暨南大学,汉语言,576,1044,
广东,暨南大学,文化产业管理,573,1137,
广东,暨南大学,翻译,571,1196,
广东,暨南大学,旅游管理,571,1196,
广东,暨南大学,商务英语,570,1230,
广东,暨南大学,市场营销,570,1230,
北京,对外经济贸易大学,金融学类（金融学（国际金融与市场）、经济与金融）,628,146,
北京,对外经济贸易大学,经济学类（国际经济与贸易、财政学、税收学）,618,228,
北京,对外经济贸易大学,工商管理类（会计学、财务管理、人力资源管理、市场营销、工商管理）,617,243,
北京,对外经济贸易大学,投资学,611,318,
北京,对外经济贸易大学,法学类（法学）,610,331,
北京,对外经济贸易大学,公共管理类（海关管理、行政管理、公共事业管理、文化产业管理）,610,331,
北京,中国石油大学（北京）,英语（招英语考生）,568,1301,
北京,中国石油大学（北京）,工商管理类（会计学、财务管理、市场营销）,567,1331,
北京,中国石油大学（北京）,思想政治教育,564,1426,
江苏,南京农业大学,公共管理类（土地资源管理、人力资源管理、劳动与社会保障、行政管理）,569,1268,
江苏,南京农业大学,风景园林,565,1393,
江苏,南京农业大学,工商管理类（工商管理、市场营销、电子商务）,563,1467,
湖北,华中师范大学,马克思主义理论类（思想政治教育、马克思主义理论、哲学）,603,421,
河南,郑州大学,法学类,581,901,
河南,郑州大学,工商管理类,573,1137,
河南,郑州大学,中国语言文学类,571,1196,
河南,郑州大学,公共管理类,568,1301,
河南,郑州大学,外国语言文学类,567,1331,
河南,郑州大学,旅游管理类,566,1364,
河南,郑州大学,教育学类,566,1364,
四川,西南交通大学,汉语言文学,576,1044,
四川,西南交通大学,法学（成都九里校区）,576,1044,
四川,西南交通大学,新闻传播学类（传播学、广告学）,574,1105,
四川,西南交通大学,公共事业管理（成都九里校区）,573,1137,
四川,西南交通大学,政治学与行政学（成都九里校区）,572,1160,
四川,西南交通大学,思想政治教育,570,1230,
四川,西南交通大学,汉语国际教育,569,1268,
四川,西南交通大学,外国语言文学类（英语、翻译、日语、德语、法语、商务英语）,569,1268,
黑龙江,哈尔滨工程大学,思想政治教育,558,1687,
黑龙江,哈尔滨工程大学,法学,557,1722,
黑龙江,哈尔滨工程大学,英语（招英语考生）,554,1830,
黑龙江,哈尔滨工程大学,社会学,553,1866,
江苏,中国矿业大学,中国语言文学类（江苏）（汉语言文学）,556,1764,
江苏,中国矿业大学,法学类（江苏）（法学）,556,1764,
江苏,中国矿业大学,外国语言文学类（江苏）（英语、德语）,554,1830,
江苏,中国矿业大学,公共管理类（江苏）（行政管理）,554,1830,
湖北,武汉理工大学,思想政治教育,567,1331,
湖北,武汉理工大学,外国语言文学类（英语、法语、日语）,567,1331,
湖北,武汉理工大学,法学类（法学、社会工作）,566,1364,
湖北,武汉理工大学,新闻传播学类（广告学、网络与新媒体、汉语国际教育）,565,1393,
湖北,武汉理工大学,工商管理类（市场营销、财务管理、人力资源管理、工商管理、会计学）,563,1467,
山东,中国海洋大学,新闻传播学类（新闻学、网络与新媒体）,587,752,
山东,中国海洋大学,工商管理,584,822,
山东,中国海洋大学,英语,583,844,
山东,中国海洋大学,日语,578,984,
山东,中国海洋大学,朝鲜语,577,1009,
黑龙江,哈尔滨医科大学,法学,497,5494,
黑龙江,哈尔滨医科大学,公共事业管理,474,7769,
黑龙江,哈尔滨医科大学,护理学（一二年级在大庆校区三四年级在校本部）,472,8007,
湖北,中国地质大学（武汉）,工商管理类（工商管理（双语教学班）、市场营销、会计学、旅游管理）,561,1562,
湖北,中国地质大学（武汉）,公共管理类（公共事业管理、行政管理）,560,1613,
湖北,中国地质大学（武汉）,英语,559,1648,
江苏,江南大学,法学,566,1364,
江苏,江南大学,汉语言文学（师范类）,566,1364,
江苏,江南大学,会计学,564,1426,
江苏,江南大学,社会工作,561,1562,
江苏,江南大学,日语（招英语考生）,561,1562,
江苏,河海大学,会计学,584,822,
江苏,河海大学,财务管理,577,1009,
江苏,河海大学,英语（招英语考生）,576,1044,
江苏,南京师范大学,英语（招英语考生）,586,780,
江苏,南京师范大学,经济学,581,901,
江苏,南京师范大学,哲学,579,954,
江苏,南京师范大学,工商管理类（工商管理、人力资源管理）,579,954,
北京,北京邮电大学,工商管理类（工商管理（智能化与创新管理）、公共事业管理（智慧城市与计算社会科学））,587,752,
北京,北京邮电大学,网络与新媒体,586,780,
北京,北京邮电大学,法学,583,844,
北京,北京邮电大学,英语（招英语考生）,582,865,
北京,北京化工大学,法学（卓越实验班）,576,1044,
北京,北京化工大学,英语（招英语考生）,564,1426,
北京,北京化工大学,工商管理类（财务管理、会计学、工商管理、国际经济与贸易、公共事业管理、行政管理、法学）,562,1515,
山东,中国石油大学（华东）,经济学,562,1515,
山东,中国石油大学（华东）,俄语,554,1830,
湖北,中南财经政法大学,经济学类,597,544,
湖北,中南财经政法大学,工商管理类（财务会计）,590,691,
湖北,中南财经政法大学,财政学类,588,735,
湖北,中南财经政法大学,法学类,586,780,
湖北,中南财经政法大学,汉语言文学,586,780,
湖北,中南财经政法大学,金融学类,585,801,
湖北,中南财经政法大学,新闻传播学类,584,822,
湖北,中南财经政法大学,俄语,583,844,
陕西,西北大学,金融学,562,1515,
陕西,西北大学,外国语言文学类（英语、日语、俄语）,562,1515,
陕西,西北大学,新闻传播学类（新闻学、广告学、网络与新媒体）,561,1562,
陕西,西北大学,国际经济与贸易,560,1613,
陕西,西北大学,图书情报与档案管理类（图书馆学、档案学）,560,1613,
广东,深圳大学,新闻学,572,1160,
广东,深圳大学,汉语言文学,572,1160,
广东,深圳大学,广告学,571,1196,
广东,深圳大学,会计学,571,1196,
广东,深圳大学,历史学,571,1196,
广东,深圳大学,工商管理,568,1301,
广东,深圳大学,法学,568,1301,
广东,深圳大学,国际经济与贸易,567,1331,
广东,深圳大学,行政管理,566,1364,
广东,深圳大学,日语（招英语日语考生）,564,1426,
重庆,西南大学,俄语,528,3192,
北京,中国地质大学（北京）,英语（招英语考生）,567,1331,
陕西,陕西师范大学,公共管理类（法学、社会学、政治学与行政学、行政管理）,567,1331,
陕西,陕西师范大学,外国语言文学类（俄语、法语、日语）（非英语）,566,1364,
福建,福州大学,法学,569,1268,
福建,福州大学,国际经济与贸易,568,1301,
四川,西南财经大学,法学（法学与会计学双学位）,614,282,
四川,西南财经大学,金融学（经管国际化创新实验班）,614,282,
四川,西南财经大学,金融学类（金融学、金融工程、信用管理、金融学（证券与期货方向）、投资学）,606,382,
四川,西南财经大学,法学（法学与金融学双学位）,601,471,
四川,西南财经大学,金融学（双语实验班）,600,485,
四川,西南财经大学,会计学（双语实验班）,598,522,
四川,西南财经大学,财政学类（财政学、税收学）,597,544,
四川,西南财经大学,金融学类（保险学、保险学（财务与会计双语实验班）、保险学（精算双语实验班））,594,599,
四川,西南财经大学,工商管理类（会计学、财务管理、审计学）,594,599,
四川,西南财经大学,经济与贸易类（国际商务（双语实验班）、国际经济与贸易（双语实验班））,592,646,
四川,西南财经大学,公共管理类（人力资源管理、行政管理、劳动与社会保障）,592,646,
四川,西南财经大学,工商管理（双语实验班）,590,691,
四川,西南财经大学,外国语言文学类（英语、商务英语）,590,691,
四川,西南财经大学,法学（法学与国商双学位）,590,691,
江苏,江苏大学,财务管理,548,2091,
江苏,江苏大学,保险学,544,2263,
江苏,江苏大学,国际经济与贸易,542,2368,
江苏,江苏大学,英语（招英语考生）,541,2436,
陕西,西北农林科技大学,法学,569,1268,
陕西,西北农林科技大学,公共管理类,568,1301,
陕西,西北农林科技大学,俄语,565,1393,
江西,南昌大学,中国语言文学类（汉语言文学、汉语国际教育）,571,1196,
江西,南昌大学,英语（招英语考生）,564,1426,
江西,南昌大学,会计学,563,1467,
江西,南昌大学,应用心理学,562,1515,
江西,南昌大学,日语（招英语考生）,560,1613,
江西,南昌大学,旅游管理类（旅游管理、会展经济与管理）,559,1648,
江西,南昌大学,俄语（招英语考生）,556,1764,
广东,南方医科大学,中医学（名老中医传承班）,562,1515,
广东,南方医科大学,中医学（不招色盲、色弱考生）,550,2011,
广东,南方医科大学,康复治疗学（不招色盲、色弱考生）,537,2649,
广东,南方医科大学,助产学（不招色盲、色弱考生）,534,2820,
广东,南方医科大学,护理学（不招色盲、色弱考生）,531,3007,
北京,华北电力大学,工商管理类（北京）（会计学、财务管理、工商管理、人力资源管理、市场营销）,582,865,
北京,华北电力大学,法学类（北京）（法学）,576,1044,
北京,华北电力大学,公共管理类（北京）（公共事业管理、行政管理、汉语言文学、广告学）,573,1137,
北京,华北电力大学,外国语言文学类（北京）（英语、翻译）,571,1196,
广东,华南师范大学,汉语言文学（师范类）,588,735,
广东,华南师范大学,新闻学,584,822,
广东,华南师范大学,传播学,581,901,
广东,华南师范大学,行政管理,578,984,
广东,华南师范大学,社会工作,577,1009,
江苏,扬州大学,汉语言文学（师范类）,559,1648,
江苏,扬州大学,法学,553,1866,
江苏,扬州大学,汉语国际教育,552,1908,
江苏,扬州大学,历史学（师范类）,552,1908,
江苏,扬州大学,工商管理,550,2011,
江苏,扬州大学,思想政治教育（师范类）,550,2011,
江苏,扬州大学,广播电视学,549,2058,
江苏,扬州大学,日语,548,2091,
江苏,扬州大学,旅游管理类（旅游管理、酒店管理）,548,2091,
北京,北京外国语大学,日语,606,382,
北京,北京外国语大学,英语,603,421,
北京,北京外国语大学,俄语,601,471,
北京,北京林业大学,国际经济与贸易,567,1331,
北京,北京林业大学,工商管理类（会计学、工商管理、市场营销、人力资源管理、物业管理）,566,1364,
北京,北京林业大学,日语（招英语考生）,564,1426,
云南,云南大学,汉语言文学,568,1269,
云南,云南大学,法学,567,1302,
云南,云南大学,历史学（国家历史学基地班）,566,1332,
云南,云南大学,经济学类,565,1365,
云南,云南大学,公共事业管理,564,1394,
云南,云南大学,英语,564,1394,
云南,云南大学,工商管理类,563,1427,
云南,云南大学,新闻学,563,1427,
云南,云南大学,社会工作,563,1427,
云南,云南大学,广播电视学,562,1468,
云南,云南大学,档案学,561,1516,
云南,云南大学,日语,561,1516,
辽宁,东北财经大学,会计学（国际会计方向）,597,544,
辽宁,东北财经大学,会计学（注册会计师方向和创新人才培养实验班）,584,822,
辽宁,东北财经大学,金融学类（金融学、金融工程、投资学、保险学）,581,901,
辽宁,东北财经大学,工商管理类（会计学、财务管理、资产评估）,579,954,
辽宁,东北财经大学,工商管理类（工商管理、市场营销、人力资源管理）,576,1044,
辽宁,东北财经大学,公共管理类（公共事业管理、行政管理、劳动与社会保障）,575,1066,
辽宁,东北财经大学,日语,574,1105,
辽宁,东北财经大学,新闻传播学类（新闻学、广告学）,574,1105,
辽宁,东北财经大学,金融学（中外合作办学）（中外合作办学）,547,2134,
辽宁,东北财经大学,会计学（中外合作办学）（其他专业方向或备注收集中）（中外合作办学）,544,2263,
辽宁,东北财经大学,会计学（中外合作办学）（其他专业方向或备注收集中）（中外合作办学）,543,2312,
辽宁,东北财经大学,财务管理（中外合作办学）（中外合作办学）,535,2762,
辽宁,东北财经大学,工商管理（中外合作办学）（中外合作办学）,525,3398,
浙江,宁波大学,经济学类（经济学、国际经济与贸易、金融学、金融工程）,560,1613,
浙江,宁波大学,法学类（法学、法学（英语特色班））,559,1648,
浙江,宁波大学,物流管理（办学地点为梅山校区）,525,3398,
浙江,宁波大学,日语（外语成绩不低于115分）,517,3928,
北京,北京中医药大学,中医学,630,133,
北京,北京中医药大学,针灸推拿学,579,954,
北京,北京中医药大学,法学（医药卫生）,579,954,
北京,北京中医药大学,英语（中医药国际传播）,570,1230,
北京,北京中医药大学,英语（医学）,568,1301,
福建,福建师范大学,汉语言文学（含国家人才培养基地）（师范类）,560,1613,
福建,福建师范大学,英语（师范类）,559,1648,
福建,福建师范大学,经济学（含国家人才培养基地）,552,1908,
福建,福建师范大学,金融学类（金融学、金融工程）,549,2058,
福建,福建师范大学,国际经济与贸易,548,2091,
福建,福建师范大学,新闻传播学类（广播电视学、广告学）,548,2091,
湖南,湖南师范大学,汉语言文学（师范类）,587,752,
湖南,湖南师范大学,新闻传播学类（新闻学、编辑出版学、广告学、网络与新媒体）,574,1105,
湖南,湖南师范大学,法学,573,1137,
湖南,湖南师范大学,外国语言文学类（英语、俄语、德语、法语、西班牙语、阿拉伯语、日语、朝鲜语、葡萄牙语、翻译）,569,1268,
湖南,湖南师范大学,经济学类（经济学、金融学、国际经济与贸易）,568,1301,
湖南,湖南师范大学,政治学与行政学,562,1515,
湖南,湖南师范大学,工商管理类（工商管理、会计学）,562,1515,
湖南,湖南师范大学,护理学,561,1562,
湖南,湖南师范大学,旅游管理类（旅游管理、酒店管理、会展经济与管理）,561,1562,
湖南,湖南师范大学,社会学,560,1613,
湖南,湖南师范大学,行政管理,557,1722,
陕西,长安大学,新闻传播学类（新闻学、广告学、汉语言文学）,558,1687,
陕西,长安大学,公共管理类（公共事业管理、行政管理）,557,1722,
北京,中国传媒大学,新闻学,606,382,
北京,中国传媒大学,网络与新媒体（智能融媒体运营方向）,602,450,
北京,中国传媒大学,广告学（数字营销方向）,600,485,
北京,中国传媒大学,广播电视学,599,504,
北京,中国传媒大学,政治学与行政学（国家治理与政治传播方向）,599,504,
北京,中国传媒大学,英语（招英语考生）,596,565,
河北,燕山大学,汉语言文学,531,3007,
河北,燕山大学,法学,529,3114,
河北,燕山大学,德语,528,3192,
河北,燕山大学,工商管理类,526,3319,
河北,燕山大学,外国语言文学类,526,3319,
河北,燕山大学,经济与金融,526,3319,
河北,燕山大学,法语,525,3398,
河北,燕山大学,公共管理类,523,3519,
河北,燕山大学,俄语,522,3585,
河北,燕山大学,日语,521,3653,
安徽,安徽大学,中国语言文学类（汉语言文学、汉语国际教育）,570,1230,
安徽,安徽大学,法学类（法学、知识产权）,567,1331,
安徽,安徽大学,思想政治教育,565,1393,
安徽,安徽大学,经济学类（经济学、金融学、财政学、国际经济与贸易）,562,1515,
安徽,安徽大学,俄语,561,1562,
安徽,安徽大学,政治学与行政学,560,1613,
安徽,安徽大学,工商管理类（工商管理、市场营销、人力资源管理、电子商务、物流管理、旅游管理）,554,1830,
安徽,安徽大学,公共管理类（行政管理、图书馆学、档案学）,554,1830,
河南,河南大学,哲学,547,2134,
河南,河南大学,中国语言文学类（汉语言文学、汉语国际教育）（师范类）,547,2134,
河南,河南大学,经济学类（经济学、经济统计学、财政学、金融学、国际经济与贸易）,547,2134,
河南,河南大学,法学,543,2312,
河南,河南大学,新闻传播学类（新闻学、编辑出版学、广告学、网络与新媒体）,543,2312,
河南,河南大学,社会工作,542,2368,
河南,河南大学,工商管理类（工商管理、市场营销、会计学、财务管理、人力资源管理、物流管理、电子商务）,541,2436,
河南,河南大学,德语（招英语考生）,539,2541,
上海,上海外国语大学,葡萄牙语（招英语考生）,601,471,
江苏,中国药科大学,经济管理试验班（药事管理、国际经济与贸易、工商管理、市场营销、经济学、健康服务与管理）,567,1331,
浙江,浙江师范大学,汉语言文学（师范类）,566,1364,
浙江,浙江师范大学,汉语国际教育（师范类）,558,1687,
浙江,浙江师范大学,小学教育（师范类）,553,1866,
浙江,浙江师范大学,学前教育（师范类）,549,2058,
浙江,浙江师范大学,法学类（社会工作、行政管理、法学）,549,2058,
山东,山东师范大学,中国语言文学类（汉语言文学、汉语言、秘书学）,557,1722,
山东,山东师范大学,思想政治教育（师范类）,554,1830,
山东,山东师范大学,法学,550,2011,
山东,山东师范大学,历史学类（历史学、世界史）,550,2011,
山东,山东师范大学,新闻传播学类（新闻学、网络与新媒体）,549,2058,
北京,中央民族大学,汉语言文学,594,599,
北京,中央民族大学,民族学,593,621,
北京,中央民族大学,新闻传播学类（新闻学、广告学）,589,709,
北京,中央民族大学,历史学类（历史学（基地班）、历史学（中国与周边国家关系史实验班））,586,780,
北京,中央民族大学,哲学类（哲学、宗教学）,583,844,
北京,中央民族大学,汉语国际教育,582,865,
北京,中央民族大学,教育学,581,901,
北京,中央民族大学,外国语言文学类（英语、翻译）,581,901,
北京,中央民族大学,法学类（法学、法学（涉外法治人才））,581,901,
北京,中央民族大学,社会学类（社会学、社会工作）,579,954,
北京,中央民族大学,俄语（俄语与中亚语）,579,954,
北京,中央民族大学,经济学类（经济学、数字经济、财政学、金融学、国际经济与贸易）,579,954,
广东,广东工业大学,金融工程,533,2870,
广东,广东工业大学,工商管理类（工商管理、市场营销、会计学、人力资源管理）,531,3007,
天津,河北工业大学,汉语国际教育,554,1830,
天津,河北工业大学,公共管理类（公共事业管理、劳动与社会保障）,554,1830,
山东,青岛大学,汉语言文学,549,2058,
山东,青岛大学,法学,547,2134,
山东,青岛大学,新闻学,546,2174,
山东,青岛大学,英语,545,2223,
山东,青岛大学,国际政治,543,2312,
山东,青岛大学,经济学类（经济学、财政学、国际经济与贸易）,541,2436,
山东,青岛大学,朝鲜语,540,2495,
山东,青岛大学,金融学,539,2541,
山东,青岛大学,工商管理,535,2762,
上海,上海师范大学,历史学（师范类）,564,1426,
上海,上海师范大学,法学,561,1562,
上海,上海师范大学,汉语国际教育（师范类）,559,1648,
上海,上海师范大学,英语（师范类）,559,1648,
上海,上海师范大学,古典文献学,557,1722,
上海,上海师范大学,新闻传播学类（广告学、广播电视学、编辑出版学）,556,1764,
湖南,湘潭大学,法学类（法学、信用风险管理与法律防控）,547,2134,
湖南,湘潭大学,新闻学,546,2174,
湖南,湘潭大学,广告学,544,2263,
湖南,湘潭大学,行政管理,540,2495,
湖南,湘潭大学,英语（招英语考生）,540,2495,
湖南,湘潭大学,会计学,539,2541,
湖南,湘潭大学,文化产业管理,539,2541,
湖南,湘潭大学,历史学,538,2596,
湖南,湘潭大学,法语,537,2649,
湖南,湘潭大学,经济学,537,2649,
湖南,湘潭大学,图书馆学,536,2700,
湖南,湘潭大学,金融学,535,2762,
湖南,湘潭大学,日语,534,2820,
湖南,湘潭大学,哲学,533,2870,
湖南,湘潭大学,人力资源管理,524,3457,
湖北,湖北大学,经济学类,536,16341,
湖北,湖北大学,英语（师范类）,533,16341,
辽宁,大连海事大学,法学,572,1160,
辽宁,大连海事大学,经济学类（国际经济与贸易、经济学）,570,1230,
辽宁,大连海事大学,英语（招英语考生）,569,1268,
辽宁,大连海事大学,日语（招英语考生）,567,1331,
山西,山西大学,汉语言文学,541,2436,
山西,山西大学,新闻传播学类（新闻学、广告学）,537,2649,
山西,山西大学,历史学,536,2700,
山西,山西大学,哲学类（哲学、伦理学）,531,3007,
山西,山西大学,政治学类（行政管理、国际政治、政治学与行政学）,531,3007,
浙江,宁波诺丁汉大学,国际经济与贸易（中外合作办学）（中外合作办学）,534,2820,
浙江,宁波诺丁汉大学,经济学（中外合作办学）（中外合作办学）,531,3007,
浙江,宁波诺丁汉大学,财务管理（中外合作办学）（中外合作办学）,500,5244,
浙江,宁波诺丁汉大学,国际事务与国际关系（中外合作办学）（中外合作办学）,493,5849,
浙江,宁波诺丁汉大学,传播学（中外合作办学）（中外合作办学）,476,7527,
浙江,宁波诺丁汉大学,英语（中外合作办学）（中外合作办学）,475,7648,
浙江,宁波诺丁汉大学,国际商务（中外合作办学）（中外合作办学）,473,7874,
浙江,浙江理工大学,外国语言文学类（英语、日语）,546,2174,
山西,太原理工大学,英语（招英语考生）,547,2134,
山西,太原理工大学,汉语国际教育,546,2174,
山西,太原理工大学,行政管理,546,2174,
山西,太原理工大学,思想政治教育,546,2174,
山西,太原理工大学,国际经济与贸易,546,2174,
黑龙江,东北林业大学,经济学类（经济统计学、国际经济与贸易）,548,2091,
黑龙江,东北林业大学,英语（招英语考生）,548,2091,
黑龙江,东北林业大学,法学,546,2174,
黑龙江,东北林业大学,政治学与行政学,543,2312,
黑龙江,东北林业大学,社会工作,541,2436,
黑龙江,东北林业大学,工商管理类（工商管理、市场营销、会计学、农林经济管理、公共事业管理、旅游管理）,541,2436,
黑龙江,东北林业大学,日语,540,2495,
黑龙江,东北林业大学,广告学,540,2495,
黑龙江,东北林业大学,俄语,539,2541,
湖南,长沙理工大学,新闻学,541,2436,
湖南,长沙理工大学,汉语言文学,540,2495,
湖南,长沙理工大学,会计学,538,2596,
湖南,长沙理工大学,人力资源管理,533,2870,
湖南,长沙理工大学,法学,531,3007,
湖南,长沙理工大学,数字经济,530,3063,
黑龙江,东北农业大学,农林经济管理（本硕博班）,552,1908,
黑龙江,东北农业大学,法学,535,2762,
黑龙江,东北农业大学,汉语国际教育,529,3114,
黑龙江,东北农业大学,行政管理,525,3398,
黑龙江,东北农业大学,俄语,518,3861,
黑龙江,东北农业大学,金融学类（金融学、保险学、国际经济与贸易、工商管理、会计学、市场营销、人力资源管理、农林经济管理）,514,4133,
黑龙江,东北农业大学,金融学（中外合作办学）（中外合作办学）,496,5588,
黑龙江,东北农业大学,国际经济与贸易（中外合作办学）（中外合作办学）,491,6047,
黑龙江,东北农业大学,工商管理（中外合作办学）（中外合作办学）,488,6334,
江西,江西师范大学,思想政治教育（师范类）,557,1722,
江西,江西师范大学,中国语言文学类（汉语言文学（师范）、汉语国际教育）,555,1793,
江西,江西师范大学,英语（师范类）,547,2134,
江西,江西师范大学,地理科学类（地理科学（师范）、地理信息科学、自然地理与资源环境）,547,2134,
江西,江西师范大学,历史学类（历史学（师范）、文物与博物馆学）,547,2134,
江西,江西师范大学,教育学类（小学教育（语文方向）、小学教育（数学方向）、小学教育（英语方向））（师范类）,545,2223,
江西,江西师范大学,法学,542,2368,
江西,江西师范大学,心理学类（心理学（师范）、应用心理学）,542,2368,
江西,江西师范大学,新闻传播学类（广告学、新闻学、广播电视学）,542,2368,
江西,江西师范大学,旅游管理,539,2541,
江西,江西师范大学,俄语（外语成绩不低于110分）,538,2596,
江西,江西师范大学,国际经济与贸易,537,2649,
江西,江西师范大学,日语（外语成绩不低于110分）,537,2649,
江西,江西师范大学,行政管理,536,2700,
江西,江西师范大学,学前教育（师范类）,534,2820,
江西,江西师范大学,朝鲜语（朝英双语方向）,532,2939,
江西,江西师范大学,工商管理（大数据营销方向）,524,3457,
江西,江西财经大学,会计学（CIＭA方向）,567,1331,
江西,江西财经大学,工商管理类（会计学、会计学（注册会计师）、财务管理）,551,1956,
江西,江西财经大学,法学类（法学、法学（法务会计））,551,1956,
江西,江西财经大学,金融学类（金融学、保险学、金融工程、金融科技）,550,2011,
江西,江西财经大学,旅游管理,542,2368,
江西,江西财经大学,金融学（国际投资与金融）,542,2368,
江西,江西财经大学,法学（国际经济法）,542,2368,
江西,江西财经大学,土地资源管理,540,2495,
江西,江西财经大学,汉语国际教育,539,2541,
内蒙古,内蒙古大学,历史学（文史哲基地）,559,1648,
内蒙古,内蒙古大学,汉语言文学,557,1722,
内蒙古,内蒙古大学,汉语国际教育,552,1908,
内蒙古,内蒙古大学,政治学与行政学,548,2091,
内蒙古,内蒙古大学,政治学、经济学与哲学,543,2312,
内蒙古,内蒙古大学,哲学,542,2368,
内蒙古,内蒙古大学,中国少数民族语言文学（蒙古语言文学只招有专业志愿考生）,541,2436,
河北,河北大学,新闻传播学类（新闻学、广播电视学、编辑出版学）,540,2495,
河北,河北大学,法学,533,2870,
河北,河北大学,经济学,531,3007,
河北,河北大学,英语（招英语考生）,531,3007,
河北,河北大学,国际经济与贸易,530,3063,
河北,河北大学,日语,528,3192,
河北,河北大学,俄语,527,3251,
福建,福建农林大学,农业经济管理类（农林经济管理、农村区域发展）,509,4519,
浙江,杭州师范大学,中国语言文学类（汉语言文学（师范）、汉语言文学、汉语国际教育）,560,1613,
浙江,杭州师范大学,经济学类（经济学、金融工程）,557,1722,
浙江,杭州师范大学,社会工作,555,1793,
浙江,杭州师范大学,法学类（法学、知识产权）,554,1830,
浙江,杭州师范大学,社会学类（思想政治教育（师范）、行政管理）,554,1830,
山东,山东科技大学,朝鲜语（招英语考生）,516,3989,
山东,山东科技大学,日语（招英语考生）,510,4440,
安徽,安徽师范大学,历史学（师范类）,529,3114,
安徽,安徽师范大学,行政管理,524,3457,
安徽,安徽师范大学,世界史,523,3519,
安徽,安徽师范大学,经济学类（经济学、金融工程）,520,3714,
安徽,安徽师范大学,新闻传播学类（新闻学、广告学、网络与新媒体）,519,3785,
安徽,安徽师范大学,俄语,516,3989,
安徽,安徽师范大学,旅游管理,508,4597,
贵州,贵州大学,汉语言文学,552,1908,
贵州,贵州大学,英语,551,1956,
贵州,贵州大学,经济与贸易类（经济学、国际经济与贸易）,551,1956,
贵州,贵州大学,财政学类（财政学、金融学）,550,2011,
贵州,贵州大学,政治学类（政治学与行政学、社会工作）,549,2058,
贵州,贵州大学,工商管理类（工商管理、市场营销、会计学、财务管理、人力资源管理）,549,2058,
贵州,贵州大学,公共管理类（行政管理、劳动与社会保障）,548,2091,
贵州,贵州大学,文化产业管理,547,2134,
辽宁,辽宁大学,会计学,587,752,
辽宁,辽宁大学,法学,568,1301,
辽宁,辽宁大学,经济学类（经济学、经济统计学、国民经济管理）,568,1301,
辽宁,辽宁大学,金融学类（金融学、保险学）,562,1515,
辽宁,辽宁大学,国际经济与贸易,559,1648,
辽宁,辽宁大学,工商管理类（工商管理、市场营销、人力资源管理）,557,1722,
辽宁,辽宁大学,汉语言文学,554,1830,
辽宁,辽宁大学,新闻学,553,1866,
辽宁,辽宁大学,德语,552,1908,
辽宁,辽宁大学,朝鲜语,550,2011,
辽宁,辽宁大学,俄语,547,2134,
河南,河南师范大学,历史学（师范类）,517,3928,
河南,河南师范大学,英语（师范类）,516,3989,
河南,河南师范大学,思想政治教育（师范类）,512,4294,
河南,河南师范大学,汉语国际教育（师范类）,511,4366,
四川,西南石油大学,经济学,539,2541,
四川,西南石油大学,会计学,534,2820,
四川,西南石油大学,电子商务,532,2939,
海南,海南大学,法学,568,1301,
海南,海南大学,汉语言文学,567,1331,
海南,海南大学,金融学,561,1562,
海南,海南大学,会计学,560,1613,
海南,海南大学,国际经济与贸易,560,1613,
海南,海南大学,英语,560,1613,
海南,海南大学,传播学,556,1764,
海南,海南大学,工商管理,556,1764,
海南,海南大学,农林经济管理,554,1830,
海南,海南大学,行政管理,553,1866,
海南,海南大学,俄语,552,1908,
海南,海南大学,旅游管理类,551,1956,
海南,海南大学,日语,547,2134,
海南,海南大学,酒店管理（中外合作办学）,492,5940,
海南,海南大学,人文地理与城乡规划（中外合作办学）,487,6424,
海南,海南大学,会展经济与管理（中外合作办学）,479,7234,
浙江,中国计量大学,标准化工程,545,2223,
浙江,中国计量大学,工商管理类（工商管理、财务管理、市场营销）,542,2368,
上海,华东政法大学,法学类（法学（民商法律）、法学（刑事法律）、法学（经济法）、法学（国际经济法）、法学（国际金融法）、法学（刑事司法）、法学（网络与信息法）、法学（英国利兹大学双学位项目班））,616,257,
上海,华东政法大学,公共管理类（行政管理、劳动与社会保障）,604,408,
上海,华东政法大学,文化产业管理,603,421,
北京,首都经济贸易大学,国际经济与贸易,563,1467,
北京,首都经济贸易大学,新闻传播学类,562,1515,
北京,首都经济贸易大学,公共管理类,561,1562,
重庆,西南政法大学,法学（（法学＋英语）双学士学位复合型人才培养项目）,599,504,
重庆,西南政法大学,法学（（法学＋公共事业管理）双学士学位复合型人才培养项目）,598,522,
重庆,西南政法大学,法学,591,666,
重庆,西南政法大学,新闻传播学类（新闻学、广播电视学、传播学、网络与新媒体）,590,691,
重庆,西南政法大学,经济学类（经济统计学、金融学、金融工程、国际经济与贸易）,590,691,
重庆,西南政法大学,行政管理,588,735,
重庆,西南政法大学,思想政治教育,588,735,
福建,华侨大学,法学,546,2174,
福建,华侨大学,哲学（中西人文综合试验班）,543,2312,
福建,华侨大学,汉语国际教育（办学地址为厦门校区大一入住龙舟池校区）,541,2436,
福建,华侨大学,国际事务与国际关系（办学地址为厦门校区）,540,2495,
福建,华侨大学,工商管理类（工商管理、市场营销、人力资源管理、物流管理）,538,2596,
福建,华侨大学,财务管理,537,2649,
福建,华侨大学,经济学类（经济学、国际经济与贸易、电子商务）,537,2649,
福建,华侨大学,金融学,535,2762,
福建,华侨大学,公共管理类（行政管理、公共事业管理）,535,2762,
福建,华侨大学,日语,534,2820,
福建,华侨大学,旅游管理类（旅游管理、酒店管理、会展经济与管理）,534,2820,
福建,华侨大学,工商管理类（会计学（全英文教学））,534,2820,
福建,华侨大学,经济学类（金融学（全英文教学））,533,2870,
黑龙江,黑龙江大学,法学（法学院授课该专业从高分考生中选拔20人进入国家级“卓越法律人才教育培养基地”培养卓越法律人才）,522,3585,
黑龙江,黑龙江大学,法学（中俄学院授课部分课程由俄罗斯新西伯利亚国立大学教师用俄语讲授）,512,4294,
黑龙江,黑龙江大学,汉语言文学（前4名考生入选基础学科拔尖培养计划该计划不低于50％的学生实施本硕连读培养）,511,4366,
黑龙江,黑龙江大学,新闻学,508,4597,
黑龙江,黑龙江大学,英语（招英语考生）,508,4597,
黑龙江,黑龙江大学,金融学（经济与工商管理学院授课）,504,4922,
黑龙江,黑龙江大学,金融学（法国巴黎南泰尔大学3＋1联合培养本科项目中法学院授课）,504,4922,
黑龙江,黑龙江大学,哲学（前15名考生入选基础学科拔尖培养计划该计划不低于50％的学生实施本硕连读培养）,502,5088,
黑龙江,黑龙江大学,传播学,497,5494,
黑龙江,黑龙江大学,翻译（招英语考生）,496,5588,
黑龙江,黑龙江大学,会计学,494,5763,
黑龙江,黑龙江大学,经济学,492,5940,
黑龙江,黑龙江大学,历史学,491,6047,
黑龙江,黑龙江大学,广告学,491,6047,
黑龙江,黑龙江大学,行政管理（前5名考生入选本硕“贯通式”人才培养实验班该实验班不低于50％的学生实施本硕连读培养）,490,6150,
黑龙江,黑龙江大学,考古学,489,6236,
黑龙江,黑龙江大学,教育学,488,6334,
黑龙江,黑龙江大学,档案学,485,6622,
黑龙江,黑龙江大学,汉语国际教育,484,6725,
黑龙江,黑龙江大学,政治学与行政学,483,6824,
黑龙江,黑龙江大学,商务英语（招英语考生）,481,7033,
黑龙江,黑龙江大学,中国少数民族语言文学,480,7138,
黑龙江,黑龙江大学,土地资源管理,479,7234,
黑龙江,黑龙江大学,图书馆学,478,7325,
黑龙江,黑龙江大学,国际经济与贸易,478,7325,
黑龙江,黑龙江大学,人力资源管理,477,7425,
黑龙江,黑龙江大学,工商管理,473,7874,
黑龙江,黑龙江大学,旅游管理,472,8007,
黑龙江,黑龙江大学,社会学,472,8007,
吉林,长春理工大学,英语（招英语考生）,525,3398,
吉林,长春理工大学,网络与新媒体,512,4294,
吉林,长春理工大学,法学,509,4519,
吉林,长春理工大学,汉语言文学,507,4679,
吉林,长春理工大学,朝鲜语（招英语考生）,500,5244,
吉林,长春理工大学,俄语（招英语考生）,489,6236,
江苏,江苏科技大学,经济学,541,2436,
江苏,江苏科技大学,金融工程,536,2700,
江苏,江苏科技大学,公共事业管理,535,2762,
江苏,江苏科技大学,工商管理类（会计学、财务管理）,535,2762,
江苏,江苏科技大学,外国语言文学类（英语、翻译）,528,3192,
江苏,江苏科技大学,俄语（招英语俄语考生）,523,3519,
天津,天津师范大学,历史学,563,1467,
天津,天津师范大学,汉语言文学（师范类）,561,1562,
天津,天津师范大学,日语,560,1613,
天津,天津师范大学,世界史,558,1687,
天津,天津师范大学,世界史（外语实验班）,558,1687,
天津,天津师范大学,政治学与行政学,556,1764,
天津,天津师范大学,法学,555,1793,
天津,天津师范大学,社会工作,554,1830,
天津,天津师范大学,朝鲜语,552,1908,
天津,天津师范大学,俄语,551,1956,
天津,天津师范大学,市场营销,550,2011,
天津,天津师范大学,行政管理,550,2011,
浙江,浙江农林大学,广告学,528,3192,
浙江,浙江农林大学,法学,527,3251,
广东,广州中医药大学,中医学,577,1009,
广东,广州中医药大学,针灸推拿学,566,1364,
广东,广州中医药大学,康复治疗学,558,1687,
广东,广州中医药大学,中西医临床医学,557,1722,
广东,广州中医药大学,健康服务与管理,556,1764,
广东,广州中医药大学,护理学,553,1866,
北京,北京语言大学,汉语言文学,578,984,
北京,北京语言大学,外国语言文学类（英语、英语（英西复语）、商务英语）,578,984,
北京,北京语言大学,金融学,576,1044,
北京,北京语言大学,汉语国际教育,574,1105,
北京,北京语言大学,国际经济与贸易,574,1105,
北京,北京语言大学,翻译（英语）,574,1105,
江苏,常州大学,国际经济与贸易,518,3861,
江苏,常州大学,物流管理,514,4133,
广东,广东外语外贸大学,法学,562,1515,
广东,广东外语外贸大学,西班牙语,560,1613,
广东,广东外语外贸大学,日语,560,1613,
广东,广东外语外贸大学,中国语言文学类（汉语言文学、汉语言）,552,1908,
广东,广东外语外贸大学,俄语,545,2223,
广东,广东外语外贸大学,应用心理学,544,2263,
广东,广东外语外贸大学,财政学类（财政学、税收学）,535,2762,
广东,广东外语外贸大学,金融学类（金融学、金融工程、保险学）,533,2870,
广东,广东外语外贸大学,政治学类（国际政治、外交学、国际组织与全球治理）,532,2939,
广东,广东外语外贸大学,工商管理类（工商管理、市场营销、人力资源管理）（商学院）,530,3063,
广东,广东外语外贸大学,老挝语,519,3785,
上海,上海海事大学,交通管理（国航）,550,2011,
上海,上海海事大学,经济学类（经济学（海运与物流经济）、国际经济与贸易、金融学（海运金融）、会计学、会计学（国际会计）、会计学（管理会计）、会计学（ACCA）、财务管理、工商管理、旅游管理、电子商务、供应链管理）,546,2174,
上海,上海海事大学,外国语言文学类（英语、翻译、商务英语）,544,2263,
河北,河北师范大学,中国语言文学类（汉语言、汉语言文学（师范类））,558,1687,
河北,河北师范大学,历史学类（历史学（师范类）、考古学、外国语言与外国历史）,552,1908,
河北,河北师范大学,地理科学类（地理科学（师范类）、人文地理与城乡规划）,548,2091,
山东,曲阜师范大学,汉语言文学（师范类）,543,2312,
山东,曲阜师范大学,历史学（师范类）,537,2649,
山东,曲阜师范大学,思想政治教育（师范类）,535,2762,
山东,曲阜师范大学,教育学（师范类）,530,3063,
新疆,新疆大学,法学,530,3063,
新疆,新疆大学,汉语言文学,527,3251,
新疆,新疆大学,思想政治教育,526,3319,
新疆,新疆大学,英语（招英语考生）,521,3653,
新疆,新疆大学,新闻传播学类（广告学、新闻学）,520,3714,
新疆,新疆大学,俄语（招英语俄语考生）,488,6334,
天津,天津工业大学,法学,541,2436,
天津,天津工业大学,工商管理类（会计学、工商管理）,539,2541,
天津,天津工业大学,英语（招英语考生）,538,2596,
天津,天津工业大学,日语,535,2762,
江苏,南京财经大学,工商管理类（会计学、财务管理、审计学、资产评估）,563,1467,
江苏,南京财经大学,财政学类（财政学、税收学）,562,1515,
江苏,南京财经大学,金融学类（金融学、金融工程、保险学、投资学）,562,1515,
江苏,南京财经大学,贸易经济,560,1613,
江苏,南京财经大学,法学,556,1764,
江苏,南京财经大学,公共事业管理,556,1764,
江苏,南京财经大学,市场营销,554,1830,
宁夏,宁夏大学,汉语言文学（师范类）,535,2762,
宁夏,宁夏大学,行政管理,534,2820,
宁夏,宁夏大学,日语,529,3114,
江苏,南通大学,汉语言文学（师范类）,550,2011,
江苏,南通大学,法学,540,2495,
江苏,南通大学,学前教育（师范类）,536,2700,
江苏,南通大学,会计学,530,3063,
天津,天津中医药大学,中国语言文学类（汉语言、汉语国际教育）,514,4133,
天津,天津中医药大学,应用心理学,510,4440,
天津,天津中医药大学,公共管理类（公共事业管理、劳动与社会保障、健康服务与管理）,507,4679,
天津,天津中医药大学,工商管理类（市场营销、市场营销（国际营销班））,502,5088,
浙江,浙江财经大学,新闻传播学类（广告学、网络与新媒体）,548,2091,
浙江,浙江财经大学,中国语言文学类（汉语言文学、汉语国际教育）,543,2312,
浙江,浙江财经大学,工商管理类（工商管理、人力资源管理、市场营销、供应链管理）,542,2368,
浙江,浙江财经大学,公共管理类（劳动与社会保障、土地资源管理、行政管理、城市管理）,538,2596,
四川,成都理工大学,经济学,537,2649,
四川,成都理工大学,社会学,535,2762,
四川,成都理工大学,市场营销,535,2762,
四川,成都理工大学,公共事业管理,528,3192,
湖北,长江大学,教育学类（教育学（师范类）、学前教育（师范类）、应用心理学）（师范类）,514,4133,
湖北,长江大学,思想政治教育（师范类）,511,4366,
上海,上海对外经贸大学,经济学（国际投资方向）,579,954,
上海,上海对外经贸大学,工商管理类（工商管理（国际企业管理方向）、市场营销（国际营销方向）、人力资源管理（国际人力资源管理方向）、文化产业管理）,574,1105,
上海,上海对外经贸大学,法语（商务法语方向）,573,1137,
上海,上海对外经贸大学,行政管理,571,1196,
北京,北方工业大学,经济与金融,540,2495,
北京,北方工业大学,汉语言文学,535,2762,
北京,北方工业大学,英语（招英语考生）,535,2762,
北京,北方工业大学,国际经济与贸易,531,3007,
北京,北方工业大学,知识产权,531,3007,
江西,江西理工大学,城乡规划,509,4519,
河北,石家庄铁道大学,英语,529,3114,
河北,石家庄铁道大学,汉语言文学,523,3519,
河北,石家庄铁道大学,法学,519,3785,
河北,石家庄铁道大学,工商管理类,513,4221,
山西,中北大学,广播电视学,512,4294,
山西,中北大学,英语（招英语考生）,512,4294,
湖南,湖南科技大学,地理科学（师范类）,524,3457,
湖南,湖南科技大学,经济学,522,3585,
湖南,湖南科技大学,汉语国际教育,521,3653,
湖南,湖南科技大学,法学,521,3653,
湖南,湖南科技大学,新闻学,520,3714,
湖南,湖南科技大学,公共事业管理,520,3714,
湖南,湖南科技大学,英语（师范类）,519,3785,
湖南,湖南科技大学,工商管理,518,3861,
湖南,湖南科技大学,小学教育（师范类）,517,3928,
湖南,湖南科技大学,教育学（师范类）,516,3989,
湖南,湖南科技大学,会计学,514,4133,
湖南,湖南科技大学,市场营销,513,4221,
湖南,湖南科技大学,电子商务,512,4294,
湖南,湖南科技大学,人力资源管理,512,4294,
天津,天津财经大学,法学,558,1687,
天津,天津财经大学,会计学,558,1687,
天津,天津财经大学,金融学类（金融学、金融学（国际金融）、金融工程、保险学、投资学、信用管理）,557,1722,
天津,天津财经大学,经济学,555,1793,
天津,天津财经大学,财务管理,545,2223,
天津,天津财经大学,财政学类（财政学、税收学）,542,2368,
天津,天津财经大学,工商管理类（工商管理、工商管理（大数据管理决策实验班）、市场营销、人力资源管理）,538,2596,
天津,天津财经大学,商务英语（招英语考生）,536,2700,
天津,天津财经大学,广播电视学（财经新闻）,531,3007,
天津,天津财经大学,日语,528,3192,
黑龙江,哈尔滨师范大学,汉语言文学（行知实验班）（师范类）,540,2495,
黑龙江,哈尔滨师范大学,历史学（行知实验班）（师范类）,521,3653,
黑龙江,哈尔滨师范大学,英语（师范类）,517,3928,
黑龙江,哈尔滨师范大学,思想政治教育（行知实验班）（师范类）,516,3989,
黑龙江,哈尔滨师范大学,汉语言文学（师范类）,513,4221,
黑龙江,哈尔滨师范大学,思想政治教育（师范类）,511,4366,
黑龙江,哈尔滨师范大学,历史学（师范类）,509,4519,
黑龙江,哈尔滨师范大学,汉语国际教育（师范类）,507,4679,
黑龙江,哈尔滨师范大学,教育学（师范类）,505,4834,
黑龙江,哈尔滨师范大学,翻译（招英语考生）,503,5011,
黑龙江,哈尔滨师范大学,小学教育（师范类）,503,5011,
黑龙江,哈尔滨师范大学,俄语（师范类）,502,5088,
黑龙江,哈尔滨师范大学,商务英语（招英语考生）,501,5170,
黑龙江,哈尔滨师范大学,日语（非师范）,497,5494,
黑龙江,哈尔滨师范大学,法学,496,5588,
黑龙江,哈尔滨师范大学,俄语（非师范）,494,5763,
黑龙江,哈尔滨师范大学,秘书学,494,5763,
黑龙江,哈尔滨师范大学,经济学,492,5940,
黑龙江,哈尔滨师范大学,日语（师范类）,492,5940,
黑龙江,哈尔滨师范大学,学前教育（师范类）,492,5940,
黑龙江,哈尔滨师范大学,会计学,482,6935,
黑龙江,哈尔滨师范大学,朝鲜语,480,7138,
黑龙江,哈尔滨师范大学,葡萄牙语（中外合作）（语言类）（中外合作办学）,480,7138,
黑龙江,哈尔滨师范大学,人力资源管理,479,7234,
黑龙江,哈尔滨师范大学,法语（中外合作）（语言类）（中外合作办学）,473,7874,
黑龙江,哈尔滨师范大学,行政管理,472,8007,
黑龙江,哈尔滨师范大学,西班牙语（中外合作）（语言类）（中外合作办学）,472,8007,
江苏,南京审计大学,审计学,585,801,
江苏,南京审计大学,会计学,582,865,
江苏,南京审计大学,法学类（法学（法务会计））,580,925,
湖北,中南民族大学,中国语言文学类（汉语言文学、汉语国际教育）,549,2058,
湖北,中南民族大学,新闻传播学类（新闻学、广播电视学、广告学）,547,2134,
江苏,西交利物浦大学,建筑类（中外合作办学）（中外合作办学）,503,5011,
江苏,西交利物浦大学,数学类（中外合作办学）（中外合作办学）,503,5011,
江苏,西交利物浦大学,外国语言文学类（中外合作办学）（中外合作办学）,500,5244,
江苏,西交利物浦大学,工商管理类（中外合作办学）（中外合作办学）,498,5416,
湖南,南华大学,法学,514,4133,
湖南,南华大学,国际经济与贸易,512,4294,
广东,北京师范大学-香港浸会大学联合国际学院,经济学,508,4597,
广东,北京师范大学-香港浸会大学联合国际学院,社会学,496,5588,
广东,北京师范大学-香港浸会大学联合国际学院,新闻传播学类,495,5684,
广东,北京师范大学-香港浸会大学联合国际学院,工商管理类,494,5763,
广东,北京师范大学-香港浸会大学联合国际学院,会计学,474,7769,
广东,北京师范大学-香港浸会大学联合国际学院,外国语言文学类,472,8007,
黑龙江,哈尔滨理工大学,法学,485,6622,
黑龙江,哈尔滨理工大学,英语（招英语考生）,477,7425,
黑龙江,哈尔滨理工大学,日语,472,8007,
黑龙江,哈尔滨理工大学,俄语,472,8007,
黑龙江,哈尔滨理工大学,朝鲜语,472,8007,
四川,成都中医药大学,中医学,558,1687,
四川,成都中医药大学,护理学,543,2312,
重庆,重庆师范大学,中国语言文学类（汉语言文学、汉语国际教育）,560,1613,
北京,北京第二外国语学院,翻译（中英阿复语）,568,1301,
北京,北京第二外国语学院,俄语（人文交流）,565,1393,
北京,北京第二外国语学院,汉语国际教育（英语复合）,563,1467,
北京,北京第二外国语学院,旅游管理（旅游经济战略与管理）,559,1648,
北京,北京第二外国语学院,波斯语（人文交流）,557,1722,
黑龙江,东北石油大学,汉语言文学,474,7769,
黑龙江,东北石油大学,行政管理,472,8007,
黑龙江,东北石油大学,工商管理类（工商管理、市场营销、会计学、财务管理）,472,8007,
黑龙江,东北石油大学,英语（招英语考生）,472,8007,
山东,青岛理工大学,会计学,541,2436,
山东,青岛理工大学,市场营销,528,3192,
山东,青岛理工大学,国际经济与贸易,527,3251,
山东,青岛理工大学,财务管理,522,3585,
浙江,湖州师范学院,小学教育（师范类）,519,3785,
浙江,湖州师范学院,中国语言文学类（汉语言文学（师范）、汉语国际教育）,513,4221,
浙江,湖州师范学院,英语（师范类）,512,4294,
湖南,中南林业科技大学,金融学类（金融学、保险学、国际经济与贸易）,520,3714,
辽宁,沈阳建筑大学,英语（招英语考生）,505,4834,
江苏,苏州科技大学,汉语言文学（师范类）,544,2263,
江苏,苏州科技大学,思想政治教育（师范类）,531,3007,
江苏,苏州科技大学,旅游管理,516,3989,
黑龙江,黑龙江中医药大学,中医学,509,4519,
黑龙江,黑龙江中医药大学,中西医临床医学,491,6047,
黑龙江,黑龙江中医药大学,中医骨伤科学,491,6047,
黑龙江,黑龙江中医药大学,中医康复学,489,6236,
黑龙江,黑龙江中医药大学,针灸推拿学,489,6236,
安徽,安徽财经大学,金融学,537,2649,
安徽,安徽财经大学,经济学类（经济学、国民经济管理、数字经济）,534,2820,
安徽,安徽财经大学,会计学,533,2870,
安徽,安徽财经大学,审计学,532,2939,
安徽,安徽财经大学,财政学类（财政学、税收学）,530,3063,
安徽,安徽财经大学,金融学类（金融工程、保险学、投资学、互联网金融）,530,3063,
安徽,安徽财经大学,法学,527,3251,
安徽,安徽财经大学,工商管理类（工商管理、市场营销、人力资源管理）,526,3319,
安徽,安徽财经大学,旅游管理,525,3398,
安徽,安徽财经大学,日语,524,3457,
安徽,安徽财经大学,经济与贸易类（国际经济与贸易、贸易经济）,524,3457,
安徽,安徽财经大学,财务管理,523,3519,
安徽,安徽财经大学,公共管理类（行政管理、劳动与社会保障、土地资源管理）,522,3585,
广西,桂林电子科技大学,工商管理类（市场营销、人力资源管理、电子商务）,480,7138,
广西,桂林电子科技大学,英语（招英语考生）,476,7527,
北京,北京印刷学院,编辑出版学（韬奋实验班）,543,2312,
北京,北京印刷学院,传播学（国际出版实验班）,533,2870,
北京,北京印刷学院,工商管理类（市场营销、财务管理、文化产业管理）,529,3114,
北京,北京印刷学院,新闻传播学类（新闻学、广告学、编辑出版学、数字出版、传播学（国际出版））,528,3192,
四川,西华师范大学,中国语言文学类（汉语言文学（师范）、汉语国际教育（师范）、秘书学）,504,4922,
四川,西华师范大学,历史学（师范类）,501,5170,
四川,西华师范大学,教育学类（小学教育（师范）、学前教育（师范））（师范类）,498,5416,
海南,海南师范大学,英语,523,3519,
海南,海南师范大学,汉语言文学,522,3585,
海南,海南师范大学,思想政治教育,520,3714,
海南,海南师范大学,小学教育（英语教育方向）,519,3785,
海南,海南师范大学,小学教育（中文与社会方向）,518,3861,
海南,海南师范大学,学前教育（中外合作办学）（学费37000元/年）（中外合作办学）,472,8007,
四川,成都信息工程大学,电子商务,526,3319,
北京,北京体育大学,新闻学,578,984,
北京,北京体育大学,网络与新媒体,574,1105,
北京,北京体育大学,体育经济与管理（不能准确识别红、黄、绿、兰、紫各种颜色中任何一种颜色的导线、按键、信号灯、几何图形者不予录取.以上体检要求录取时以高考体检表为准.）,562,1515,
北京,北京体育大学,公共事业管理（不能准确识别红、黄、绿、兰、紫各种颜色中任何一种颜色的导线、按键、信号灯、几何图形者不予录取.以上体检要求录取时以高考体检表为准.）,558,1687,
北京,北京体育大学,英语,557,1722,
北京,北京体育大学,西班牙语,556,1764,
北京,北京体育大学,葡萄牙语,556,1764,
北京,北京体育大学,旅游管理,554,1830,
北京,北京体育大学,汉语国际教育,551,1956,
北京,北京体育大学,俄语,550,2011,
陕西,西安石油大学,英语（招英语考生）,504,4922,
陕西,西安石油大学,汉语言文学,496,5588,
陕西,西安石油大学,翻译（招英语考生）,496,5588,
陕西,西安石油大学,俄语（招英语俄语考生）,495,5684,
陕西,西北政法大学,法学（民商法）,579,954,
陕西,西北政法大学,法学（经济法）,578,984,
陕西,西北政法大学,法学（刑事法）,577,1009,
陕西,西北政法大学,法学（国际法）,574,1105,
陕西,西北政法大学,法学（行政法）,571,1196,
陕西,西北政法大学,法学（反恐怖主义法）,571,1196,
陕西,西北政法大学,国际政治,568,1301,
陕西,西北政法大学,社会学,566,1364,
陕西,西北政法大学,工商管理类（市场营销、财务管理、人力资源管理、审计学）,565,1393,
陕西,西北政法大学,经济学类（经济学、金融学、金融工程、国际经济与贸易）,565,1393,
广东,广东财经大学,商务英语,524,3457,
广东,广东财经大学,新闻学（一二学年在佛山三水校区修读三四学年在广州校区修读）,524,3457,
河北,华北理工大学,国际经济与贸易,510,4440,
河北,华北理工大学,金融学,506,4754,
河北,华北理工大学,应用心理学,505,4834,
河北,华北理工大学,英语（招英语考生）,502,5088,
河北,华北理工大学,护理学,499,5338,
天津,中国民航大学,公共事业管理,546,2174,
天津,中国民航大学,法学（航空法）,545,2223,
天津,中国民航大学,英语（民航外语）,541,2436,
四川,西南民族大学,经济学,541,2436,
四川,西南民族大学,法学,541,2436,
四川,西南民族大学,金融学类（金融学、金融工程、保险学、投资学）,536,2700,
湖南,湖南工业大学,金融工程,525,3398,
湖南,湖南工业大学,新闻传播学类（广告学、新闻学）,525,3398,
湖南,湖南工业大学,汉语言文学,522,3585,
湖南,湖南工业大学,财务管理,519,3785,
湖南,湖南工业大学,法学,518,3861,
湖南,湖南工业大学,会计学,518,3861,
辽宁,辽宁工程技术大学,广播电视学,489,6236,
辽宁,辽宁工程技术大学,会计学（办学地点为葫芦岛校区龙湾校园）,486,6524,
辽宁,辽宁工程技术大学,英语（招英语考生）,484,6725,
上海,上海政法学院,法学（涉外卓越律师人才培养试点班）,573,1137,
上海,上海政法学院,法学（卓越法律人才培养创新班）,573,1137,
上海,上海政法学院,法学（国际经济法方向）,563,1467,
上海,上海政法学院,法学（刑事司法方向）,562,1515,
上海,上海政法学院,汉语言文学（文化创意产业方向）,553,1866,
上海,上海政法学院,广播电视学（卓越新闻传播人才培养试点班）,547,2134,
上海,上海政法学院,俄语（招英语俄语考生）,546,2174,
江西,江西中医药大学,中医学,516,3989,
江西,江西中医药大学,针灸推拿学,503,5011,
浙江,温州肯恩大学,会计学（中外合作办学）（中外合作办学）,490,6150,
浙江,温州肯恩大学,金融学（中外合作办学）（中外合作办学）,484,6725,
浙江,温州肯恩大学,心理学（中外合作办学）（中外合作办学）,480,7138,
陕西,西安工业大学,工商管理类（市场营销、物流管理、国际经济与贸易、人力资源管理、会计学）,510,4440,
辽宁,大连外国语大学,德语（招英语考生）,560,1613,
辽宁,大连外国语大学,朝鲜语（招英语考生）,545,2223,
辽宁,大连外国语大学,日语（招英语考生）,543,2312,
辽宁,大连外国语大学,汉语国际教育（部分课程用英语授课非英语考生慎重报考）,542,2368,
辽宁,大连外国语大学,国际事务与国际关系（部分课程用英语授课非英语考生慎重报考）,541,2436,
辽宁,大连外国语大学,阿拉伯语（招英语考生）,536,2700,
辽宁,大连外国语大学,汉语言文学（部分课程用英语授课非英语考生慎重报考）,536,2700,
辽宁,大连外国语大学,俄语（招英语考生）,535,2762,
辽宁,大连外国语大学,新闻学（部分课程用英语授课非英语考生慎重报考）,535,2762,
辽宁,大连外国语大学,财务管理（部分课程用英语授课非英语语种考生慎报）,534,2820,
四川,西华大学,会计学,530,3063,
山西,山西财经大学,会计学,540,2495,
山西,山西财经大学,金融学,539,2541,
山西,山西财经大学,财政学,538,2596,
山西,山西财经大学,审计学,537,2649,
山西,山西财经大学,保险学,535,2762,
山西,山西财经大学,国际经济与贸易,532,2939,
山西,山西财经大学,法学,530,3063,
江西,江西科技师范大学,汉语言文学（师范类）,506,4754,
江西,江西科技师范大学,思想政治教育（师范类）,505,4834,
江西,江西科技师范大学,历史学（师范类）,504,4922,
江西,江西科技师范大学,英语（师范类）,482,6935,
吉林,长春中医药大学,中医儿科学,497,5494,
吉林,长春中医药大学,针灸推拿学,495,5684,
吉林,长春中医药大学,中医康复学,488,6334,
北京,北京物资学院,会计学（注册会计师）,550,2011,
北京,北京物资学院,经济学（实验班）,541,2436,
北京,北京物资学院,会计学（管理会计）,539,2541,
北京,北京物资学院,国际经济与贸易,532,2939,
北京,北京物资学院,物流管理与工程类（物流管理、采购管理、供应链管理）,532,2939,
天津,天津外国语大学,日语（招英语、日语考生）,563,1467,
天津,天津外国语大学,俄语（招英语、俄语考生）,556,1764,
天津,天津外国语大学,外国语言文学类（英语、翻译、商务英语）（英语类）,551,1956,
天津,天津外国语大学,汉语言文学,546,2174,
天津,天津外国语大学,法学,546,2174,
天津,天津外国语大学,新闻传播学类（新闻学、传播学）,546,2174,
天津,天津外国语大学,法语（招英语考生）,546,2174,
天津,天津外国语大学,汉语国际教育,545,2223,
天津,天津外国语大学,国际组织与全球治理,544,2263,
天津,天津外国语大学,工商管理类（市场营销、会计学、财务管理、国际商务、人力资源管理）,543,2312,
天津,天津外国语大学,土耳其语（小语种）（招英语考生）（语言类专业）,539,2541,
天津,天津外国语大学,乌克兰语（小语种）（招英语、俄语考生）（语言类专业）,534,2820,
重庆,四川外国语大学,翻译（招英语考生）,555,1793,
重庆,四川外国语大学,商务英语（招英语考生）,554,1830,
重庆,四川外国语大学,中国语言文学类（汉语国际教育、汉语言文学）,553,1866,
重庆,四川外国语大学,国际经济与贸易,551,1956,
陕西,西安外国语大学,法语,568,1301,
陕西,西安外国语大学,翻译（招英语考生）,560,1613,
陕西,西安外国语大学,德语,551,1956,
陕西,西安外国语大学,英语（招英语考生）,549,2058,
陕西,西安外国语大学,国际新闻与传播,548,2091,
陕西,西安外国语大学,商务英语（招英语考生）,547,2134,
河南,河南财经政法大学,法学,522,3585,
河南,河南财经政法大学,财政学类（财政学、税收学）,519,3785,
河南,河南财经政法大学,俄语,518,3861,
河南,河南财经政法大学,经济与贸易类（国际经济与贸易、贸易经济）,516,3989,
河南,河南财经政法大学,金融学类（金融学、保险学、投资学、投资学（期货方向）、金融工程）,513,4221,
河南,河南财经政法大学,会计学,511,4366,
江苏,江苏海洋大学,国际经济与贸易,489,6236,
黑龙江,哈尔滨商业大学,会计学（本硕班）,534,2820,
黑龙江,哈尔滨商业大学,工商管理类（会计学、财务管理、审计学）（其他专业方向或备注收集中）,522,3585,
黑龙江,哈尔滨商业大学,金融学类（金融学、金融工程、保险学、投资学）（其他专业方向或备注收集中）,507,4679,
黑龙江,哈尔滨商业大学,工商管理类（会计学、财务管理、审计学）（其他专业方向或备注收集中）,504,4922,
黑龙江,哈尔滨商业大学,经济学类（经济学、经济统计学、数字经济）,489,6236,
黑龙江,哈尔滨商业大学,财政学类（财政学、税收学）,489,6236,
黑龙江,哈尔滨商业大学,金融学类（金融学、金融工程、保险学、投资学）（其他专业方向或备注收集中）,485,6622,
黑龙江,哈尔滨商业大学,工商管理类（工商管理、市场营销、人力资源管理）,484,6725,
黑龙江,哈尔滨商业大学,经济与贸易类（国际经济与贸易、贸易经济）,478,7325,
天津,天津商业大学,经济学类（经济学、财政学、金融学、信用管理、国际经济与贸易）,539,2541,
天津,天津商业大学,法学,538,2596,
黑龙江,齐齐哈尔大学,英语（师范类）,494,5763,
黑龙江,齐齐哈尔大学,汉语言文学（师范类）,493,5849,
黑龙江,齐齐哈尔大学,思想政治教育（师范类）,491,6047,
黑龙江,齐齐哈尔大学,历史学（师范类）,490,6150,
黑龙江,齐齐哈尔大学,教育学（师范类）,482,6935,
黑龙江,齐齐哈尔大学,学前教育（师范类）,480,7138,
黑龙江,齐齐哈尔大学,市场营销,475,7648,
黑龙江,齐齐哈尔大学,财务管理,474,7769,
湖南,湖南工商大学,会计学,518,3861,
湖南,湖南工商大学,金融学类（金融学、保险学、投资学）,516,3989,
湖南,湖南工商大学,工商管理类（工商管理、市场营销、人力资源管理）,515,4058,
湖南,湖南工商大学,物流管理,513,4221,
陕西,陕西中医药大学,中医学,510,4440,
陕西,陕西中医药大学,针灸推拿学,508,4597,
上海,上海立信会计金融学院,会计学,558,1687,
上海,上海立信会计金融学院,财务管理,554,1830,
上海,上海立信会计金融学院,审计学,551,1956,
上海,上海立信会计金融学院,金融学类（金融学、信用管理、投资学）,551,1956,
上海,上海立信会计金融学院,资产评估,549,2058,
上海,上海立信会计金融学院,财政学类（税收学、财政学）,544,2263,
上海,上海立信会计金融学院,经济学类（国际经济与贸易、经济学）,544,2263,
黑龙江,黑龙江科技大学,会计学,473,7874,
黑龙江,黑龙江科技大学,国际经济与贸易,472,8007,
黑龙江,佳木斯大学,汉语言文学（师范类）,474,7769,
黑龙江,佳木斯大学,英语（师范类）,472,8007,
浙江,浙江传媒学院,广播电视学,564,1426,
浙江,浙江传媒学院,新闻学,556,1764,
陕西,西安财经大学,法学,532,2939,
陕西,西安财经大学,会计学,532,2939,
陕西,西安财经大学,财政学,528,3192,
辽宁,大连民族大学,日语（招英语考生）,511,4366,
辽宁,大连民族大学,国际经济与贸易,505,4834,
辽宁,大连民族大学,日语（只招少数民族）,476,7527,
辽宁,大连民族大学,国际经济与贸易（只招少数民族）,475,7648,
甘肃,甘肃政法大学,法学（卓越法治基地实验班政府法治方向）,528,3192,
甘肃,甘肃政法大学,法学（涉外法治方向）,523,3519,
甘肃,甘肃政法大学,法学,518,3861,
宁夏,北方民族大学,旅游管理,506,4754,
宁夏,北方民族大学,民族学,490,6150,
黑龙江,牡丹江师范学院,汉语言文学（师范类）,483,6824,
黑龙江,牡丹江师范学院,英语（师范类）,482,6935,
黑龙江,牡丹江师范学院,思想政治教育（师范类）,479,7234,
黑龙江,牡丹江师范学院,历史学（师范类）,475,7648,
黑龙江,牡丹江师范学院,小学教育（师范类）,472,8007,
山西,山西中医药大学,中医学（5＋3一体化）,543,2312,
山东,山东大学（威海）,外国语言文学类（英语（语言文学方向）、英语（英德双语方向）、英语（英法双语方向）、英语（英西双语方向）、英语（英俄双语方向）、英语（英日双语方向）、翻译、朝鲜语（翻译方向）、朝鲜语（经贸方向））,595,580,
山东,山东大学（威海）,汉语言文学,592,646,
山东,山东大学（威海）,经济学类（金融学（证券、银行方向）、金融学（保险方向）、国际经济与贸易）,591,666,
山东,山东大学（威海）,工商管理类（工商管理（创新创业方向）、工商管理（数字营销方向）、工商管理（商务智能方向）、工商管理（旅游与大数据方向）、工商管理（组织与人力资本管理方向）、供应链管理、会计学）,587,752,
河北,东北大学秦皇岛分校,工商管理类（信息管理与信息系统、工商管理、会计学、行政管理、健康服务与管理、电子商务）,572,1160,
河北,东北大学秦皇岛分校,外国语言文学类（英语、日语）,569,1268,
河北,华北电力大学保定校区,法学类（保定）（法学）,564,1426,
河北,华北电力大学保定校区,工商管理类（保定）（工商管理、会计学）,561,1562,
河北,华北电力大学保定校区,公共管理类（保定）（行政管理、社会工作）,556,1764,
河北,华北电力大学保定校区,外国语言文学类（保定）（英语、翻译）,556,1764,
山东,哈尔滨工业大学（威海）,汉语言文学,582,865,
山东,哈尔滨工业大学（威海）,英语,576,1044,
山东,哈尔滨工业大学（威海）,朝鲜语,575,1066,
北京,北京电影学院,文化产业管理,554,1830,
上海,上海戏剧学院,戏剧影视文学,556,1764,
上海,上海戏剧学院,影视摄影与制作,543,2312,
广东,深圳技术大学,国际商务,533,2870,
广东,深圳技术大学,商务英语,533,2870,
北京,中央戏剧学院,艺术管理（影视制片）,555,1793,
北京,中央戏剧学院,艺术管理（演出制作）,545,2223,
北京,中央戏剧学院,戏剧教育,543,2312,
北京,中央戏剧学院,戏剧学（戏剧史论与批评）,539,2541,
北京,中央戏剧学院,艺术管理（剧院管理）,538,2596,
北京,中国社会科学院大学,法学,602,450,
北京,中国社会科学院大学,历史学,601,471,
北京,中国社会科学院大学,英语（招英语考生）,600,485,
北京,中国社会科学院大学,政治学与行政学,598,522,
北京,中国社会科学院大学,思想政治教育,598,522,
北京,中国社会科学院大学,新闻传播学类（新闻学、广播电视学）,598,522,
辽宁,沈阳音乐学院,艺术史论（三好校区音乐学系）,498,5416,
新疆,中国石油大学（北京）克拉玛依校区,英语（招英语考生）,531,3007,
新疆,中国石油大学（北京）克拉玛依校区,经济学类（经济学、金融学）,522,3585,
新疆,中国石油大学（北京）克拉玛依校区,会计学,518,3861,
新疆,中国石油大学（北京）克拉玛依校区,思想政治教育,513,4221,
新疆,中国石油大学（北京）克拉玛依校区,俄语,510,4440,
江苏,中国人民大学（苏州校区）,金融学（中外合作办学）（中外合作办学）,599,504,
江苏,中国人民大学（苏州校区）,法语（中外合作办学）（中外合作办学）,598,522,
江苏,中国人民大学（苏州校区）,人力资源管理（中外合作办学）（中外合作办学）,598,522,
北京,中国戏曲学院,戏剧影视文学（戏曲文学）,533,2870,
安徽,合肥工业大学宣城校区,法学（宣城校区）,554,1830,
安徽,合肥工业大学宣城校区,网络与新媒体（宣城校区）,554,1830,
安徽,合肥工业大学宣城校区,英语（宣城校区）（招英语考生）,553,1866,
上海,复旦大学上海医学院,护理学,551,1956,
