﻿省份,学校名称,专业,最低录取分,最低录取名次,选课要求
北京,首都师范大学,中国语言文学类,571,2020,
北京,首都师范大学,文化产业管理,570,2105,
北京,清华大学,文科试验班类（经济、金融与管理）,643,1,
北京,北京大学,中国语言文学类,659,1,
北京,北京大学,文科试验班类,655,1,
北京,北京大学,工商管理类,644,1,
北京,北京大学,经济学类,643,1,
北京,北京大学,信息管理与信息系统,639,1,
北京,北京大学,法学,635,19,
北京,北京大学,公共管理类,635,19,
北京,北京大学,历史学类,635,19,
北京,北京大学,国际政治（国政、外交学、国际政经）,635,19,
北京,北京大学,人文科学试验班,634,23,
浙江,浙江大学,社会科学试验班,620,115,
浙江,浙江大学,人文科学试验班,619,121,
上海,上海交通大学,经济管理试验班,629,42,
上海,复旦大学,经济学类,629,42,
上海,复旦大学,社会科学试验班,629,42,
上海,复旦大学,法学（卓越法律人才基地）,628,48,
上海,复旦大学,中国语言文学类,627,52,
上海,复旦大学,新闻传播学类（卓越新闻人才计划）,625,71,
江苏,南京大学,经济管理试验班,618,128,
江苏,南京大学,社会科学试验班,617,140,
江苏,南京大学,外国语言文学类,617,140,
江苏,南京大学,人文科学试验班（人文艺术传播类）,617,140,
湖北,华中科技大学,新闻传播学类,595,638,
湖北,华中科技大学,中国语言文学类,595,638,
湖北,华中科技大学,工商管理类,595,638,
湖北,武汉大学,法学,616,156,
湖北,武汉大学,工商管理类,615,170,
湖北,武汉大学,新闻传播学类,615,170,
湖北,武汉大学,经济学类,614,185,
湖北,武汉大学,公共管理类,614,185,
湖北,武汉大学,中国语言文学类,613,195,
湖北,武汉大学,人文科学试验班（弘毅学堂）,613,195,
湖北,武汉大学,社会科学试验班（信息管理类）,613,195,
湖北,武汉大学,历史学类,612,210,
陕西,西安交通大学,文科试验班类,594,681,
陕西,西安交通大学,外国语言文学类（文）,593,718,
四川,四川大学,中国语言文学类,601,457,
四川,四川大学,工商管理类,601,457,
四川,四川大学,法语,600,485,
四川,四川大学,英语,598,539,
四川,四川大学,经济学类,598,539,
四川,四川大学,会计学,598,539,
四川,四川大学,日语,598,539,
四川,四川大学,法学,597,576,
四川,四川大学,哲学,597,576,
四川,四川大学,新闻传播学类,597,576,
四川,四川大学,公共管理类,597,576,
四川,四川大学,国际政治,596,610,
四川,四川大学,旅游管理类,596,610,
四川,四川大学,图书情报与档案管理类,595,638,
四川,四川大学,西班牙语,595,638,
广东,中山大学,公共管理类,609,261,
广东,中山大学,人类学,609,261,
广东,中山大学,旅游管理类,607,304,
广东,中山大学,法学,606,326,
广东,中山大学,新闻传播学类,606,326,
广东,中山大学,工商管理类,606,326,
广东,中山大学,经济学类,605,343,
广东,中山大学,金融学,604,367,
广东,中山大学,日语,604,367,
广东,中山大学,社会学,604,367,
广东,中山大学,汉语言文学（广州）,604,367,
广东,中山大学,英语,604,367,
广东,中山大学,外国语言文学类,591,823,
上海,同济大学,风景园林,611,222,
上海,同济大学,新闻传播学类,608,283,
上海,同济大学,德语,604,367,
上海,同济大学,人文科学试验班,603,397,
上海,同济大学,政治学与行政学,603,397,
上海,同济大学,法学,603,397,
上海,同济大学,日语,601,457,
上海,同济大学,英语,601,457,
北京,北京航空航天大学,社会科学试验班,599,505,
江苏,东南大学,文科试验班类（郭秉文班）,596,610,
江苏,东南大学,英语,596,610,
江苏,东南大学,劳动与社会保障,594,681,
北京,北京师范大学,人文科学试验班（可选专业：汉语言文科学、历史学、哲学）,615,170,
北京,北京师范大学,法学（瀚德实验1班）西班牙语,615,170,
北京,北京师范大学,教育学（国家试点学院）,612,210,
北京,北京师范大学,法学（卓越实验班）,612,210,
北京,北京师范大学,英语,610,240,
北京,北京师范大学,汉语言文学,610,240,
北京,北京师范大学,历史学,608,283,
北京,北京师范大学,传播学（网络新媒体方向）,608,283,
北京,北京师范大学,工商管理（国际商务管理实验班）,607,304,
北京,北京师范大学,人力资源管理（含公共事业管理专业、人力资源管理专业）,607,304,
北京,北京理工大学,社会科学试验班（精品文科班）,596,610,
北京,中国人民大学,经济学类,628,48,
北京,中国人民大学,法学,626,61,
北京,中国人民大学,金融学类,625,71,
北京,中国人民大学,财政学类,625,71,
北京,中国人民大学,新闻传播学类,625,71,
北京,中国人民大学,工商管理类,624,79,
北京,中国人民大学,农业经济管理类,623,89,
北京,中国人民大学,国际政治,623,89,
北京,中国人民大学,人文科学试验班,623,89,
北京,中国人民大学,人力资源管理,623,89,
北京,中国人民大学,社会学类,623,89,
北京,中国人民大学,信息资源管理,622,96,
北京,中国人民大学,公共管理类,622,96,
天津,南开大学,金融学类,611,222,
天津,南开大学,经济学类,610,240,
天津,南开大学,工商管理类（含工商、图档、管科、国会）,608,283,
天津,南开大学,历史学类,607,304,
天津,南开大学,公共管理类（含社会学、政治学、公共管理及心理学）,606,326,
天津,南开大学,中国语言文学类,606,326,
天津,南开大学,法学,605,343,
天津,南开大学,外国语言文学类,604,367,
天津,天津大学,人文科学试验班,593,718,
山东,山东大学,历史学类,596,610,
山东,山东大学,中国语言文学类,594,681,
山东,山东大学,新闻传播学类,593,718,
山东,山东大学,工商管理类,592,764,
山东,山东大学,法学类,592,764,
山东,山东大学,英语,592,764,
山东,山东大学,经济学类,591,823,
山东,山东大学,公共管理类,590,874,
山东,山东大学,哲学类,587,1008,
湖南,中南大学,金融学类（经济管理类）,591,823,
湖南,中南大学,法学类,591,823,
湖南,中南大学,外国语言文学类,590,874,
湖南,中南大学,中国语言文学类,589,920,
陕西,西北工业大学,国际经济与贸易,577,1577,
陕西,西北工业大学,英语,574,1786,
广东,华南理工大学,工商管理类,592,764,
广东,华南理工大学,传播学（2加2联合班）,591,823,
广东,华南理工大学,金融学,589,920,
广东,华南理工大学,广告学,589,920,
广东,华南理工大学,商务英语,583,1218,
广东,华南理工大学,法学（卓越法律班）,583,1218,
广东,华南理工大学,日语,575,1713,
广东,华南理工大学,会展经济与管理,573,1857,
福建,厦门大学,经济学类,612,210,
福建,厦门大学,法学类,610,240,
福建,厦门大学,新闻传播学类,610,240,
福建,厦门大学,工商管理类,610,240,
福建,厦门大学,会计学,609,261,
福建,厦门大学,人文科学试验班,607,304,
福建,厦门大学,法语,607,304,
福建,厦门大学,政治学类,607,304,
福建,厦门大学,公共管理类,607,304,
福建,厦门大学,英语,605,343,
吉林,吉林大学,经济学类,591,823,
吉林,吉林大学,法学,590,874,
吉林,吉林大学,政治学与行政学,584,1166,
吉林,吉林大学,哲学,583,1218,
吉林,吉林大学,英语,582,1283,
吉林,吉林大学,外交学,579,1467,
北京,中国农业大学,社会学,593,718,
北京,中国农业大学,工商管理类,592,764,
北京,中国农业大学,农村区域发展,591,823,
北京,中国农业大学,法学,591,823,
北京,中国农业大学,传播学,591,823,
北京,中国农业大学,英语,591,823,
北京,中国农业大学,经济学类（中外合作办学）,587,1008,
北京,中国农业大学,新闻传播学类（中外合作办学）,578,1528,
四川,电子科技大学,社会科学试验班（公共管理与法学复合人才培养）,581,1351,
四川,电子科技大学,法语,579,1467,
四川,电子科技大学,英语,578,1528,
四川,电子科技大学,日语,578,1528,
四川,电子科技大学,翻译,577,1577,
湖南,湖南大学,汉语言文学,595,638,
湖南,湖南大学,法学,591,823,
湖南,湖南大学,新闻传播学类,590,874,
湖南,湖南大学,英语,579,1467,
上海,上海财经大学,会计学,618,128,
上海,上海财经大学,工商管理类,614,185,
上海,上海财经大学,金融学,613,195,
上海,上海财经大学,法学,612,210,
上海,上海财经大学,公共管理类,612,210,
上海,上海财经大学,社会学,610,240,
重庆,重庆大学,风景园林,592,764,
重庆,重庆大学,会计学（ACCA）,592,764,
重庆,重庆大学,经济学类,591,823,
重庆,重庆大学,人文科学试验班,590,874,
重庆,重庆大学,工商管理类,589,920,
重庆,重庆大学,法学类,586,1063,
重庆,重庆大学,公共管理类,586,1063,
重庆,重庆大学,外国语言文学类,583,1218,
重庆,重庆大学,新闻传播学类,583,1218,
北京,北京科技大学,工商管理类,583,1218,
北京,北京科技大学,人文科学试验班,577,1577,
北京,北京科技大学,日语,576,1643,
北京,北京科技大学,德语,575,1713,
北京,北京科技大学,经济与贸易类,571,2020,
北京,北京科技大学,英语,552,4152,
甘肃,兰州大学,历史学类,585,1117,
甘肃,兰州大学,法学,582,1283,
甘肃,兰州大学,工商管理类,581,1351,
甘肃,兰州大学,新闻传播学类,581,1351,
甘肃,兰州大学,汉语言文学,581,1351,
甘肃,兰州大学,思想政治教育,579,1467,
甘肃,兰州大学,哲学,578,1528,
甘肃,兰州大学,英语,577,1577,
甘肃,兰州大学,经济学类,565,2593,
甘肃,兰州大学,护理学,529,8253,
北京,北京交通大学,经济管理试验班,591,823,
北京,北京交通大学,外国语言文学类,590,874,
北京,北京交通大学,新闻传播学类,586,1063,
北京,北京交通大学,法学,584,1166,
湖北,华中农业大学,工商管理类,568,2294,
湖北,华中农业大学,外国语言文学类,566,2486,
湖北,华中农业大学,广告学,560,3116,
湖北,华中农业大学,法学,560,3116,
湖北,华中农业大学,社会学类,558,3350,
江苏,苏州大学,日语,588,953,
江苏,苏州大学,金融学,587,1008,
江苏,苏州大学,管理科学,584,1166,
江苏,苏州大学,中国语言文学类,583,1218,
江苏,苏州大学,新闻传播学类,583,1218,
江苏,苏州大学,英语（师范）,581,1351,
江苏,苏州大学,旅游管理,580,1410,
吉林,东北师范大学,英语（非公费师范）,582,1283,
吉林,东北师范大学,汉语言文学（非公费师范）,575,1713,
吉林,东北师范大学,社会工作,574,1786,
吉林,东北师范大学,历史学（非公费师范）,573,1857,
吉林,东北师范大学,教育学类（非公费师范）,572,1928,
吉林,东北师范大学,行政管理,571,2020,
吉林,东北师范大学,新闻传播学类（入学一年半后按成绩志愿分专业培养）,571,2020,
吉林,东北师范大学,政治学类（入学一年后按成绩志愿分专业培养）,571,2020,
吉林,东北师范大学,哲学,571,2020,
吉林,东北师范大学,日语,570,2105,
吉林,东北师范大学,法学,569,2198,
吉林,东北师范大学,思想政治教育（非公费师范）,569,2198,
吉林,东北师范大学,旅游管理,569,2198,
北京,中央财经大学,金融学类,605,343,
北京,中央财经大学,财政学类,603,397,
北京,中央财经大学,公共管理类,601,457,
北京,中央财经大学,新闻传播学类,600,485,
北京,中央财经大学,社会学类,597,576,
上海,上海大学,社会学类（代表人文社科类）,587,1008,
上海,上海大学,英语,584,1166,
北京,中国政法大学,法学（法学人才培养模式改革实验班）,609,261,
北京,中国政法大学,法学,604,367,
北京,中国政法大学,翻译（法律翻译方向）,602,420,
北京,中国政法大学,新闻学,601,457,
北京,中国政法大学,英语（法律英语方向）,600,485,
北京,中国政法大学,政治学与行政学,599,505,
北京,中国政法大学,社会学,599,505,
北京,中国政法大学,网络与新媒体,599,505,
北京,中国政法大学,行政管理,598,539,
北京,对外经济贸易大学,金融学类（金融学（国际金融与市场）、经济与金融）,615,170,
北京,对外经济贸易大学,经济学类,610,240,
北京,对外经济贸易大学,金融学类（金融学、金融工程、投资学）,606,326,
北京,对外经济贸易大学,工商管理类,606,326,
北京,对外经济贸易大学,保险学,603,397,
北京,对外经济贸易大学,法学类,602,420,
北京,对外经济贸易大学,外国语言文学类,602,420,
北京,中国石油大学（北京）,经济学类,572,1928,
北京,中国石油大学（北京）,工商管理类,570,2105,
北京,中国石油大学（北京）,英语,569,2198,
江苏,南京农业大学,工商管理类,560,3116,
江苏,南京农业大学,劳动与社会保障,558,3350,
河南,郑州大学,会计学,577,1577,
河南,郑州大学,金融学（含国际化班）,576,1643,
河南,郑州大学,法学类,573,1857,
河南,郑州大学,人力资源管理,571,2020,
河南,郑州大学,工商管理,570,2105,
河南,郑州大学,国际经济与贸易,570,2105,
河南,郑州大学,英语,568,2294,
河南,郑州大学,中国语言文学类,568,2294,
河南,郑州大学,行政管理,568,2294,
河南,郑州大学,教育学,568,2294,
河南,郑州大学,广告学,567,2398,
河南,郑州大学,历史学,567,2398,
河南,郑州大学,新闻学,567,2398,
河南,郑州大学,社会工作,565,2593,
河南,郑州大学,市场营销,565,2593,
河南,郑州大学,旅游管理类,565,2593,
四川,西南交通大学,中国语言文学类（茅以升学院）,572,1928,
四川,西南交通大学,汉语言文学,569,2198,
四川,西南交通大学,政治学与行政学,568,2294,
四川,西南交通大学,新闻传播学类,568,2294,
四川,西南交通大学,汉语国际教育,568,2294,
四川,西南交通大学,外国语言文学类,567,2398,
四川,西南交通大学,应用心理学,567,2398,
四川,西南交通大学,法学,567,2398,
四川,西南交通大学,公共事业管理,567,2398,
四川,西南交通大学,思想政治教育,566,2486,
四川,西南交通大学,商务英语峨眉校区,560,3116,
江苏,中国矿业大学,公共管理类,563,2790,
江苏,中国矿业大学,外国语言文学类,563,2790,
湖北,武汉理工大学,工商管理类,576,1643,
湖北,武汉理工大学,金融学,570,2105,
湖北,武汉理工大学,思想政治教育,569,2198,
湖北,武汉理工大学,外国语言文学类,563,2790,
湖北,武汉理工大学,新闻传播学类,562,2902,
湖北,武汉理工大学,汉语国际教育,557,3494,
湖北,武汉理工大学,社会工作,526,8954,
山东,中国海洋大学,新闻传播学类,583,1218,
山东,中国海洋大学,朝鲜语,582,1283,
山东,中国海洋大学,汉语言文学,581,1351,
湖北,中国地质大学（武汉）,会计学,576,1643,
湖北,中国地质大学（武汉）,工商管理（双语教学班）,566,2486,
湖北,中国地质大学（武汉）,公共事业管理,564,2690,
湖北,中国地质大学（武汉）,广播电视学,562,2902,
湖北,中国地质大学（武汉）,行政管理,561,3008,
江苏,江南大学,日语,569,2198,
江苏,江南大学,英语,568,2294,
江苏,江南大学,汉语言文学,566,2486,
江苏,江南大学,法学类,565,2593,
江苏,江南大学,工商管理类（中外合作办学）,559,3232,
江苏,河海大学,英语,574,1786,
江苏,河海大学,广播电视学,569,2198,
江苏,南京师范大学,汉语言文学,586,1063,
江苏,南京师范大学,社会学,581,1351,
江苏,南京师范大学,文物与博物馆学,581,1351,
江苏,南京师范大学,教育学类,580,1410,
江苏,南京师范大学,财务管理,580,1410,
北京,北京化工大学,法学,560,3116,
北京,北京化工大学,英语,550,4443,
北京,北京化工大学,工商管理类,534,7179,
浙江,浙江工业大学,汉语言文学,547,4897,
浙江,浙江工业大学,公共管理类,545,5176,
湖北,中南财经政法大学,会计学,598,539,
湖北,中南财经政法大学,金融学类,593,718,
湖北,中南财经政法大学,经济与贸易类,593,718,
湖北,中南财经政法大学,财政学类,592,764,
湖北,中南财经政法大学,法学类,591,823,
湖北,中南财经政法大学,经济学,591,823,
湖北,中南财经政法大学,工商管理类,588,953,
湖北,中南财经政法大学,汉语言文学,587,1008,
湖北,中南财经政法大学,新闻传播学类,587,1008,
湖北,中南财经政法大学,经济管理试验班,583,1218,
湖北,中南财经政法大学,外国语言文学类,582,1283,
陕西,西北大学,财政学,575,1713,
陕西,西北大学,公共管理类,569,2198,
陕西,西北大学,工商管理类,569,2198,
陕西,西北大学,历史学类,569,2198,
陕西,西北大学,新闻传播学类,568,2294,
陕西,西北大学,历史学,568,2294,
陕西,西北大学,法学,567,2398,
陕西,西北大学,图书情报与档案管理类,566,2486,
陕西,西北大学,日语,565,2593,
广东,深圳大学,会计学,587,1008,
广东,深圳大学,广告学,580,1410,
广东,深圳大学,工商管理,579,1467,
广东,深圳大学,国际经济与贸易,579,1467,
广东,深圳大学,人力资源管理,579,1467,
广东,深圳大学,英语,579,1467,
广东,深圳大学,法学,578,1528,
重庆,西南大学,应用心理学,587,1008,
重庆,西南大学,英语,581,1351,
重庆,西南大学,教育学（晏阳初实验班）,580,1410,
重庆,西南大学,经济学类,579,1467,
重庆,西南大学,日语,575,1713,
重庆,西南大学,学前教育,574,1786,
重庆,西南大学,中国语言文学类,574,1786,
重庆,西南大学,德语,574,1786,
重庆,西南大学,工商管理类,572,1928,
重庆,西南大学,新闻学,572,1928,
重庆,西南大学,俄语,571,2020,
重庆,西南大学,地理科学类,571,2020,
重庆,西南大学,法学,570,2105,
重庆,西南大学,思想政治教育,570,2105,
重庆,西南大学,历史学类,568,2294,
重庆,西南大学,文化产业管理,568,2294,
重庆,西南大学,农业经济管理类,568,2294,
重庆,西南大学,心理学类（中外合作办学）,559,3232,
重庆,西南大学,公共管理类,555,3731,
重庆,西南大学,经济学类（中外合作办学）（西塔学院）,555,3731,
北京,中国地质大学（北京）,英语,564,2690,
陕西,陕西师范大学,汉语言文学,584,1166,
陕西,陕西师范大学,英语,581,1351,
陕西,陕西师范大学,历史学,577,1577,
陕西,陕西师范大学,思想政治教育,576,1643,
陕西,陕西师范大学,学前教育,575,1713,
陕西,陕西师范大学,思想政治教育（创新实验班）（国家专项）,566,2486,
陕西,陕西师范大学,汉语言文学（高校专项）,551,4297,
福建,福州大学,财政学,566,2486,
福建,福州大学,汉语言文学,565,2593,
福建,福州大学,英语,564,2690,
福建,福州大学,社会学（定向万州）,538,6420,
四川,西南财经大学,审计学,600,485,
四川,西南财经大学,金融学（证券与期货方向）,596,610,
四川,西南财经大学,财务管理（双语实验班）,596,610,
四川,西南财经大学,市场营销,596,610,
四川,西南财经大学,信用管理,595,638,
四川,西南财经大学,法学（法学与会计学双学位班）,595,638,
四川,西南财经大学,保险学,594,681,
四川,西南财经大学,金融学（双语实验班）,592,764,
四川,西南财经大学,新闻学（经济新闻方向）,592,764,
四川,西南财经大学,金融学,590,874,
四川,西南财经大学,会计学,590,874,
四川,西南财经大学,旅游管理,590,874,
四川,西南财经大学,财务管理,589,920,
四川,西南财经大学,国际商务（双语实验班）,588,953,
四川,西南财经大学,法学,588,953,
四川,西南财经大学,财政学,587,1008,
四川,西南财经大学,英语（翻译方向）,587,1008,
四川,西南财经大学,税收学,585,1117,
四川,西南财经大学,劳动与社会保障,585,1117,
四川,西南财经大学,电子商务（支付结算方向）,582,1283,
四川,西南财经大学,会计学（双语实验班）,582,1283,
四川,西南财经大学,保险学（财务与会计双语实验班）,582,1283,
四川,西南财经大学,工商管理（双语实验班）,581,1351,
四川,西南财经大学,行政管理,580,1410,
四川,西南财经大学,工商管理类（中外合作办学）（会计学）,573,1857,
四川,西南财经大学,工商管理类（中外合作办学）（市场营销（金融服务与营销））,572,1928,
四川,西南财经大学,商务英语,572,1928,
四川,西南财经大学,国际经济与贸易（双语实验班）,571,2020,
四川,西南财经大学,工商管理,571,2020,
四川,西南财经大学,人力资源管理,569,2198,
四川,西南财经大学,信息管理与信息系统（商务智能方向）,569,2198,
四川,西南财经大学,工商管理类（中外合作办学）（国际商务）,567,2398,
江苏,江苏大学,汉语言文学,560,3116,
江苏,江苏大学,英语,558,3350,
江苏,江苏大学,会计学,557,3494,
江苏,江苏大学,法学,554,3862,
江苏,江苏大学,公共事业管理（医疗保险）,554,3862,
江苏,江苏大学,国际经济与贸易,554,3862,
江苏,江苏大学,日语,553,4004,
江苏,江苏大学,人力资源管理,553,4004,
江苏,江苏大学,护理学,552,4152,
江苏,江苏大学,思想政治教育,552,4152,
陕西,西北农林科技大学,法学,568,2294,
陕西,西北农林科技大学,社会学类,566,2486,
江西,南昌大学,中国语言文学类,568,2294,
江西,南昌大学,新闻学,567,2398,
江西,南昌大学,应用心理学,566,2486,
江西,南昌大学,法学类,566,2486,
江西,南昌大学,工商管理类,566,2486,
江西,南昌大学,护理学,564,2690,
江西,南昌大学,广告学,563,2790,
江西,南昌大学,档案学,562,2902,
江西,南昌大学,旅游管理,562,2902,
广东,南方医科大学,中医学,563,2790,
广东,南方医科大学,护理学,560,3116,
广东,南方医科大学,外国语言文学类,559,3232,
广东,南方医科大学,助产学,558,3350,
广东,南方医科大学,法学,557,3494,
北京,华北电力大学,工商管理类,576,1643,
北京,华北电力大学,外国语言文学类,573,1857,
北京,华北电力大学,公共管理类,573,1857,
广东,华南师范大学,汉语言文学（师范）,567,2398,
广东,华南师范大学,历史学（师范）,566,2486,
江苏,扬州大学,广播电视学,559,3232,
江苏,扬州大学,外国语言文学类,559,3232,
江苏,扬州大学,中国语言文学类,558,3350,
江苏,扬州大学,工商管理类,558,3350,
江苏,扬州大学,秘书学,556,3598,
北京,北京外国语大学,西班牙语,621,105,
北京,北京外国语大学,外交学（法语与法语国家研究）,615,170,
北京,北京外国语大学,德语,614,185,
北京,北京外国语大学,英语,613,195,
北京,北京外国语大学,新闻学,611,222,
北京,北京外国语大学,汉语国际教育,611,222,
北京,北京外国语大学,汉语言文学,609,261,
北京,北京林业大学,农林经济管理,581,1351,
北京,北京林业大学,工商管理类,578,1528,
北京,北京林业大学,法学,575,1713,
北京,北京林业大学,英语,574,1786,
云南,云南大学,经济学类,571,2020,
云南,云南大学,英语,571,2020,
云南,云南大学,工商管理类,568,2294,
云南,云南大学,汉语国际教育,567,2398,
云南,云南大学,法语,567,2398,
云南,云南大学,越南语,565,2593,
云南,云南大学,信息管理与信息系统,565,2593,
云南,云南大学,广播电视学,564,2690,
云南,云南大学,社会学,564,2690,
云南,云南大学,缅甸语,564,2690,
云南,云南大学,民族学,563,2790,
云南,云南大学,法学,562,2902,
云南,云南大学,政治学与行政学,562,2902,
江苏,南京工业大学,法学,545,5176,
江苏,南京工业大学,工商管理类,543,5490,
江苏,南京工业大学,公共管理类,541,5872,
辽宁,东北财经大学,会计学,584,1166,
辽宁,东北财经大学,金融学类,579,1467,
辽宁,东北财经大学,工商管理类,579,1467,
辽宁,东北财经大学,法学,578,1528,
辽宁,东北财经大学,经济学类（与加拿大西安大略大学国王大学学院合作办学）（中外合作办学）,562,2902,
辽宁,东北财经大学,工商管理类（中外合作办学）（与英国奥斯特大学合作办学）,545,5176,
辽宁,东北财经大学,工商管理类（中外合作办学）（与澳大利亚科廷大学合作办学）,534,7179,
辽宁,东北财经大学,旅游管理类（与英国萨里大学合作办学）（中外合作办学）,526,8954,
辽宁,东北财经大学,工商管理类（中外合作办学）（与英国萨里大学合作办学）,524,9407,
