﻿省份,学校名称,专业,最低录取分,最低录取名次,选课要求
北京,首都师范大学,中国语言文学类,596,1773,
北京,首都师范大学,文化产业管理,591,2150,
北京,清华大学,文科试验班类（经济、金融与管理）,674,1,
北京,北京大学,工商管理类,681,1,
北京,北京大学,经济学类,672,1,
北京,北京大学,文科试验班类,670,1,
北京,北京大学,新闻传播学类,667,11,
北京,北京大学,国际政治（国政、外交学、国际政经）,666,13,
北京,北京大学,法学,665,14,
北京,北京大学,历史学类,664,16,
北京,北京大学,信息管理与信息系统,662,20,
北京,北京大学,社会学类,661,23,
北京,北京大学,中国语言文学类,661,23,
浙江,浙江大学,社会科学试验班（竺可桢学院人文社科实验班、智能财务班）,647,95,
浙江,浙江大学,社会科学试验班,645,113,
浙江,浙江大学,人文科学试验班,643,128,
上海,上海交通大学,经济管理试验班,648,84,
上海,复旦大学,中国语言文学类,654,42,
上海,复旦大学,社会科学试验班,653,49,
上海,复旦大学,新闻传播学类（卓越新闻人才计划）,653,49,
上海,复旦大学,经济学类（含荷兰格罗宁根大学双学位项目）,652,52,
上海,复旦大学,法学（卓越法律人才基地）,650,65,
江苏,南京大学,外国语言文学类,644,120,
江苏,南京大学,人文科学试验班（人文艺术传播类）,642,140,
江苏,南京大学,经济管理试验班,642,140,
江苏,南京大学,社会科学试验班,642,140,
湖北,华中科技大学,新闻传播学类,624,457,
湖北,华中科技大学,工商管理类,623,482,
湖北,华中科技大学,中国语言文学类,622,514,
湖北,武汉大学,法学,640,150,
湖北,武汉大学,经济学类,639,161,
湖北,武汉大学,工商管理类,636,195,
湖北,武汉大学,人文科学试验班（弘毅学堂）,635,212,
湖北,武汉大学,外国语言文学类,635,212,
湖北,武汉大学,新闻传播学类,633,250,
湖北,武汉大学,社会科学试验班（信息管理类）,632,266,
湖北,武汉大学,历史学类,631,281,
湖北,武汉大学,中国语言文学类,630,297,
湖北,武汉大学,公共管理类,629,324,
陕西,西安交通大学,文科试验班类,616,712,
陕西,西安交通大学,外国语言文学类（文）,615,750,
四川,四川大学,经济学类,624,457,
四川,四川大学,中国语言文学类,624,457,
四川,四川大学,会计学（ACCA）,623,482,
四川,四川大学,汉语言文学（基地班）,623,482,
四川,四川大学,法语,623,482,
四川,四川大学,历史学类,623,482,
四川,四川大学,工商管理类,623,482,
四川,四川大学,档案学,622,514,
四川,四川大学,新闻传播学类,622,514,
四川,四川大学,历史学（基地班）,622,514,
四川,四川大学,公共管理类,622,514,
四川,四川大学,法学,622,514,
四川,四川大学,信息资源管理,621,539,
四川,四川大学,西班牙语,621,539,
四川,四川大学,马克思主义理论,621,539,
四川,四川大学,英语,620,569,
四川,四川大学,日语,620,569,
四川,四川大学,社会工作,620,569,
四川,四川大学,旅游管理类,619,596,
四川,四川大学,哲学,619,596,
四川,四川大学,国际政治,619,596,
广东,中山大学,经济学类（广州）,638,170,
广东,中山大学,经济学类（珠海）,630,297,
广东,中山大学,公共管理类,630,297,
广东,中山大学,社会学类,629,324,
广东,中山大学,汉语言文学（广州）,629,324,
广东,中山大学,新闻传播学类,628,344,
广东,中山大学,法学,628,344,
广东,中山大学,图书情报与档案管理类,628,344,
广东,中山大学,旅游管理类,627,370,
广东,中山大学,外国语言文学类（广州）,627,370,
广东,中山大学,外国语言文学类（珠海）（民族班）,619,596,
上海,同济大学,工科试验班（建筑城规景观与设计类）,636,195,
上海,同济大学,人文科学试验班,626,396,
上海,同济大学,社会科学试验班,626,396,
北京,北京航空航天大学,社会科学试验班,624,457,
江苏,东南大学,文科试验班类,618,638,
江苏,东南大学,英语,618,638,
江苏,东南大学,日语,618,638,
北京,北京理工大学,社会科学试验班（精品文科班）,618,638,
北京,中国人民大学,法学,653,49,
北京,中国人民大学,金融学类,652,52,
北京,中国人民大学,经济学类,651,59,
北京,中国人民大学,新闻传播学类,651,59,
北京,中国人民大学,工商管理类,650,65,
北京,中国人民大学,国际政治,649,74,
北京,中国人民大学,财政学类,649,74,
北京,中国人民大学,人文科学试验班,647,95,
北京,中国人民大学,人力资源管理,647,95,
北京,中国人民大学,社会学类,647,95,
北京,中国人民大学,社会科学试验班（管理学科类）,647,95,
天津,南开大学,经济学类,634,226,
天津,南开大学,金融学类,633,250,
天津,南开大学,中国语言文学类,629,324,
天津,南开大学,公共管理类（含社会学、政治学、公共管理及心理学）,629,324,
天津,南开大学,历史学类,629,324,
天津,南开大学,工商管理类（含工商、图档、管科、国会）,628,344,
天津,天津大学,人文科学试验班,620,569,
山东,山东大学,中国语言文学类,619,596,
山东,山东大学,新闻传播学类,618,638,
山东,山东大学,法学类,617,673,
山东,山东大学,英语（可向翻译专业分流）,617,673,
山东,山东大学,经济学类,616,712,
山东,山东大学,工商管理类,614,788,
山东,山东大学,历史学类,614,788,
山东,山东大学,公共管理类,614,788,
山东,山东大学,哲学类,614,788,
湖南,中南大学,法学类,616,712,
湖南,中南大学,金融学类（经济管理类）,614,788,
湖南,中南大学,外国语言文学类,613,827,
湖南,中南大学,中国语言文学类,613,827,
陕西,西北工业大学,经济与贸易类,599,1553,
陕西,西北工业大学,外国语言文学类,598,1631,
广东,华南理工大学,经济学类,618,638,
广东,华南理工大学,法学（卓越法律班）,613,827,
广东,华南理工大学,新闻传播学类,612,866,
广东,华南理工大学,工商管理类,611,904,
广东,华南理工大学,旅游管理类,610,951,
广东,华南理工大学,传播学（2+2联合班）,608,1041,
广东,华南理工大学,商务英语,607,1095,
广东,华南理工大学,日语,607,1095,
福建,厦门大学,法学类,635,212,
福建,厦门大学,会计学,634,226,
福建,厦门大学,工商管理类,632,266,
福建,厦门大学,经济学类,630,297,
福建,厦门大学,英语,629,324,
福建,厦门大学,公共管理类,627,370,
福建,厦门大学,新闻传播学类,625,429,
福建,厦门大学,政治学类,624,457,
福建,厦门大学,社会学类,621,539,
福建,厦门大学,人文科学试验班,620,569,
福建,厦门大学,法语,620,569,
吉林,吉林大学,法学,612,866,
吉林,吉林大学,考古学,610,951,
吉林,吉林大学,哲学,610,951,
吉林,吉林大学,外交学,610,951,
吉林,吉林大学,经济学类,610,951,
吉林,吉林大学,政治学与行政学,608,1041,
吉林,吉林大学,日语,608,1041,
吉林,吉林大学,英语,608,1041,
北京,中国农业大学,法学,619,596,
北京,中国农业大学,农村区域发展,616,712,
北京,中国农业大学,国际经济与贸易（中外合作办学）,615,750,
北京,中国农业大学,社会学,614,788,
北京,中国农业大学,工商管理类,614,788,
北京,中国农业大学,传播学,614,788,
北京,中国农业大学,英语,614,788,
北京,中国农业大学,传播学（中外合作办学）,611,904,
四川,电子科技大学,社会科学试验班（公共管理与法律复合人才培养）,603,1312,
四川,电子科技大学,信息管理与信息系统,603,1312,
四川,电子科技大学,外国语言文学类,602,1374,
湖南,湖南大学,汉语言文学,616,712,
湖南,湖南大学,日语,615,750,
湖南,湖南大学,法学,612,866,
湖南,湖南大学,新闻传播学类,612,866,
湖南,湖南大学,英语,612,866,
湖南,湖南大学,历史学,612,866,
湖南,湖南大学,金融学,610,951,
上海,上海财经大学,金融学,645,113,
上海,上海财经大学,会计学,636,195,
上海,上海财经大学,法学,633,250,
上海,上海财经大学,工商管理类,632,266,
上海,上海财经大学,公共管理类,632,266,
上海,上海财经大学,社会学,632,266,
重庆,重庆大学,风景园林,616,712,
重庆,重庆大学,经济学类,613,827,
重庆,重庆大学,人文科学试验班,612,866,
重庆,重庆大学,法学类,610,951,
重庆,重庆大学,会计学（ACCA）,608,1041,
重庆,重庆大学,公共管理类,608,1041,
重庆,重庆大学,外国语言文学类,604,1253,
重庆,重庆大学,新闻传播学类,604,1253,
北京,北京科技大学,工商管理类,601,1439,
北京,北京科技大学,人文科学试验班,597,1696,
北京,北京科技大学,外国语言文学类,597,1696,
甘肃,兰州大学,工商管理类,603,1312,
甘肃,兰州大学,法学,602,1374,
甘肃,兰州大学,历史学类,601,1439,
甘肃,兰州大学,经济学类（民族班）,600,1501,
甘肃,兰州大学,新闻传播学类,599,1553,
甘肃,兰州大学,哲学,598,1631,
甘肃,兰州大学,英语,596,1773,
甘肃,兰州大学,思想政治教育,595,1838,
甘肃,兰州大学,汉语言文学,594,1926,
北京,北京交通大学,经济管理试验班,613,827,
北京,北京交通大学,新闻传播学类,608,1041,
北京,北京交通大学,法学,608,1041,
北京,北京交通大学,外国语言文学类,608,1041,
湖北,华中农业大学,公共管理类,590,2251,
湖北,华中农业大学,工商管理类,589,2331,
湖北,华中农业大学,外国语言文学类,587,2511,
湖北,华中农业大学,法学,587,2511,
湖北,华中农业大学,社会学类,585,2701,
湖北,华中农业大学,广告学,584,2803,
江苏,苏州大学,中国语言文学类,612,866,
江苏,苏州大学,金融学,610,951,
江苏,苏州大学,新闻传播学类,608,1041,
江苏,苏州大学,旅游管理,607,1095,
江苏,苏州大学,管理科学,607,1095,
江苏,苏州大学,日语,607,1095,
江苏,苏州大学,英语（师范）,606,1147,
吉林,东北师范大学,历史学,601,1439,
吉林,东北师范大学,思想政治教育,595,1838,
吉林,东北师范大学,社会学,594,1926,
吉林,东北师范大学,政治学类（入学一年后按成绩志愿分专业培养）,592,2076,
吉林,东北师范大学,旅游管理,592,2076,
吉林,东北师范大学,汉语言文学,591,2150,
吉林,东北师范大学,行政管理,590,2251,
吉林,东北师范大学,法学,589,2331,
吉林,东北师范大学,新闻传播学类（入学一年半后按成绩志愿分专业培养）,589,2331,
吉林,东北师范大学,俄语,589,2331,
吉林,东北师范大学,教育学类（入学一年后按成绩志愿分专业培养）,589,2331,
吉林,东北师范大学,日语,588,2408,
吉林,东北师范大学,哲学,587,2511,
北京,中央财经大学,金融学类,633,250,
北京,中央财经大学,经济学类,630,297,
北京,中央财经大学,工商管理类（会计学院）,629,324,
北京,中央财经大学,财政学类,629,324,
北京,中央财经大学,法学,627,370,
北京,中央财经大学,公共管理类,624,457,
北京,中央财经大学,社会学类,623,482,
上海,上海大学,英语,606,1147,
北京,中国政法大学,法学（法学人才培养模式改革实验班）,639,161,
北京,中国政法大学,法学,626,396,
北京,中国政法大学,社会学,625,429,
北京,中国政法大学,新闻学,625,429,
北京,中国政法大学,翻译（法律翻译方向）,625,429,
北京,中国政法大学,英语（法律英语方向）,624,457,
北京,中国政法大学,网络与新媒体,624,457,
北京,中国政法大学,行政管理,623,482,
北京,对外经济贸易大学,金融学类（金融学（国际金融与市场）、经济与金融）,634,226,
北京,对外经济贸易大学,经济学类（国际经济与贸易、财政学、税收学）,632,266,
北京,对外经济贸易大学,金融学类（金融学、金融工程、投资学）,629,324,
北京,对外经济贸易大学,工商管理类（会计学、财务管理、人力资源管理、市场营销、工商管理）,627,370,
北京,对外经济贸易大学,法学类（法学）,626,396,
北京,对外经济贸易大学,保险学,625,429,
北京,对外经济贸易大学,外国语言文学类（商务英语、翻译、英语）,625,429,
北京,中国石油大学（北京）,工商管理类,593,1999,
北京,中国石油大学（北京）,英语,590,2251,
河南,郑州大学,经济学类,596,1773,
河南,郑州大学,法学类,592,2076,
河南,郑州大学,中国语言文学类,591,2150,
河南,郑州大学,历史学类,591,2150,
河南,郑州大学,工商管理类,590,2251,
河南,郑州大学,新闻传播学类,590,2251,
河南,郑州大学,英语,590,2251,
河南,郑州大学,教育学,589,2331,
河南,郑州大学,旅游管理类,587,2511,
河南,郑州大学,公共管理类,587,2511,
四川,西南交通大学,法学,593,1999,
四川,西南交通大学,外国语言文学类,590,2251,
四川,西南交通大学,新闻传播学类,590,2251,
四川,西南交通大学,汉语言文学,590,2251,
四川,西南交通大学,应用心理学,590,2251,
四川,西南交通大学,政治学与行政学,589,2331,
四川,西南交通大学,汉语国际教育,587,2511,
四川,西南交通大学,公共事业管理,587,2511,
四川,西南交通大学,思想政治教育,587,2511,
四川,西南交通大学,商务英语峨眉校区,575,3908,
江苏,中国矿业大学,外国语言文学类,562,5939,
江苏,中国矿业大学,公共管理类,561,6111,
湖北,武汉理工大学,金融学,597,1696,
湖北,武汉理工大学,新闻传播学类,597,1696,
湖北,武汉理工大学,工商管理类,596,1773,
湖北,武汉理工大学,社会工作,594,1926,
湖北,武汉理工大学,思想政治教育,590,2251,
湖北,武汉理工大学,外国语言文学类,585,2701,
湖北,武汉理工大学,汉语国际教育,585,2701,
山东,中国海洋大学,新闻传播学类,605,1201,
山东,中国海洋大学,财务管理,604,1253,
山东,中国海洋大学,文化产业管理,604,1253,
山东,中国海洋大学,朝鲜语,599,1553,
山东,中国海洋大学,汉语言文学,598,1631,
山东,中国海洋大学,法学（中外合作办学）,573,4163,
湖北,中国地质大学（武汉）,公共管理类,591,2077,
湖北,中国地质大学（武汉）,广播电视学,589,2252,
湖北,中国地质大学（武汉）,工商管理类,589,2252,
江苏,江南大学,汉语言文学,593,1999,
江苏,江南大学,法学,591,2150,
江苏,江南大学,英语,591,2150,
江苏,江南大学,日语,590,2251,
江苏,江南大学,社会工作,589,2331,
江苏,江南大学,工商管理（中外合作办学）,579,3362,
江苏,河海大学,广播电视学,595,1838,
江苏,河海大学,英语,581,3144,
江苏,南京师范大学,中国语言文学类,606,1147,
江苏,南京师范大学,历史学类,604,1253,
江苏,南京师范大学,小学教育,602,1374,
江苏,南京师范大学,社会学,602,1374,
江苏,南京师范大学,财务管理,602,1374,
北京,北京化工大学,工商管理类,585,2701,
北京,北京化工大学,法学,583,2935,
北京,北京化工大学,英语,583,2935,
浙江,浙江工业大学,汉语言文学,562,5939,
浙江,浙江工业大学,公共管理类,558,6682,
湖北,中南财经政法大学,金融学类,617,673,
湖北,中南财经政法大学,会计学,617,673,
湖北,中南财经政法大学,法学类（民商法、涉外经贸、政府法制、刑事司法）,609,993,
湖北,中南财经政法大学,财政学类,607,1095,
湖北,中南财经政法大学,经济与贸易类,606,1147,
湖北,中南财经政法大学,劳动关系,606,1147,
湖北,中南财经政法大学,经济学,605,1201,
湖北,中南财经政法大学,工商管理类,604,1253,
湖北,中南财经政法大学,新闻传播学类,604,1253,
湖北,中南财经政法大学,外国语言文学类,603,1312,
湖北,中南财经政法大学,汉语言文学,603,1312,
湖北,中南财经政法大学,管理科学与工程类,603,1312,
陕西,西北大学,文物与博物馆学,602,1374,
陕西,西北大学,金融学,596,1773,
陕西,西北大学,工商管理类,593,1999,
陕西,西北大学,汉语言文学,591,2150,
陕西,西北大学,新闻传播学类,590,2251,
陕西,西北大学,公共管理类,589,2331,
陕西,西北大学,法学,589,2331,
广东,深圳大学,广告学,602,1374,
广东,深圳大学,会计学,602,1374,
广东,深圳大学,法学,602,1374,
广东,深圳大学,英语,600,1501,
广东,深圳大学,国际经济与贸易,600,1501,
广东,深圳大学,人力资源管理,597,1696,
广东,深圳大学,工商管理,596,1773,
重庆,西南大学,英语（公费师范）,607,1095,
重庆,西南大学,心理学（公费师范）,604,1253,
重庆,西南大学,英语,601,1439,
重庆,西南大学,应用心理学,601,1439,
重庆,西南大学,教育学类（晏阳初实验班）,600,1501,
重庆,西南大学,汉语言文学（公费师范）,600,1501,
重庆,西南大学,历史学（公费师范）,600,1501,
重庆,西南大学,特殊教育（公费师范）,598,1631,
重庆,西南大学,德语,597,1696,
重庆,西南大学,中国语言文学类,597,1696,
重庆,西南大学,思想政治教育（公费师范）,597,1696,
重庆,西南大学,学前教育（公费师范）,597,1696,
重庆,西南大学,地理科学（公费师范）,597,1696,
重庆,西南大学,日语,596,1773,
重庆,西南大学,经济学类,596,1773,
重庆,西南大学,俄语,595,1838,
重庆,西南大学,思想政治教育,594,1926,
重庆,西南大学,历史学类,594,1926,
重庆,西南大学,法学,593,1999,
重庆,西南大学,新闻学,593,1999,
重庆,西南大学,文化产业管理,593,1999,
重庆,西南大学,地理科学类,593,1999,
重庆,西南大学,农业经济管理类,593,1999,
重庆,西南大学,工商管理类,592,2076,
重庆,西南大学,公共管理类,592,2076,
重庆,西南大学,英语（定向西藏）,582,3032,
重庆,西南大学,思想政治教育（定向西藏）,581,3144,
重庆,西南大学,经济学（中外合作办学）,576,3774,
重庆,西南大学,心理学（中外合作办学）,574,4030,
重庆,西南大学,学前教育（定向西藏）,564,5585,
北京,中国地质大学（北京）,英语,590,2251,
福建,福州大学,汉语言文学,588,2408,
福建,福州大学,德语,586,2594,
福建,福州大学,财政学,586,2594,
福建,福州大学,社会学（定向万州）,571,4441,
四川,西南财经大学,金融学（双语实验班）,617,673,
四川,西南财经大学,会计学（双语实验班）,616,712,
四川,西南财经大学,法学（法学与会计学双学位班）,615,750,
四川,西南财经大学,财务管理（双语实验班）,615,750,
四川,西南财经大学,金融学类,614,788,
四川,西南财经大学,金融学（证券与期货方向）,612,866,
四川,西南财经大学,保险学（财务与会计双语实验班）,611,904,
四川,西南财经大学,财政学类,610,951,
四川,西南财经大学,保险学,609,993,
四川,西南财经大学,经济与贸易类,608,1041,
四川,西南财经大学,工商管理类（工商学院）,607,1095,
四川,西南财经大学,法学,607,1095,
四川,西南财经大学,外国语言文学类,607,1095,
四川,西南财经大学,人力资源管理,606,1147,
四川,西南财经大学,工商管理（双语实验班）,606,1147,
四川,西南财经大学,国际商务（中外合作办学）,588,2408,
四川,西南财经大学,市场营销（中外合作办学）（金融服务与营销方向）,577,3633,
江苏,江苏大学,英语,582,3032,
江苏,江苏大学,会计学,579,3362,
江苏,江苏大学,国际经济与贸易,576,3774,
江苏,江苏大学,日语,573,4163,
江苏,江苏大学,思想政治教育,572,4294,
江苏,江苏大学,人力资源管理,572,4294,
江苏,江苏大学,法学,571,4441,
江苏,江苏大学,公共事业管理,571,4441,
陕西,西北农林科技大学,法学,589,2331,
陕西,西北农林科技大学,社会学类,587,2511,
陕西,西北农林科技大学,公共管理类,586,2594,
江西,南昌大学,广告学,592,2076,
江西,南昌大学,工商管理类,587,2511,
江西,南昌大学,中国语言文学类,586,2594,
江西,南昌大学,新闻学,586,2594,
江西,南昌大学,法学类,585,2701,
江西,南昌大学,应用心理学,585,2701,
江西,南昌大学,护理学,584,2803,
江西,南昌大学,旅游管理,581,3144,
江西,南昌大学,档案学,581,3144,
江西,南昌大学,会展经济与管理,581,3144,
广东,南方医科大学,法学（卫生法学）,584,2803,
广东,南方医科大学,中医学,582,3032,
广东,南方医科大学,外国语言文学类,581,3144,
广东,南方医科大学,康复治疗学,580,3249,
广东,南方医科大学,助产学,574,4030,
广东,南方医科大学,护理学,572,4294,
北京,华北电力大学,工商管理类,585,2701,
北京,华北电力大学,公共管理类,572,4294,
北京,华北电力大学,外国语言文学类,568,4887,
广东,华南师范大学,汉语言文学（师范）,594,1926,
广东,华南师范大学,历史学（师范）,593,1999,
江苏,扬州大学,工商管理类,585,2701,
江苏,扬州大学,外国语言文学类,583,2935,
江苏,扬州大学,中国语言文学类,582,3032,
江苏,扬州大学,秘书学,581,3144,
江苏,扬州大学,广播电视学,579,3362,
北京,北京外国语大学,德语,637,178,
北京,北京外国语大学,英语,630,297,
北京,北京外国语大学,工商管理类,630,297,
北京,北京外国语大学,国际经济与贸易（中外合作办学）,603,1312,
北京,北京外国语大学,外交学（中外合作办学）,601,1439,
北京,北京林业大学,工商管理类,599,1553,
北京,北京林业大学,农林经济管理（梁希实验班）,599,1553,
北京,北京林业大学,法学,598,1631,
北京,北京林业大学,商务英语,596,1773,
云南,云南大学,经济学类,600,1501,
云南,云南大学,工商管理类,590,2251,
云南,云南大学,历史学（国家历史学基地班）,589,2331,
云南,云南大学,英语,588,2408,
云南,云南大学,法学,587,2511,
云南,云南大学,法语,587,2511,
云南,云南大学,信息管理与信息系统,586,2594,
云南,云南大学,汉语国际教育,586,2594,
云南,云南大学,政治学与行政学,585,2701,
云南,云南大学,社会学,585,2701,
云南,云南大学,广播电视学,585,2701,
云南,云南大学,新闻学,585,2701,
云南,云南大学,哲学,584,2803,
云南,云南大学,越南语,584,2803,
云南,云南大学,缅甸语,584,2803,
江苏,南京工业大学,工商管理类,565,5373,
江苏,南京工业大学,公共管理类,561,6111,
江苏,南京工业大学,法学,559,6507,
辽宁,东北财经大学,会计学（注册会计师方向和创新人才培养实验班）,605,1148,
辽宁,东北财经大学,金融学类（含金融学、金融工程、保险学和投资学）,602,1313,
辽宁,东北财经大学,工商管理类（含会计学、财务管理和资产评估）,600,1440,
辽宁,东北财经大学,会计学（中外合作办学）（与英国奥斯特大学合作办学）,576,3774,
辽宁,东北财经大学,会计学（与英国奥斯特大学合作办学项目）,566,5049,
辽宁,东北财经大学,经济学（中外合作办学）（与加拿大西安大略大学国王大学学院合作办学）,565,5373,
辽宁,东北财经大学,旅游管理（中外合作办学）（与英国萨里大学合作办学）,564,5585,
辽宁,东北财经大学,工商管理（中外合作办学）,561,5940,
辽宁,东北财经大学,财务管理（中外合作办学）,557,6683,
辽宁,东北财经大学,旅游管理（中外合作办学）,557,6683,
辽宁,东北财经大学,会计学（与澳大利亚科廷大学合作办学项目）,557,6683,
浙江,宁波大学,日语,588,2408,
浙江,宁波大学,工商管理类,585,2701,
浙江,宁波大学,物流管理,582,3032,
浙江,宁波大学,英语,582,3032,
浙江,宁波大学,旅游管理（中外合作办学）（中法合作）,574,4030,
浙江,宁波大学,人文地理与城乡规划（中外合作办学）（中法合作）,565,5373,
北京,北京中医药大学,中医学,608,1041,
北京,北京中医药大学,英语（医学）,604,1253,
福建,福建师范大学,中国语言文学类（含国家人才培养基地）（定向万州）,588,2408,
福建,福建师范大学,英语（定向万州）,577,3633,
福建,福建师范大学,汉语国际教育,576,3774,
福建,福建师范大学,学前教育,573,4163,
福建,福建师范大学,法学,569,4720,
福建,福建师范大学,公共管理类,568,4887,
福建,福建师范大学,旅游管理类,567,5048,
湖南,湖南师范大学,英语,596,1773,
湖南,湖南师范大学,汉语言文学,594,1926,
湖南,湖南师范大学,翻译,594,1926,
湖南,湖南师范大学,网络与新媒体,592,2076,
湖南,湖南师范大学,历史学,592,2076,
湖南,湖南师范大学,汉语国际教育,592,2076,
湖南,湖南师范大学,法学,591,2150,
湖南,湖南师范大学,思想政治教育,591,2150,
湖南,湖南师范大学,行政管理,591,2150,
湖南,湖南师范大学,编辑出版学,590,2251,
湖南,湖南师范大学,日语,590,2251,
湖南,湖南师范大学,国际经济与贸易,590,2251,
湖南,湖南师范大学,旅游管理,590,2251,
湖南,湖南师范大学,哲学,590,2251,
陕西,长安大学,英语,588,2408,
陕西,长安大学,思想政治教育,586,2594,
陕西,长安大学,公共管理类,583,2935,
陕西,长安大学,新闻传播学类,580,3249,
陕西,长安大学,法学,580,3249,
陕西,长安大学,建筑类,579,3362,
广东,广州大学,国际经济与贸易,575,3908,
广东,广州大学,法学,572,4294,
北京,中国传媒大学,新闻学,625,429,
北京,中国传媒大学,工商管理类,621,539,
北京,中国传媒大学,公共关系学,617,673,
北京,中国传媒大学,汉语言文学,616,712,
河北,燕山大学,翻译,564,5585,
河北,燕山大学,汉语言文学,556,7089,
河北,燕山大学,经济与金融,556,7089,
河北,燕山大学,工商管理,555,7292,
河北,燕山大学,行政管理,555,7292,
河北,燕山大学,旅游管理,554,7481,
浙江,杭州电子科技大学,传播学（新媒体方向）,571,4441,
浙江,杭州电子科技大学,社会学,569,4720,
浙江,杭州电子科技大学,英语（按外国语言文学类培养）,568,4887,
安徽,安徽大学,新闻传播学类,591,2150,
安徽,安徽大学,经济学类,589,2331,
安徽,安徽大学,中国语言文学类,588,2408,
安徽,安徽大学,法学类,588,2408,
安徽,安徽大学,工商管理类,587,2511,
安徽,安徽大学,西班牙语,587,2511,
安徽,安徽大学,哲学类,586,2594,
河南,河南大学,金融学类,582,3032,
河南,河南大学,历史学类,581,3144,
河南,河南大学,中国语言文学类,578,3492,
河南,河南大学,会计学,577,3633,
河南,河南大学,新闻传播学类,575,3908,
河南,河南大学,文化产业管理,575,3908,
河南,河南大学,法学,573,4163,
上海,上海外国语大学,法语,627,370,
上海,上海外国语大学,金融学,626,396,
上海,上海外国语大学,匈牙利语,626,396,
上海,上海外国语大学,新闻传播学类（卓越国际新闻传播人才计划）,625,429,
上海,上海外国语大学,国际经济与贸易（日语）,624,457,
上海,上海外国语大学,会计学,624,457,
上海,上海外国语大学,塞尔维亚语,624,457,
重庆,重庆医科大学,儿科学,596,1773,
重庆,重庆医科大学,临床医学（五年制本科）,587,2511,
重庆,重庆医科大学,预防医学,584,2803,
江苏,中国药科大学,英语（医药方向）,590,2251,
浙江,浙江师范大学,历史学（师范）,588,2408,
浙江,浙江师范大学,外国语言文学类,587,2511,
浙江,浙江师范大学,工商管理类,585,2701,
浙江,浙江师范大学,学前教育（师范）,585,2701,
浙江,浙江师范大学,汉语国际教育（师范）,584,2803,
浙江,浙江师范大学,文化产业管理,583,2935,
浙江,浙江师范大学,法学类,582,3032,
广西,广西大学,汉语言文学,580,3249,
广西,广西大学,经济学类,580,3249,
广西,广西大学,工商管理类,577,3633,
广西,广西大学,新闻传播学类,577,3633,
广西,广西大学,法学,576,3774,
广西,广西大学,公共管理类,575,3908,
山东,山东师范大学,思想政治教育,584,2803,
山东,山东师范大学,中国语言文学类,571,4441,
山东,山东师范大学,历史学类,570,4579,
山东,山东师范大学,教育学类,570,4579,
北京,中央民族大学,历史学类,611,904,
北京,中央民族大学,外国语言文学类,611,904,
北京,中央民族大学,社会学类,611,904,
北京,中央民族大学,民族学,610,951,
北京,中央民族大学,汉语言文学,610,951,
北京,中央民族大学,新闻传播学类,609,993,
北京,中央民族大学,经济学类,609,993,
北京,中央民族大学,汉语国际教育,608,1041,
北京,中央民族大学,公共管理类,606,1147,
北京,中央民族大学,哲学类,605,1201,
北京,中央民族大学,法学类,605,1201,
广东,广东工业大学,工商管理类,565,5373,
广东,广东工业大学,工商管理（国际班）,546,9256,
天津,河北工业大学,法学,573,4163,
天津,河北工业大学,公共管理类,568,4887,
山东,青岛大学,德语,581,3144,
山东,青岛大学,工商管理类,580,3249,
山东,青岛大学,汉语言文学,577,3633,
山东,青岛大学,经济学类,577,3633,
山东,青岛大学,法学,576,3774,
山东,青岛大学,金融学类,576,3774,
山东,青岛大学,新闻学,572,4294,
山东,青岛大学,英语,571,4441,
山东,青岛大学,旅游管理类,571,4441,
上海,上海师范大学,英语,590,2251,
上海,上海师范大学,人力资源管理,587,2511,
上海,上海师范大学,新闻传播学类,587,2511,
上海,上海师范大学,公共管理类,585,2701,
上海,上海师范大学,旅游管理类,584,2803,
上海,上海师范大学,经济学（中外合作办学）（中美合作）,571,4441,
湖南,湘潭大学,汉语言文学,577,3633,
湖南,湘潭大学,新闻学,574,4030,
湖南,湘潭大学,法学,573,4163,
湖南,湘潭大学,国际经济与贸易,570,4579,
湖南,湘潭大学,经济学,570,4579,
湖南,湘潭大学,人力资源管理,570,4579,
湖南,湘潭大学,历史学,570,4579,
湖南,湘潭大学,英语,569,4720,
湖南,湘潭大学,社会学,569,4720,
湖南,湘潭大学,电子商务,569,4720,
湖南,湘潭大学,广告学,568,4887,
湖南,湘潭大学,旅游管理,568,4887,
湖北,武汉科技大学,投资学,562,5939,
湖北,武汉科技大学,行政管理,561,6111,
湖北,武汉科技大学,国际经济与贸易,558,6682,
湖北,湖北大学,国际经济与贸易,572,4294,
湖北,湖北大学,外国语言文学类,571,4441,
湖北,湖北大学,中国语言文学类,571,4441,
湖北,湖北大学,档案学,569,4720,
湖北,湖北大学,新闻传播学类,569,4720,
辽宁,大连海事大学,财务管理,589,2331,
辽宁,大连海事大学,国际经济与贸易,581,3144,
辽宁,大连海事大学,法学,579,3362,
辽宁,大连海事大学,英语,578,3492,
山西,山西大学,法学,561,6111,
山西,山西大学,汉语言文学,559,6507,
山西,山西大学,政治学类,558,6682,
山西,山西大学,汉语国际教育,558,6682,
山西,山西大学,新闻传播学类,558,6682,
浙江,宁波诺丁汉大学,国际经济与贸易（中外合作办学）,588,2408,
浙江,宁波诺丁汉大学,英语（中外合作办学）,577,3633,
浙江,宁波诺丁汉大学,传播学（中外合作办学）,574,4030,
浙江,宁波诺丁汉大学,国际事务与国际关系（中外合作办学）,570,4579,
浙江,宁波诺丁汉大学,国际商务（中外合作办学）,568,4887,
浙江,宁波诺丁汉大学,经济学（中外合作办学）,563,5763,
浙江,宁波诺丁汉大学,财务管理（中外合作办学）,562,5939,
山西,太原理工大学,国际经济与贸易,570,4579,
山西,太原理工大学,英语,567,5048,
山西,太原理工大学,会计学,566,5195,
山西,太原理工大学,法学,566,5195,
山西,太原理工大学,汉语国际教育,565,5373,
山西,太原理工大学,行政管理,564,5585,
山西,太原理工大学,思想政治教育,563,5763,
黑龙江,东北林业大学,经济学类,567,5048,
黑龙江,东北林业大学,工商管理类,566,5195,
黑龙江,东北林业大学,俄语,565,5373,
黑龙江,东北林业大学,广告学,564,5585,
黑龙江,东北林业大学,法学,559,6507,
湖南,长沙理工大学,汉语言文学,562,5939,
湖南,长沙理工大学,翻译,559,6507,
湖南,长沙理工大学,会计学,559,6507,
湖南,长沙理工大学,法学,558,6682,
湖南,长沙理工大学,英语,558,6682,
黑龙江,东北农业大学,工商管理类,557,6874,
黑龙江,东北农业大学,英语,556,7089,
黑龙江,东北农业大学,行政管理,555,7292,
黑龙江,东北农业大学,法学类,554,7481,
江西,江西师范大学,思想政治教育,568,4887,
江西,江西师范大学,外国语言文学类,568,4887,
江西,江西师范大学,中国语言文学类,566,5195,
江西,江西师范大学,心理学类,565,5373,
江西,江西师范大学,小学教育,564,5585,
江西,江西师范大学,特殊教育,564,5585,
江西,江西师范大学,学前教育,563,5763,
江西,江西财经大学,金融学（国际投资与金融）,593,1999,
江西,江西财经大学,工商管理类（专业代码：27）,589,2331,
江西,江西财经大学,金融学类,587,2511,
江西,江西财经大学,会计学（ACCA方向）,585,2701,
江西,江西财经大学,金融学（FRM方向）,582,3032,
江西,江西财经大学,经济学类,581,3144,
江西,江西财经大学,工商管理类（专业代码：29）,581,3144,
江西,江西财经大学,社会学类,573,4163,
江西,江西财经大学,工商管理类（专业代码：26）,572,4294,
江西,江西财经大学,新闻传播学类,571,4441,
江西,江西财经大学,市场营销（国际营销）,571,4441,
内蒙古,内蒙古大学,英语,571,4441,
内蒙古,内蒙古大学,哲学（文史哲基地）,569,4720,
内蒙古,内蒙古大学,历史学,568,4887,
内蒙古,内蒙古大学,汉语言文学,566,5195,
内蒙古,内蒙古大学,法学,562,5939,
内蒙古,内蒙古大学,行政管理,561,6111,
内蒙古,内蒙古大学,劳动与社会保障,560,6303,
内蒙古,内蒙古大学,编辑出版学,560,6303,
内蒙古,内蒙古大学,新闻学,559,6507,
内蒙古,内蒙古大学,社会学,557,6874,
内蒙古,内蒙古大学,政治学与行政学,557,6874,
内蒙古,内蒙古大学,哲学,557,6874,
内蒙古,内蒙古大学,汉语国际教育,557,6874,
内蒙古,内蒙古大学,旅游管理,556,7089,
内蒙古,内蒙古大学,土地资源管理,555,7292,
河北,河北大学,新闻传播学类,565,5373,
河北,河北大学,法学,563,5763,
河北,河北大学,中国语言文学类,562,5939,
河北,河北大学,经济学,561,6111,
河北,河北大学,保险学,560,6303,
福建,福建农林大学,农林经济管理,552,7893,
浙江,杭州师范大学,汉语言文学（师范）,579,3362,
浙江,杭州师范大学,公共事业管理（卫生事业管理方向）,579,3362,
浙江,杭州师范大学,金融工程,577,3633,
山东,山东科技大学,行政管理,558,6682,
山东,山东科技大学,物流管理,554,7481,
山东,山东科技大学,会计学,552,7893,
山东,山东科技大学,工商管理,551,8128,
安徽,安徽师范大学,中国语言文学类,565,5373,
安徽,安徽师范大学,历史学类,564,5585,
安徽,安徽师范大学,教育学（师范）,563,5763,
贵州,贵州大学,英语,582,3032,
贵州,贵州大学,财政学类,580,3249,
贵州,贵州大学,工商管理类,579,3362,
贵州,贵州大学,政治学类,574,4030,
贵州,贵州大学,历史学,571,4441,
贵州,贵州大学,农林经济管理,566,5195,
贵州,贵州大学,旅游管理（中外合作办学）,550,8359,
辽宁,辽宁大学,会计学,584,2803,
辽宁,辽宁大学,汉语言文学,583,2935,
辽宁,辽宁大学,财政学,583,2935,
辽宁,辽宁大学,广告学,582,3032,
辽宁,辽宁大学,英语,582,3032,
辽宁,辽宁大学,编辑出版学,582,3032,
辽宁,辽宁大学,新闻学,580,3249,
辽宁,辽宁大学,会计学（中外合作办学（新华国际商学院））,559,6507,
辽宁,辽宁大学,工商管理（中外合作办学（新华国际商学院））,551,8128,
辽宁,辽宁大学,市场营销（中外合作办学）,546,9256,
河南,河南师范大学,教育学,556,7089,
河南,河南师范大学,汉语国际教育,554,7481,
河南,河南师范大学,马克思主义理论类,553,7674,
河南,河南师范大学,政治学与行政学,553,7674,
四川,西南石油大学,会计学,566,5195,
四川,西南石油大学,工商管理类,561,6111,
海南,海南大学,中国语言文学类（汉语言文学、汉语国际教育）,583,2935,
海南,海南大学,金融学,583,2935,
海南,海南大学,工商管理类（工商管理、市场营销、会计学、财务管理、人力资源管理）,581,3144,
海南,海南大学,新闻传播学类（广告学、传播学）,580,3249,
海南,海南大学,日语,578,3492,
海南,海南大学,国际经济与贸易,578,3492,
海南,海南大学,外国语言文学类（英语、商务英语）,577,3633,
海南,海南大学,旅游管理类（旅游管理、酒店管理、会展经济与管理）,576,3774,
海南,海南大学,农林经济管理,575,3908,
海南,海南大学,思想政治教育,574,4030,
海南,海南大学,法学,574,4030,
海南,海南大学,公共管理类（行政管理、土地资源管理、公共关系学）,574,4030,
海南,海南大学,行政管理（中外合作办学）,553,7674,
海南,海南大学,人文地理与城乡规划（中外合作办学）,550,8359,
海南,海南大学,会展经济与管理（中外合作办学）,549,8597,
海南,海南大学,酒店管理（中外合作办学）,541,10381,
江苏,南京中医药大学,中西医临床医学,571,4441,
江苏,南京中医药大学,护理学,555,7292,
浙江,中国计量大学,标准化工程,574,4030,
上海,华东政法大学,法学类（经济侦查）,619,596,
上海,华东政法大学,法学类（卓越法律人才实验班）,615,750,
上海,华东政法大学,社会学类,613,827,
上海,华东政法大学,新闻传播学类,612,866,
北京,首都经济贸易大学,税收学（税务师）,602,1374,
北京,首都经济贸易大学,工商管理类（工商学院）,600,1501,
重庆,西南政法大学,法学,581,3144,
重庆,西南政法大学,法学（中外合作办学）,579,3362,
重庆,西南政法大学,政治学与行政学,576,3774,
重庆,西南政法大学,新闻传播学类,576,3774,
重庆,西南政法大学,思想政治教育,575,3908,
重庆,西南政法大学,行政管理,575,3908,
重庆,西南政法大学,经济学类,574,4030,
重庆,西南政法大学,哲学,572,4294,
重庆,西南政法大学,德语,571,4441,
重庆,西南政法大学,社会工作,571,4441,
重庆,西南政法大学,英语,571,4441,
重庆,西南政法大学,工商管理类,571,4441,
重庆,西南政法大学,公共事业管理,571,4441,
黑龙江,黑龙江大学,法学,563,5763,
黑龙江,黑龙江大学,英语,557,6874,
黑龙江,黑龙江大学,法学（中俄）,556,7089,
黑龙江,黑龙江大学,商务英语,556,7089,
黑龙江,黑龙江大学,社会学,555,7292,
黑龙江,黑龙江大学,汉语国际教育,554,7481,
黑龙江,黑龙江大学,汉语言文学,553,7674,
黑龙江,黑龙江大学,哲学,553,7674,
黑龙江,黑龙江大学,社会工作,552,7893,
黑龙江,黑龙江大学,政治学与行政学,552,7893,
浙江,浙江工商大学,工商管理类,589,2331,
浙江,浙江工商大学,金融学类,587,2511,
浙江,浙江工商大学,会计学,581,3144,
浙江,浙江工商大学,公共管理类,579,3362,
浙江,浙江工商大学,经济统计学,579,3362,
浙江,浙江工商大学,英语,578,3492,
浙江,浙江工商大学,旅游管理类,578,3492,
浙江,浙江工商大学,历史学,577,3633,
广东,汕头大学,西班牙语,568,4887,
广东,汕头大学,行政管理,566,5195,
广东,汕头大学,汉语言文学,564,5585,
吉林,长春理工大学,网络与新媒体,556,7089,
吉林,长春理工大学,英语,555,7292,
吉林,长春理工大学,汉语国际教育,553,7674,
吉林,长春理工大学,日语,551,8128,
吉林,长春理工大学,汉语言文学,551,8128,
山东,济南大学,经济学类,565,5373,
山东,济南大学,中国语言文学类,564,5585,
山东,济南大学,新闻传播学类,563,5763,
山东,济南大学,工商管理类,563,5763,
山东,济南大学,英语（师范兼非师范类）,562,5939,
山东,济南大学,应用心理学,561,6111,
山东,济南大学,法学类,561,6111,
山东,济南大学,公共管理类,559,6507,
山东,济南大学,旅游管理类,559,6507,
四川,四川农业大学,金融学,576,3774,
四川,四川农业大学,财务管理,575,3908,
四川,四川农业大学,会计学,575,3908,
四川,四川农业大学,农村区域发展,573,4163,
四川,四川农业大学,审计学,571,4441,
四川,四川农业大学,经济学,570,4579,
四川,四川农业大学,农林经济管理,568,4887,
四川,四川农业大学,国际经济与贸易,567,5048,
四川,四川农业大学,土地资源管理,567,5048,
四川,四川农业大学,英语,566,5195,
四川,四川农业大学,投资学,566,5195,
四川,四川农业大学,工商管理,566,5195,
四川,四川农业大学,汉语言文学,565,5373,
四川,四川农业大学,法学,564,5585,
四川,四川农业大学,行政管理,564,5585,
四川,四川农业大学,信息管理与信息系统,563,5763,
四川,四川农业大学,广告学,563,5763,
四川,四川农业大学,资产评估,563,5763,
四川,四川农业大学,社会工作,563,5763,
四川,四川农业大学,会展经济与管理,563,5763,
四川,四川农业大学,旅游管理,563,5763,
四川,四川农业大学,酒店管理,563,5763,
四川,四川农业大学,人力资源管理,562,5939,
四川,四川农业大学,文化产业管理,562,5939,
四川,四川农业大学,电子商务,562,5939,
四川,四川农业大学,政治学与行政学,562,5939,
四川,四川农业大学,市场营销,562,5939,
江苏,江苏科技大学,英语,558,6682,
江苏,江苏科技大学,公共事业管理,556,7089,
江苏,江苏科技大学,旅游管理,554,7481,
江苏,江苏科技大学,财务管理,551,8128,
江苏,江苏科技大学,工商管理（中外合作办学）（与澳大利亚拉筹伯大学合作）,549,8597,
天津,天津师范大学,汉语国际教育,573,4163,
天津,天津师范大学,政治学与行政学（博雅班）,570,4579,
天津,天津师范大学,工商管理,568,4887,
安徽,安徽农业大学,茶学（茶文化与贸易）,558,6682,
安徽,安徽农业大学,农林经济管理,546,9256,
重庆,重庆邮电大学,法学类,564,5585,
重庆,重庆邮电大学,外国语言文学类,562,5939,
重庆,重庆邮电大学,英语类,562,5939,
湖北,武汉工程大学,法学,555,7292,
湖北,武汉工程大学,经济与贸易类,554,7481,
广东,广州中医药大学,中医学,587,2511,
广东,广州中医药大学,康复治疗学,570,4579,
广东,广州中医药大学,应用心理学,569,4720,
广东,广州中医药大学,国际经济与贸易,564,5585,
广东,广州中医药大学,护理学,554,7481,
广东,广州中医药大学,英语,553,7674,
广东,广州中医药大学,公共事业管理,552,7893,
北京,北京语言大学,国际事务与国际关系,615,750,
北京,北京语言大学,英语,614,788,
北京,北京语言大学,国际经济与贸易,603,1312,
北京,北京语言大学,汉语言文学,598,1631,
北京,北京语言大学,汉语国际教育,596,1773,
北京,北京语言大学,金融学,595,1838,
北京,北京语言大学,翻译（汉英法）,595,1838,
北京,北京语言大学,会计学,594,1926,
北京,北京语言大学,新闻学（国际新闻传播）,594,1926,
北京,北京语言大学,翻译（英语）,594,1926,
北京,北京语言大学,人力资源管理,593,1999,
新疆,石河子大学,英语,565,5373,
新疆,石河子大学,俄语,557,6874,
新疆,石河子大学,农林经济管理,556,7089,
新疆,石河子大学,中国语言文学类,554,7481,
新疆,石河子大学,法学,552,7893,
新疆,石河子大学,政治学与行政学,552,7893,
新疆,石河子大学,波斯语,551,8128,
新疆,石河子大学,社会工作,551,8128,
江苏,常州大学,国际经济与贸易,558,6682,
江苏,常州大学,会计学,547,9028,
江苏,常州大学,物流管理,545,9483,
广东,广东外语外贸大学,翻译,616,712,
广东,广东外语外贸大学,塞尔维亚语,604,1253,
广东,广东外语外贸大学,金融学类（一年后根据学校规定进行专业分流）,602,1374,
广东,广东外语外贸大学,国际商务,601,1439,
广东,广东外语外贸大学,日语,600,1501,
广东,广东外语外贸大学,工商管理类（商学院且一年后根据学校规定进行专业分流）,592,2076,
广东,广东外语外贸大学,印度尼西亚语,587,2511,
广东,广东外语外贸大学,中国语言文学类（一年后根据学校规定进行专业分流）,585,2701,
广东,广东外语外贸大学,柬埔寨语,585,2701,
广东,广东外语外贸大学,法学,582,3032,
广东,广东外语外贸大学,孟加拉语,581,3144,
广东,广东外语外贸大学,政治学类（一年后根据学校规定进行专业分流）,571,4441,
上海,上海海事大学,法学（海商法）,586,2594,
上海,上海海事大学,交通管理（航运管理）,584,2803,
上海,上海海事大学,经济学类,577,3633,
上海,上海海事大学,外国语言文学类,577,3633,
上海,上海海事大学,电气类（中外合作办学）,545,9483,
河北,河北师范大学,中国语言文学类,556,7089,
河北,河北师范大学,历史学类,553,7674,
河北,河北师范大学,思想政治教育,553,7674,
新疆,新疆大学,中国语言文学类,559,6507,
新疆,新疆大学,汉语国际教育,559,6507,
新疆,新疆大学,历史学,554,7481,
新疆,新疆大学,法学,553,7674,
新疆,新疆大学,酒店管理,553,7674,
新疆,新疆大学,新闻传播学类,553,7674,
江苏,南京财经大学,会计学,587,2511,
江苏,南京财经大学,财政学,583,2935,
江苏,南京财经大学,审计学,582,3032,
江苏,南京财经大学,金融学,581,3144,
江苏,南京财经大学,国际经济与贸易,581,3144,
江苏,南京财经大学,网络与新媒体,580,3249,
江苏,南京财经大学,商务英语,580,3249,
江苏,南京财经大学,公共事业管理,579,3362,
江苏,南京财经大学,人力资源管理,577,3633,
江苏,南京财经大学,社会工作,576,3774,
江苏,南京财经大学,广告学,575,3908,
江苏,南京财经大学,房地产开发与管理,574,4030,
宁夏,宁夏大学,历史学（教师教育）,570,4579,
宁夏,宁夏大学,汉语言文学（教师教育）,569,4720,
宁夏,宁夏大学,工商管理类,568,4887,
宁夏,宁夏大学,法学,566,5195,
宁夏,宁夏大学,思想政治教育（教师教育）,564,5585,
宁夏,宁夏大学,经济学,562,5939,
宁夏,宁夏大学,新闻传播学类,562,5939,
宁夏,宁夏大学,英语（翻译）,562,5939,
宁夏,宁夏大学,行政管理,561,6111,
宁夏,宁夏大学,旅游管理,555,7292,
湖北,三峡大学,英语,554,7481,
湖北,三峡大学,法学,553,7674,
湖北,三峡大学,财务管理,551,8128,
浙江,浙江财经大学,财政学,567,5048,
浙江,浙江财经大学,金融学类（中外合作办学）,567,5048,
浙江,浙江财经大学,国民经济管理,566,5195,
浙江,浙江财经大学,工商管理类（中外合作办学）,553,7674,
四川,成都理工大学,会计学,570,4579,
四川,成都理工大学,国际经济与贸易,569,4720,
四川,成都理工大学,广告学,567,5048,
四川,成都理工大学,经济学,567,5048,
四川,成都理工大学,法学,566,5195,
四川,成都理工大学,财务管理,565,5373,
四川,成都理工大学,英语,564,5585,
四川,成都理工大学,投资学,564,5585,
四川,成都理工大学,思想政治教育,563,5763,
四川,成都理工大学,旅游管理类,563,5763,
四川,成都理工大学,公共管理类,562,5939,
四川,成都理工大学,市场营销,562,5939,
四川,成都理工大学,工商管理类（中外合作办学）（会计学）（会计学）,548,8822,
湖北,长江大学,中国语言文学类（师范类）,560,6303,
湖北,长江大学,外国语言文学类,557,6874,
湖北,长江大学,财务管理,556.20,6874,
上海,上海对外经贸大学,法学（国际经济法方向）,605,1201,
上海,上海对外经贸大学,国际经济与贸易,604,1253,
上海,上海对外经贸大学,工商管理类,601,1439,
上海,上海对外经贸大学,经济学（国际投资方向）,600,1501,
上海,上海对外经贸大学,英语,598,1631,
上海,上海对外经贸大学,日语（商务日语方向）,598,1631,
河北,石家庄铁道大学,法学,553,7674,
河北,石家庄铁道大学,工商管理类,545,9483,
河北,石家庄铁道大学,英语,545,9483,
吉林,延边大学,中国语言文学类,567,5048,
吉林,延边大学,法学,564,5585,
吉林,延边大学,地理科学类,561,6111,
吉林,延边大学,朝鲜语,559,6507,
吉林,延边大学,社会学,559,6507,
吉林,延边大学,旅游管理,557,6874,
山东,山东财经大学,经济学,569,4720,
山东,山东财经大学,金融学,568,4887,
山东,山东财经大学,会计学,568,4887,
山东,山东财经大学,审计学,567,5048,
山东,山东财经大学,财务管理,566,5195,
山东,山东财经大学,财政学,559,6507,
山东,山东财经大学,税收学,558,6682,
山东,山东财经大学,资产评估,556,7089,
山东,山东财经大学,文化产业管理,554,7481,
山东,山东财经大学,工商管理类,554,7481,
山东,山东财经大学,保险学,553,7674,
山东,山东财经大学,国际经济与贸易,553,7674,
山东,山东财经大学,国际商务,552,7893,
山东,山东财经大学,贸易经济,552,7893,
山西,中北大学,法学,553,7674,
山西,中北大学,英语,550,8359,
重庆,重庆交通大学,知识产权,550,8359,
重庆,重庆交通大学,经济学,548,8822,
重庆,重庆交通大学,外国语言文学类,548,8822,
重庆,重庆交通大学,国际经济与贸易,547,9028,
重庆,重庆交通大学,工商管理类,547,9028,
重庆,重庆交通大学,新闻传播学类,547,9028,
重庆,重庆交通大学,旅游管理,546,9256,
湖南,湖南科技大学,教育学,561,6111,
湖南,湖南科技大学,金融工程,559,6507,
湖南,湖南科技大学,汉语国际教育,558,6682,
湖南,湖南科技大学,新闻学,557,6874,
湖南,湖南科技大学,汉语言文学,557,6874,
湖南,湖南科技大学,思想政治教育,557,6874,
湖南,湖南科技大学,法学,556,7089,
湖南,湖南科技大学,小学教育,556,7089,
湖南,湖南科技大学,广告学,556,7089,
湖南,湖南科技大学,应用心理学,556,7089,
湖南,湖南科技大学,国际经济与贸易,556,7089,
湖南,湖南科技大学,市场营销,555,7292,
湖南,湖南科技大学,电子商务,555,7292,
湖南,湖南科技大学,旅游管理,554,7481,
湖南,湖南科技大学,人力资源管理,554,7481,
湖南,湖南科技大学,公共事业管理,553,7674,
天津,天津财经大学,会计学（注册会计师）,599,1553,
天津,天津财经大学,金融学类,592,2076,
天津,天津财经大学,工商管理类,585,2701,
天津,天津财经大学,国际经济与贸易,583,2935,
天津,天津财经大学,审计学,577,3633,
天津,天津财经大学,商务英语,573,4163,
天津,天津财经大学,广播电视学（财经新闻）,573,4163,
江苏,南京审计大学,审计学,605,1201,
江苏,南京审计大学,金融学,604,1253,
江苏,南京审计大学,工商管理,598,1631,
湖北,中南民族大学,法学类（法学、知识产权）,566,5195,
湖北,中南民族大学,新闻传播学类（新闻学、广播电视学、广告学）,566,5195,
湖北,中南民族大学,中国语言文学类（汉语言文学、汉语国际教育）,564,5585,
湖北,中南民族大学,中国语言文学类（汉语言文学、汉语国际教育）（少数民族）,563,5763,
湖北,中南民族大学,外国语言文学类（英语、翻译、商务英语）,563,5763,
湖北,中南民族大学,经济学类（经济学、经济统计学、金融学、金融工程、保险学、国际经济与贸易）,563,5763,
湖北,中南民族大学,教育学类（教育学、教育技术学、应用心理学）,562,5939,
湖北,中南民族大学,新闻传播学类（新闻学、广播电视学、广告学）（少数民族）,562,5939,
湖北,中南民族大学,法学类（法学、知识产权）（少数民族）,558,6682,
湖北,中南民族大学,教育学类（教育学、教育技术学、应用心理学）（少数民族）,557,6874,
湖北,中南民族大学,外国语言文学类（英语、翻译、商务英语）（少数民族）,555,7292,
湖北,中南民族大学,经济学类（经济学、经济统计学、金融学、金融工程、保险学、国际经济与贸易）（少数民族）,555,7292,
天津,天津科技大学,人力资源管理,569,4720,
天津,天津科技大学,国际经济与贸易,563,5763,
天津,天津科技大学,英语,563,5763,
天津,天津科技大学,财务管理,561,6111,
天津,天津科技大学,汉语国际教育,560,6303,
天津,天津科技大学,金融学类,560,6303,
江苏,西交利物浦大学,建筑类,573,4163,
江苏,西交利物浦大学,工商管理类,570,4579,
江苏,西交利物浦大学,数学类,568,4887,
江苏,西交利物浦大学,外国语言文学类,566,5195,
湖南,南华大学,外国语言文学类,553,7674,
湖南,南华大学,法学,553,7674,
湖南,南华大学,护理学,552,7893,
四川,四川师范大学,英语,591,2150,
四川,四川师范大学,历史学,587,2511,
四川,四川师范大学,汉语言文学,587,2511,
四川,四川师范大学,地理科学类,586,2594,
四川,四川师范大学,思想政治教育,583,2935,
四川,四川师范大学,教育学,583,2935,
四川,四川师范大学,日语,583,2935,
四川,四川师范大学,小学教育,582,3032,
四川,四川师范大学,网络与新媒体,582,3032,
四川,四川师范大学,心理学,580,3249,
四川,四川师范大学,市场营销,580,3249,
四川,四川师范大学,广播电视学,579,3362,
四川,四川师范大学,法学,577,3633,
四川,四川师范大学,工商管理,576,3774,
四川,四川师范大学,公共事业管理,576,3774,
四川,四川师范大学,经济学,575,3908,
四川,四川师范大学,会计学,575,3908,
四川,四川师范大学,学前教育,575,3908,
四川,四川师范大学,财务管理,574,4030,
四川,四川师范大学,国际经济与贸易,574,4030,
四川,四川师范大学,审计学,570,4579,
四川,四川师范大学,俄语,568,4887,
四川,四川师范大学,法语,560,6303,
广东,北京师范大学-香港浸会大学联合国际学院,会计学（中外合作办学）,562,5939,
广东,北京师范大学-香港浸会大学联合国际学院,经济学（中外合作办学）培养应用经济学方向，英语单科成绩不低于100分。全英文教学。,559,6507,
广东,北京师范大学-香港浸会大学联合国际学院,新闻传播学类（广告学、传播学）（中外合作）按大类招生，包含广告学、传播学专业。其中，广告学专业培养公共关系与广告学方向，传播学专业培养媒体与传播/媒体艺术与设计/影视学三个方向。第一学年第一学期第十周前最后确认专业分流。英语单科成绩不低于100分。全英文教学。,558,6682,
广东,北京师范大学-香港浸会大学联合国际学院,工商管理类（财务管理、人力资源管理、市场营销、工商管理、文化产业管理）（中外合作）按大类招生，包含财务管理、人力资源管理、市场营销、工商管理、文化产业管理专业。其中，工商管理专业培养创业与创新管理方向，文化产业管理专业培养文化创意与管理方向。第一学年第一学期第十周前最后确认专业分流。英语单科成绩不低于100分。全英文教学。,557,6874,
黑龙江,哈尔滨理工大学,法学,551,8128,
黑龙江,哈尔滨理工大学,英语,550,8359,
黑龙江,哈尔滨理工大学,日语,546,9256,
四川,成都中医药大学,中医学（九年制）,609,993,
四川,成都中医药大学,中医学,593,1999,
四川,成都中医药大学,中医学（“5+3”一体化）,593,1999,
四川,成都中医药大学,针灸推拿学,587,2511,
四川,成都中医药大学,中医养生学,546,9256,
重庆,重庆师范大学,汉语国际教育,560,6303,
重庆,重庆师范大学,翻译,559,6507,
重庆,重庆师范大学,新闻学,558,6682,
重庆,重庆师范大学,应用心理学,557,6874,
重庆,重庆师范大学,日语,557,6874,
重庆,重庆师范大学,文物与博物馆学,557,6874,
重庆,重庆师范大学,网络与新媒体,557,6874,
重庆,重庆师范大学,工商管理类,553,7674,
重庆,重庆师范大学,学前教育（师范）（定向西藏）,531,13067,
重庆,重庆师范大学,特殊教育（师范）（定向西藏）,529,13610,
北京,北京第二外国语学院,商务英语,601,1439,
北京,北京第二外国语学院,德语,601,1439,
北京,北京第二外国语学院,国际事务与国际关系,599,1553,
北京,北京第二外国语学院,旅游管理,598,1631,
北京,北京第二外国语学院,汉语言文学,596,1773,
北京,北京第二外国语学院,日语（动漫文创）,596,1773,
北京,北京第二外国语学院,朝鲜语（韩国语）,593,1999,
北京,北京第二外国语学院,金融学（国际金融）,592,2076,
湖南,中南林业科技大学,日语,554,7481,
湖南,中南林业科技大学,会计学,554,7481,
湖南,中南林业科技大学,法学,553,7674,
湖南,中南林业科技大学,人力资源管理,550,8359,
湖南,中南林业科技大学,国际经济与贸易,549,8597,
湖南,中南林业科技大学,翻译,549,8597,
湖南,中南林业科技大学,农林经济管理,547,9028,
湖南,中南林业科技大学,金融学,547,9028,
湖南,中南林业科技大学,旅游管理类,545,9483,
湖南,中南林业科技大学,市场营销,545,9483,
黑龙江,黑龙江中医药大学,中西医临床医学,564,5585,
黑龙江,黑龙江中医药大学,中医学,560,6303,
黑龙江,黑龙江中医药大学,针灸推拿学,560,6303,
安徽,安徽财经大学,财务管理,572,4294,
安徽,安徽财经大学,会计学,570,4579,
安徽,安徽财经大学,经济与贸易类,567,5048,
安徽,安徽财经大学,金融学类,567,5048,
安徽,安徽财经大学,金融学,566,5195,
安徽,安徽财经大学,工商管理类,562,5939,
安徽,安徽财经大学,经济学类,561,6111,
安徽,安徽财经大学,财政学类,559,6507,
北京,北京印刷学院,编辑出版学,559,6507,
北京,北京印刷学院,传播学（国际出版）,558,6682,
北京,北京印刷学院,数字出版,556,7089,
北京,北京印刷学院,广告学,554,7481,
四川,西华师范大学,教育学（师范）,562,5939,
四川,西华师范大学,地理科学（师范）,560,6303,
四川,西华师范大学,汉语国际教育（师范）,559,6507,
四川,西华师范大学,新闻学,557,6874,
海南,海南师范大学,历史学,557,6874,
海南,海南师范大学,汉语言文学,554,7481,
海南,海南师范大学,思想政治教育,553,7674,
四川,成都信息工程大学,电子商务,550,8359,
北京,北京体育大学,新闻学,588,2408,
北京,北京体育大学,体育经济与管理,586,2594,
北京,北京体育大学,网络与新媒体,584,2803,
北京,北京体育大学,英语,583,2935,
北京,北京体育大学,教育学,583,2935,
北京,北京体育大学,公共事业管理,577,3633,
北京,北京体育大学,汉语国际教育,575,3908,
北京,北京体育大学,旅游管理,574,4030,
重庆,重庆理工大学,会计学,555,7292,
重庆,重庆理工大学,财务管理,552,7893,
重庆,重庆理工大学,经济学,550,8359,
重庆,重庆理工大学,国际经济与贸易,546,9256,
重庆,重庆理工大学,电子商务及法律,545,9483,
重庆,重庆理工大学,金融学类,545,9483,
重庆,重庆理工大学,公共管理类,545,9483,
重庆,重庆理工大学,工商管理类,545,9483,
湖南,湖南中医药大学,中医学（“5+3”一体化，本硕连读）,583,2935,
湖南,湖南中医药大学,针灸推拿学,574,4030,
湖南,湖南中医药大学,中西医临床医学,574,4030,
湖南,湖南中医药大学,中医学,572,4294,
湖南,湖南中医药大学,应用心理学,535,11964,
湖南,湖南中医药大学,护理学,535,11964,
湖南,湖南中医药大学,英语,534,12241,
湖南,湖南中医药大学,公共事业管理,534,12241,
湖南,湖南中医药大学,市场营销,533,12515,
陕西,西北政法大学,法学（民商法）,570,4579,
陕西,西北政法大学,法学（经济法）,569,4720,
陕西,西北政法大学,国际经济与贸易,569,4720,
陕西,西北政法大学,法学（刑事法）,568,4887,
陕西,西北政法大学,新闻学,567,5048,
陕西,西北政法大学,行政管理,567,5048,
陕西,西北政法大学,公共事业管理,567,5048,
陕西,西北政法大学,法学（国际法）,567,5048,
陕西,西北政法大学,审计学,566,5195,
陕西,西北政法大学,网络与新媒体,566,5195,
陕西,西北政法大学,劳动与社会保障,566,5195,
陕西,西北政法大学,电子商务及法律,565,5373,
陕西,西北政法大学,法学（反恐怖主义法）,565,5373,
陕西,西北政法大学,英语,565,5373,
四川,西南民族大学,会计学,566.20,5048,
四川,西南民族大学,法学,561.20,5939,
四川,西南民族大学,财务管理,561.20,5939,
四川,西南民族大学,金融学类,560.21,6111,
四川,西南民族大学,经济学,560.19,6111,
湖南,湖南工业大学,财务管理,553,7674,
湖南,湖南工业大学,国际经济与贸易,549,8597,
湖南,湖南工业大学,会计学,549,8597,
湖南,湖南工业大学,会计学（卓越ACCA班）,548,8822,
湖南,湖南工业大学,新闻传播学类,548,8822,
湖南,湖南工业大学,翻译,547,9028,
湖南,湖南工业大学,工商管理类,546,9256,
辽宁,辽宁工程技术大学,会计学,547,9028,
辽宁,辽宁工程技术大学,法学,545,9483,
辽宁,辽宁工程技术大学,英语,545,9483,
上海,上海政法学院,法学（涉外卓越律师人才培养试点班）,582,3032,
上海,上海政法学院,法学（经济法方向）,574,4030,
上海,上海政法学院,法学（民商法方向）,572,4294,
上海,上海政法学院,新闻学（卓越新闻传播人才培养试点班）,572,4294,
上海,上海政法学院,社会工作（卓越社会管理人才培养试点班）,571,4441,
上海,上海政法学院,法学（刑事司法方向）,571,4441,
上海,上海政法学院,汉语国际教育,571,4441,
上海,上海政法学院,俄语,570,4579,
上海,上海政法学院,法学（国际经济法方向）,570,4579,
上海,上海政法学院,广播电视学（卓越新闻传播人才培养试点班）,570,4579,
上海,上海政法学院,知识产权,569,4720,
上海,上海政法学院,经济与金融,569,4720,
浙江,温州肯恩大学,金融学（中外合作办学）（国际金融方向）,559,6507,
浙江,温州肯恩大学,英语（中外合作办学）（国际应用方向）,551,8128,
浙江,温州肯恩大学,会计学（中外合作办学）（国际会计方向）,548,8822,
浙江,温州肯恩大学,传播学（中外合作办学）,548,8822,
浙江,温州肯恩大学,建筑学（中外合作办学）,547,9028,
重庆,重庆工商大学,网络与新媒体（国家专项计划）,560,6303,
重庆,重庆工商大学,工商管理类,559,6507,
重庆,重庆工商大学,经济学,558,6682,
重庆,重庆工商大学,英语,558,6682,
重庆,重庆工商大学,工商管理（国家专项计划）,558,6682,
重庆,重庆工商大学,金融学类,556,7089,
重庆,重庆工商大学,网络与新媒体,556,7089,
重庆,重庆工商大学,新闻学,555,7292,
重庆,重庆工商大学,工商管理,555,7292,
重庆,重庆工商大学,财政学类,554,7481,
重庆,重庆工商大学,经济学（国家专项计划）,554,7481,
重庆,重庆工商大学,会展经济与管理,553,7674,
重庆,重庆工商大学,公共管理类（国家专项计划）,553,7674,
重庆,重庆工商大学,英语（国家专项计划）,553,7674,
重庆,重庆工商大学,工商管理类（国家专项计划）,552,7893,
重庆,重庆工商大学,金融学类（国家专项计划）,552,7893,
重庆,重庆工商大学,人力资源管理,552,7893,
重庆,重庆工商大学,经济与贸易类,552,7893,
重庆,重庆工商大学,商务英语,552,7893,
重庆,重庆工商大学,国际商务,551,8128,
重庆,重庆工商大学,商务英语（国家专项计划）,551,8128,
重庆,重庆工商大学,网络与新媒体（地方专项计划）,551,8128,
重庆,重庆工商大学,财政学类（国家专项计划）,550,8359,
重庆,重庆工商大学,旅游管理类,550,8359,
重庆,重庆工商大学,公共管理类,550,8359,
重庆,重庆工商大学,物流管理（国家专项计划）,550,8359,
重庆,重庆工商大学,工商管理（地方专项计划）,550,8359,
重庆,重庆工商大学,物流管理,549,8597,
重庆,重庆工商大学,经济与贸易类（国家专项计划）,549,8597,
重庆,重庆工商大学,市场营销（国家专项计划）,549,8597,
重庆,重庆工商大学,新闻学（地方专项计划）,549,8597,
重庆,重庆工商大学,新闻学（国家专项计划）,548,8822,
重庆,重庆工商大学,国际商务（国家专项计划）,548,8822,
重庆,重庆工商大学,会展经济与管理（国家专项计划）,548,8822,
重庆,重庆工商大学,旅游管理类（国家专项计划）,547,9028,
重庆,重庆工商大学,人力资源管理（国家专项计划）,547,9028,
重庆,重庆工商大学,商务英语（地方专项计划）,547,9028,
重庆,重庆工商大学,英语（地方专项计划）,547,9028,
重庆,重庆工商大学,经济学（地方专项计划）,546,9256,
重庆,重庆工商大学,金融学类（地方专项计划）,545,9483,
重庆,重庆工商大学,工商管理类（地方专项计划）,543,9941,
重庆,重庆工商大学,旅游管理类（地方专项计划）,543,9941,
重庆,重庆工商大学,国际商务（地方专项计划）,542,10153,
重庆,重庆工商大学,会展经济与管理（地方专项计划）,542,10153,
重庆,重庆工商大学,经济与贸易类（地方专项计划）,541,10381,
重庆,重庆工商大学,市场营销（地方专项计划）,540,10635,
重庆,重庆工商大学,公共管理类（地方专项计划）,540,10635,
重庆,重庆工商大学,财政学类（地方专项计划）,540,10635,
重庆,重庆工商大学,人力资源管理（地方专项计划）,540,10635,
重庆,重庆工商大学,物流管理（地方专项计划）,540,10635,
重庆,重庆工商大学,金融学（中外合作办学）,537,11420,
重庆,重庆工商大学,会计学（中外合作办学）,535,11964,
重庆,重庆工商大学,工商管理（中外合作办学）,528,13905,
重庆,重庆工商大学,国际经济与贸易（中外合作办学）,527,14176,
重庆,重庆工商大学,人力资源管理（中外合作办学）,525,14732,
四川,西华大学,会计学,560,6303,
四川,西华大学,经济学,555,7292,
四川,西华大学,财务管理,554,7481,
四川,西华大学,审计学,554,7481,
四川,西华大学,国际经济与贸易,551,8128,
北京,北京物资学院,经济学,568,4887,
北京,北京物资学院,物流管理与工程类,567,5048,
北京,北京物资学院,会计学（注册会计师）,560,6303,
北京,北京物资学院,财务管理,557,6874,
北京,北京物资学院,会计学（管理会计）,557,6874,
北京,北京物资学院,工商管理类,556,7089,
重庆,四川外国语大学,翻译,566,5195,
重庆,四川外国语大学,英语,562,5939,
重庆,四川外国语大学,商务英语,560,6303,
重庆,四川外国语大学,商务英语（中外合作办学）,548,8822,
陕西,西安外国语大学,西班牙语,596,1773,
陕西,西安外国语大学,葡萄牙语,567,5048,
陕西,西安外国语大学,翻译,565,5373,
陕西,西安外国语大学,英语,564,5585,
陕西,西安外国语大学,法语,563,5763,
陕西,西安外国语大学,德语,563,5763,
陕西,西安外国语大学,商务英语,561,6111,
黑龙江,哈尔滨商业大学,会计学（本硕班）,549,8597,
黑龙江,哈尔滨商业大学,工商管理类,546,9256,
黑龙江,哈尔滨商业大学,金融学类,545,9483,
山东,山东大学（威海）,工商管理类,609,993,
山东,山东大学（威海）,外国语言文学类（英语）,606,1147,
山东,山东大学（威海）,经济学类,605,1201,
山东,山东大学（威海）,法学类,605,1201,
山东,山东大学（威海）,政治学类,604,1253,
山东,山东大学（威海）,金融学（中外合作办学）,596,1773,
河北,华北电力大学保定校区,经济学类,600,1501,
河北,华北电力大学保定校区,工商管理类,579,3362,
河北,华北电力大学保定校区,外国语言文学类,576,3774,
河北,华北电力大学保定校区,法学类,571,4441,
河北,华北电力大学保定校区,公共管理类,567,5048,
北京,北京电影学院,文化产业管理,598,1631,
新疆,中国石油大学（北京）克拉玛依校区,会计学,554,7481,
新疆,中国石油大学（北京）克拉玛依校区,经济学类,551,8128,
新疆,中国石油大学（北京）克拉玛依校区,俄语,551,8128,
江苏,中国人民大学（苏州校区）,金融学（中外合作办学）,627,370,
江苏,中国人民大学（苏州校区）,国民经济管理（中外合作办学）,625,429,
北京,中国戏曲学院,文化产业管理,564,5585,
安徽,合肥工业大学宣城校区,广告学,571,4441,
安徽,合肥工业大学宣城校区,英语,571,4441,
安徽,合肥工业大学宣城校区,法学,567,5048,
