﻿省份,学校名称,专业,最低录取分,最低录取名次,选课要求
北京,首都师范大学,中国语言文学类,598,1988,
北京,首都师范大学,文化产业管理,596,2124,
北京,清华大学,文科试验班类（经济、金融与管理）,664,20,
北京,北京大学,经济学类,674,5,
北京,北京大学,文科试验班类（全校教学资源范围内自由选择专业）,668,9,
北京,北京大学,工商管理类,667,10,
北京,北京大学,国际政治（国政、外交学、国际政经）,666,15,
北京,北京大学,法学,666,15,
北京,北京大学,社会学类,666,15,
北京,北京大学,中国语言文学类,664,20,
北京,北京大学,哲学类,664,20,
北京,北京大学,公共管理类,664,20,
浙江,浙江大学,社会科学试验班,650,101,
浙江,浙江大学,人文科学试验班,648,123,
上海,上海交通大学,经济管理试验班（含双学士学位项目）,654,64,
上海,复旦大学,中国语言文学类,656,49,
上海,复旦大学,经济学类,655,57,
上海,复旦大学,新闻传播学类（卓越新闻人才计划）,655,57,
上海,复旦大学,社会科学试验班,654,64,
上海,复旦大学,法学（卓越法律人才基地）,654,64,
江苏,南京大学,外国语言文学类,656,49,
江苏,南京大学,经济管理试验班,651,90,
江苏,南京大学,人文科学试验班（人文艺术传播类）,647,141,
江苏,南京大学,社会科学试验班,647,141,
湖北,华中科技大学,工商管理类,630,463,
湖北,华中科技大学,新闻传播学类,624,614,
湖北,华中科技大学,中国语言文学类,623,648,
湖北,武汉大学,法学（卓越法治人才教育培养计划）,645,171,
湖北,武汉大学,人文科学试验班（弘毅学堂）,644,187,
湖北,武汉大学,经济学类,643,201,
湖北,武汉大学,外国语言文学类,641,237,
湖北,武汉大学,中国语言文学类,641,237,
陕西,西安交通大学,外国语言文学类,623,648,
陕西,西安交通大学,文科试验班类,623,648,
四川,四川大学,经济学类,631,436,
四川,四川大学,中国语言文学类,631,436,
四川,四川大学,法学,629,490,
四川,四川大学,新闻传播学类,629,490,
四川,四川大学,会计学（ACCA）,628,511,
四川,四川大学,英语,628,511,
四川,四川大学,法语,628,511,
四川,四川大学,档案学,627,537,
四川,四川大学,信息资源管理,627,537,
四川,四川大学,工商管理类,627,537,
四川,四川大学,西班牙语,626,558,
四川,四川大学,公共管理类,625,586,
四川,四川大学,日语,625,586,
四川,四川大学,国际政治,625,586,
四川,四川大学,旅游管理类,625,586,
广东,中山大学,经济学类（广州）,642,220,
广东,中山大学,社会学类,640,256,
广东,中山大学,汉语言文学,640,256,
广东,中山大学,公共管理类,640,256,
广东,中山大学,外国语言文学类（广州）,638,286,
广东,中山大学,法学,638,286,
广东,中山大学,新闻传播学类,638,286,
广东,中山大学,经济学类（珠海）,636,320,
广东,中山大学,图书情报与档案管理类,636,320,
广东,中山大学,旅游管理类,635,341,
广东,中山大学,外国语言文学类（珠海）（民族班）,623,648,
上海,同济大学,工科试验班（建筑规划景观与设计类）,650,101,
上海,同济大学,社会科学试验班,634,365,
上海,同济大学,人文科学试验班,634,365,
江苏,东南大学,文科试验班类,625,586,
北京,北京师范大学,人文科学试验班（珠海校区）,626,558,
北京,北京师范大学,社会科学试验班（珠海校区）,624,614,
北京,北京理工大学,社会科学试验班（精品文科班）,621,720,
北京,中国人民大学,法学,657,42,
北京,中国人民大学,金融学类,656,49,
北京,中国人民大学,经济学类,655,57,
北京,中国人民大学,新闻传播学类,654,64,
北京,中国人民大学,工商管理类,653,70,
北京,中国人民大学,财政学类,653,70,
北京,中国人民大学,社会科学试验班（管理学科类）,652,80,
北京,中国人民大学,社会学类,651,90,
北京,中国人民大学,人力资源管理（以学校公布分流专业为准）,651,90,
北京,中国人民大学,国际政治（以学校公布分流专业为准）,651,90,
天津,南开大学,金融学类,641,237,
天津,南开大学,经济学类,640,256,
天津,南开大学,公共管理类,638,286,
天津,南开大学,工商管理类,638,286,
天津,天津大学,人文科学试验班,626,558,
山东,山东大学,经济学类,623,648,
山东,山东大学,法学类,623,648,
山东,山东大学,新闻传播学类,622,686,
山东,山东大学,工商管理类,622,686,
山东,山东大学,历史学类,621,720,
山东,山东大学,外国语言文学类,621,720,
山东,山东大学,公共管理类,620,764,
山东,山东大学,哲学类,620,764,
湖南,中南大学,法学类,622,686,
湖南,中南大学,外国语言文学类,620,764,
湖南,中南大学,金融学类（经济管理类）,620,764,
湖南,中南大学,中国语言文学类,619,804,
陕西,西北工业大学,外国语言文学类,604,1559,
陕西,西北工业大学,经济与贸易类（国贸与法学）,602,1684,
广东,华南理工大学,经济学类,620,764,
广东,华南理工大学,工商管理类,619,804,
广东,华南理工大学,新闻传播学类,618,841,
广东,华南理工大学,法学（卓越法律班）,617,882,
广东,华南理工大学,商务英语,615,965,
广东,华南理工大学,日语,615,965,
广东,华南理工大学,传播学（2加2联合班）,615,965,
广东,华南理工大学,旅游管理类,615,965,
福建,厦门大学,会计学（含会计、财务）,638,286,
福建,厦门大学,经济学类,635,341,
福建,厦门大学,人文科学试验班,635,341,
福建,厦门大学,新闻传播学类,635,341,
福建,厦门大学,工商管理类,634,365,
福建,厦门大学,管理科学与工程类,634,365,
福建,厦门大学,法学类,633,380,
福建,厦门大学,政治学类,633,380,
福建,厦门大学,公共管理类,633,380,
福建,厦门大学,社会学类,633,380,
福建,厦门大学,外国语言文学类,632,405,
吉林,吉林大学,法学,623,648,
吉林,吉林大学,经济学类（含经济学、财政学、金融学、国际经济与贸易）,622,686,
吉林,吉林大学,哲学,619,804,
吉林,吉林大学,英语,619,804,
吉林,吉林大学,政治学与行政学（含政治学与行政学、国际政治、行政管理）,619,804,
吉林,吉林大学,外交学,618,841,
吉林,吉林大学,考古学（含考古学、文物与博物馆学）,618,841,
吉林,吉林大学,农林经济管理（国家专项）,608,1310,
北京,中国农业大学,农村区域发展,623,648,
北京,中国农业大学,工商管理类,622,686,
北京,中国农业大学,社会学,621,720,
北京,中国农业大学,传播学,620,764,
北京,中国农业大学,法学,620,764,
北京,中国农业大学,英语,620,764,
北京,中国农业大学,国际经济与贸易（中外合作办学）,615,965,
北京,中国农业大学,传播学（中外合作办学）,541,10068,
四川,电子科技大学,信息管理与信息系统,609,1261,
四川,电子科技大学,社会科学试验班（公共管理与法律复合人才培养）,608,1310,
四川,电子科技大学,外国语言文学类,608,1310,
湖南,湖南大学,英语,620,764,
湖南,湖南大学,金融学,619,804,
湖南,湖南大学,会计学,619,804,
湖南,湖南大学,历史学,619,804,
湖南,湖南大学,新闻传播学类,617,882,
湖南,湖南大学,汉语言文学,616,919,
湖南,湖南大学,法学,616,919,
湖南,湖南大学,日语,615,965,
上海,上海财经大学,金融学,646,156,
上海,上海财经大学,会计学,645,171,
上海,上海财经大学,财政学类,645,171,
上海,上海财经大学,工商管理类,643,201,
上海,上海财经大学,投资学,643,201,
上海,上海财经大学,法学,643,201,
上海,上海财经大学,社会学,639,265,
重庆,重庆大学,人文科学试验班,619,804,
重庆,重庆大学,风景园林,618,841,
重庆,重庆大学,经济学类,616,919,
重庆,重庆大学,会计学（ACCA方向）,616,919,
重庆,重庆大学,工商管理类,614,1017,
重庆,重庆大学,公共管理类,613,1059,
重庆,重庆大学,法学类,612,1102,
重庆,重庆大学,新闻传播学类,610,1209,
重庆,重庆大学,外国语言文学类,609,1261,
北京,北京科技大学,工商管理类,607,1364,
北京,北京科技大学,社会科学试验班,606,1429,
北京,北京科技大学,外国语言文学类,605,1491,
甘肃,兰州大学,历史学类,607,1364,
甘肃,兰州大学,法学,606,1429,
甘肃,兰州大学,经济学类,606,1429,
甘肃,兰州大学,工商管理类,606,1429,
甘肃,兰州大学,哲学,605,1491,
甘肃,兰州大学,英语,603,1624,
甘肃,兰州大学,汉语言文学,603,1624,
甘肃,兰州大学,俄语,603,1624,
甘肃,兰州大学,经济学类（民族班）,589,2696,
甘肃,兰州大学,护理学（护理学）,556,7050,
北京,北京交通大学,经济管理试验班,617,882,
北京,北京交通大学,外国语言文学类,615,965,
北京,北京交通大学,新闻传播学类,614,1017,
北京,北京交通大学,法学,613,1059,
湖北,华中农业大学,社会学类,592,2461,
湖北,华中农业大学,法学,590,2611,
湖北,华中农业大学,外国语言文学类,590,2611,
湖北,华中农业大学,工商管理类,590,2611,
湖北,华中农业大学,公共管理类,590,2611,
湖北,华中农业大学,广告学,589,2696,
江苏,苏州大学,新闻传播学类,618,841,
江苏,苏州大学,中国语言文学类,616,919,
江苏,苏州大学,英语（师范）,615,965,
江苏,苏州大学,旅游管理,612,1102,
江苏,苏州大学,日语,612,1102,
江苏,苏州大学,金融学,610,1209,
江苏,苏州大学,管理科学,610,1209,
吉林,东北师范大学,英语（师范类）,610,1209,
吉林,东北师范大学,商务英语,600,1835,
吉林,东北师范大学,汉语言文学（师范类）,599,1917,
吉林,东北师范大学,马克思主义理论类,598,1988,
吉林,东北师范大学,教育学类（师范类）,598,1988,
吉林,东北师范大学,历史学（师范类）,597,2064,
吉林,东北师范大学,政治学类,597,2064,
吉林,东北师范大学,新闻传播学类,597,2064,
吉林,东北师范大学,经济学类,597,2064,
吉林,东北师范大学,俄语（师范类）,597,2064,
北京,中央财经大学,金融学类,642,220,
北京,中央财经大学,工商管理类（会计学院）,641,237,
北京,中央财经大学,财政学类,640,256,
北京,中央财经大学,经济学类,639,265,
北京,中央财经大学,公共管理类,635,341,
北京,中央财经大学,社会学类,634,365,
北京,中央财经大学,法学,633,380,
北京,中央财经大学,文化产业管理,632,405,
上海,上海大学,社会学类（代表人文社科类）,616,919,
上海,上海大学,英语,613,1059,
北京,中国政法大学,法学（法学人才培养模式改革实验班）,645,171,
北京,中国政法大学,法学,637,304,
北京,中国政法大学,社会学,637,304,
北京,中国政法大学,行政管理,637,304,
北京,中国政法大学,英语（法律英语方向）,637,304,
北京,中国政法大学,翻译（法律翻译方向）,637,304,
北京,中国政法大学,网络与新媒体,636,320,
北京,对外经济贸易大学,金融学（国际金融与市场）,633,380,
北京,对外经济贸易大学,经济与金融,633,380,
北京,对外经济贸易大学,国际经济与贸易,632,405,
北京,对外经济贸易大学,税收学,632,405,
北京,对外经济贸易大学,财政学,632,405,
北京,对外经济贸易大学,法学,631,436,
北京,对外经济贸易大学,工商管理,631,436,
北京,对外经济贸易大学,市场营销,631,436,
北京,对外经济贸易大学,会计学,631,436,
北京,对外经济贸易大学,财务管理,631,436,
北京,对外经济贸易大学,人力资源管理,631,436,
北京,对外经济贸易大学,投资学,630,463,
北京,对外经济贸易大学,保险学,629,490,
北京,对外经济贸易大学,英语,629,490,
北京,对外经济贸易大学,商务英语,629,490,
北京,对外经济贸易大学,翻译,629,490,
北京,对外经济贸易大学,俄语,623,648,
北京,对外经济贸易大学,朝鲜语,619,804,
北京,中国石油大学（北京）,工商管理类,602,1684,
北京,中国石油大学（北京）,思想政治教育,597,2064,
北京,中国石油大学（北京）,英语,596,2124,
河南,郑州大学,法学类,598,1988,
河南,郑州大学,经济学类,597,2064,
河南,郑州大学,中国语言文学类,595,2202,
河南,郑州大学,历史学类,595,2202,
河南,郑州大学,新闻传播学类,595,2202,
河南,郑州大学,教育学类,595,2202,
河南,郑州大学,外国语言文学类,595,2202,
河南,郑州大学,工商管理类,594,2288,
河南,郑州大学,公共管理类,594,2288,
河南,郑州大学,旅游管理类,593,2374,
四川,西南交通大学,应用心理学,598,1988,
四川,西南交通大学,法学,596,2124,
四川,西南交通大学,新闻传播学类,596,2124,
四川,西南交通大学,汉语言文学,596,2124,
四川,西南交通大学,外国语言文学类,595,2202,
四川,西南交通大学,思想政治教育,595,2202,
四川,西南交通大学,政治学与行政学,595,2202,
四川,西南交通大学,公共事业管理,594,2288,
四川,西南交通大学,汉语国际教育,594,2288,
四川,西南交通大学,商务英语（峨眉校区）,580,3592,
江苏,中国矿业大学,公共管理类,585,3057,
江苏,中国矿业大学,外国语言文学类,581,3471,
湖北,武汉理工大学,汉语国际教育,597,2064,
湖北,武汉理工大学,金融学,596,2124,
湖北,武汉理工大学,国际经济与贸易,595,2202,
湖北,武汉理工大学,外国语言文学类,594,2288,
湖北,武汉理工大学,工商管理类,593,2374,
湖北,武汉理工大学,新闻传播学类,592,2461,
湖北,武汉理工大学,社会工作,591,2538,
山东,中国海洋大学,财务管理,607,1364,
山东,中国海洋大学,文化产业管理,607,1364,
山东,中国海洋大学,外国语言文学类,606,1429,
山东,中国海洋大学,汉语言文学,606,1429,
山东,中国海洋大学,新闻传播学类,606,1429,
山东,中国海洋大学,旅游管理,606,1429,
山东,中国海洋大学,法学（中外合作办学）,581,3471,
湖北,中国地质大学（武汉）,广播电视学,597,2064,
湖北,中国地质大学（武汉）,工商管理类,592,2461,
湖北,中国地质大学（武汉）,公共管理类,581,3471,
江苏,江南大学,日语,598,1988,
江苏,江南大学,汉语言文学,595,2202,
江苏,江南大学,法学,594,2288,
江苏,江南大学,社会工作,591,2538,
江苏,江南大学,工商管理（中外合作办学）,580,3592,
江苏,河海大学,广播电视学,595,2202,
江苏,河海大学,英语,591,2538,
江苏,南京师范大学,中国语言文学类,619,804,
江苏,南京师范大学,工商管理类,608,1310,
江苏,南京师范大学,地理科学类,607,1364,
江苏,南京师范大学,历史学类,606,1429,
江苏,南京师范大学,社会学,605,1491,
北京,北京化工大学,工商管理类,593,2374,
北京,北京化工大学,法学,590,2611,
北京,北京化工大学,英语,589,2696,
湖北,中南财经政法大学,工商管理类（财务会计）,627,537,
湖北,中南财经政法大学,金融学类,620,764,
湖北,中南财经政法大学,法学类,617,882,
湖北,中南财经政法大学,财政学类,617,882,
湖北,中南财经政法大学,经济学类,615,965,
湖北,中南财经政法大学,经济与贸易类,615,965,
湖北,中南财经政法大学,工商管理类,614,1017,
湖北,中南财经政法大学,汉语言文学,613,1059,
湖北,中南财经政法大学,新闻传播学类,612,1102,
湖北,中南财经政法大学,管理科学与工程类,612,1102,
湖北,中南财经政法大学,外国语言文学类,611,1150,
湖北,中南财经政法大学,国际政治,611,1150,
湖北,中南财经政法大学,劳动关系,611,1150,
湖北,中南财经政法大学,社会学,611,1150,
陕西,西北大学,汉语言文学,605,1491,
陕西,西北大学,哲学,598,1988,
陕西,西北大学,新闻传播学类,597,2064,
陕西,西北大学,英语,597,2064,
陕西,西北大学,工商管理类,597,2064,
陕西,西北大学,法学,596,2124,
陕西,西北大学,图书情报与档案管理类,596,2124,
陕西,西北大学,旅游管理,596,2124,
广东,深圳大学,行政管理,614,1017,
广东,深圳大学,广告学,607,1364,
广东,深圳大学,国际经济与贸易,607,1364,
广东,深圳大学,工商管理,604,1559,
广东,深圳大学,会计学,603,1624,
广东,深圳大学,汉语言文学,603,1624,
广东,深圳大学,法学,602,1684,
广东,深圳大学,英语,602,1684,
广东,深圳大学,法语,602,1684,
广东,深圳大学,社会学,602,1684,
重庆,西南大学,应用心理学,609,1261,
重庆,西南大学,教育学类（晏阳初实验班）,607,1364,
重庆,西南大学,英语,607,1364,
重庆,西南大学,日语,604,1559,
重庆,西南大学,中国语言文学类,603,1624,
重庆,西南大学,德语,602,1684,
重庆,西南大学,经济学类,601,1763,
重庆,西南大学,法学,600,1835,
重庆,西南大学,思想政治教育,600,1835,
重庆,西南大学,历史学类,599,1917,
重庆,西南大学,工商管理类,599,1917,
重庆,西南大学,公共管理类,599,1917,
重庆,西南大学,俄语,599,1917,
重庆,西南大学,新闻学,598,1988,
重庆,西南大学,地理科学类,598,1988,
重庆,西南大学,农业经济管理类,598,1988,
重庆,西南大学,文化产业管理,598,1988,
重庆,西南大学,心理学（中外合作办学）,587,2880,
重庆,西南大学,经济学（西塔学院）（中外合作）,582,3356,
重庆,西南大学,物流管理（荣昌校区）,558,6699,
重庆,西南大学,市场营销（荣昌校区）,558,6699,
北京,中国地质大学（北京）,英语,598,1988,
福建,福州大学,德语,591,2538,
福建,福州大学,财政学,591,2538,
福建,福州大学,汉语言文学,591,2538,
福建,福州大学,社会学（定向万州）,583,3248,
四川,西南财经大学,法学（法学与会计学双学位）,621,720,
四川,西南财经大学,金融学（双语实验班）,620,764,
四川,西南财经大学,会计学（双语实验班）,620,764,
四川,西南财经大学,会计学（注册会计师专门化方向）,619,804,
四川,西南财经大学,金融学类,619,804,
四川,西南财经大学,金融学（证券与期货方向）,617,882,
四川,西南财经大学,法学（法学与金融学双学位）,616,919,
四川,西南财经大学,审计学,616,919,
四川,西南财经大学,财务管理,615,965,
四川,西南财经大学,财政学类,614,1017,
四川,西南财经大学,会计学,613,1059,
四川,西南财经大学,保险学（财务与会计双语实验班）,613,1059,
四川,西南财经大学,工商管理类,611,1150,
四川,西南财经大学,保险学,611,1150,
四川,西南财经大学,工商管理（双语实验班）,610,1209,
四川,西南财经大学,经济与贸易类,609,1261,
四川,西南财经大学,人力资源管理,608,1310,
四川,西南财经大学,外国语言文学类,608,1310,
四川,西南财经大学,会计学（中外合作办学）,603,1624,
四川,西南财经大学,国际商务（中外合作办学）,596,2124,
四川,西南财经大学,市场营销（中外合作办学）（金融服务与营销）,591,2538,
江苏,江苏大学,思想政治教育（师范类）,577,3941,
江苏,江苏大学,日语,575,4179,
江苏,江苏大学,英语,575,4179,
江苏,江苏大学,会计学,574,4294,
江苏,江苏大学,法学,574,4294,
江苏,江苏大学,人力资源管理,574,4294,
江苏,江苏大学,国际经济与贸易,573,4431,
江苏,江苏大学,公共事业管理,569,4958,
陕西,西北农林科技大学,公共管理类,596,2124,
陕西,西北农林科技大学,法学,594,2288,
陕西,西北农林科技大学,社会学类,594,2288,
江西,南昌大学,中国语言文学类,594,2288,
江西,南昌大学,法学类,593,2374,
江西,南昌大学,新闻传播学类,593,2374,
江西,南昌大学,工商管理,591,2538,
江西,南昌大学,应用心理学,589,2696,
江西,南昌大学,档案学,588,2788,
江西,南昌大学,会计学,588,2788,
江西,南昌大学,旅游管理类,588,2788,
江西,南昌大学,护理学,588,2788,
广东,南方医科大学,中医学,577,3941,
广东,南方医科大学,康复治疗学,577,3941,
广东,南方医科大学,针灸推拿学,577,3941,
广东,南方医科大学,助产学,576,4054,
广东,南方医科大学,法学（卫生法学）,570,4823,
广东,南方医科大学,护理学,568,5101,
广东,南方医科大学,外国语言文学类,568,5101,
广东,南方医科大学,护理学（卓越班）,566,5397,
广东,南方医科大学,公共事业管理,561,6178,
北京,华北电力大学,工商管理类,595,2202,
北京,华北电力大学,公共管理类,594,2288,
北京,华北电力大学,外国语言文学类,594,2288,
广东,华南师范大学,历史学（师范）,599,1917,
广东,华南师范大学,学前教育（师范）,599,1917,
广东,华南师范大学,汉语言文学（师范）,599,1917,
江苏,扬州大学,中国语言文学类,594,2288,
江苏,扬州大学,历史学（师范类）,587,2880,
江苏,扬州大学,英语（师范类）,586,2964,
江苏,扬州大学,工商管理类,582,3356,
北京,北京外国语大学,新闻学（日语）,641,237,
北京,北京外国语大学,外交学,637,304,
北京,北京外国语大学,日语,637,304,
北京,北京外国语大学,传播学,636,320,
北京,北京外国语大学,德语,634,365,
北京,北京外国语大学,西班牙语,633,380,
北京,北京外国语大学,英语,631,436,
北京,北京外国语大学,外交学（中外合作办学）,610,1209,
北京,北京林业大学,农林经济管理（梁希实验班）,614,1017,
北京,北京林业大学,商务英语,604,1559,
北京,北京林业大学,国际经济与贸易,604,1559,
北京,北京林业大学,工商管理类,602,1684,
北京,北京林业大学,法学,602,1684,
云南,云南大学,历史学（国家历史学基地班）,594,2288,
云南,云南大学,经济学类,593,2374,
云南,云南大学,工商管理类,592,2461,
云南,云南大学,新闻学,592,2461,
云南,云南大学,法学,591,2538,
云南,云南大学,哲学,591,2538,
云南,云南大学,汉语国际教育,591,2538,
云南,云南大学,社会学,591,2538,
云南,云南大学,政治学与行政学,591,2538,
云南,云南大学,广播电视学,590,2611,
云南,云南大学,信息资源管理,590,2611,
云南,云南大学,英语,589,2696,
云南,云南大学,缅甸语,589,2696,
云南,云南大学,法语,589,2696,
云南,云南大学,越南语,589,2696,
云南,云南大学,马来语,588,2788,
江苏,南京工业大学,法学,568,5101,
江苏,南京工业大学,工商管理类,565,5551,
江苏,南京工业大学,公共管理类,563,5867,
辽宁,东北财经大学,会计学（注册会计师方向和创新人才培养实验班）,611,1150,
辽宁,东北财经大学,工商管理类,601,1763,
辽宁,东北财经大学,金融学类,599,1917,
辽宁,东北财经大学,财政学类,597,2064,
辽宁,东北财经大学,财务管理（中外合作办学）（与英国萨里大学合作办学）,571,4700,
辽宁,东北财经大学,金融学（中外合作办学）（与英国奥斯特大学合作办学）,561,6178,
辽宁,东北财经大学,会计学（中外合作办学）（与英国奥斯特大学合作办学）,560,6350,
辽宁,东北财经大学,工商管理（中外合作办学）（与英国萨里大学合作办学）,554,7434,
辽宁,东北财经大学,旅游管理（中外合作办学）（与英国萨里大学合作办学）,553,7616,
浙江,宁波大学,工商管理类,589,2696,
浙江,宁波大学,英语,587,2880,
浙江,宁波大学,法学类,586,2964,
浙江,宁波大学,旅游管理（中外合作办学）（中法合作）,558,6699,
浙江,宁波大学,人文地理与城乡规划（中外合作办学）（中法合作）,550,8156,
北京,北京中医药大学,中医学,638,286,
北京,北京中医药大学,英语（医学）,617,882,
福建,福建师范大学,中国语言文学类（含国家人才培养基地）（师范类）（定向万州）,580,3592,
福建,福建师范大学,英语（师范类）（定向万州）,569,4958,
福建,福建师范大学,法学,552,7791,
福建,福建师范大学,公共管理类,548,8615,
福建,福建师范大学,旅游管理类,547,8812,
湖南,湖南师范大学,英语（师范类）,613,1059,
湖南,湖南师范大学,思想政治教育（师范类）,603,1624,
湖南,湖南师范大学,汉语言文学（师范类）,602,1684,
湖南,湖南师范大学,历史学（师范类）,599,1917,
湖南,湖南师范大学,法学,598,1988,
湖南,湖南师范大学,金融学,598,1988,
湖南,湖南师范大学,旅游管理,598,1988,
湖南,湖南师范大学,哲学,598,1988,
湖南,湖南师范大学,新闻学,598,1988,
湖南,湖南师范大学,日语,598,1988,
湖南,湖南师范大学,网络与新媒体,597,2064,
湖南,湖南师范大学,国际经济与贸易,597,2064,
湖南,湖南师范大学,编辑出版学,597,2064,
湖南,湖南师范大学,行政管理,597,2064,
陕西,长安大学,建筑类,593,2374,
陕西,长安大学,英语,592,2461,
陕西,长安大学,新闻传播学类,590,2611,
陕西,长安大学,思想政治教育,589,2696,
陕西,长安大学,法学,587,2880,
陕西,长安大学,公共管理类,587,2880,
广东,广州大学,法学,576,4054,
广东,广州大学,国际经济与贸易,575,4179,
北京,中国传媒大学,新闻学,632,405,
北京,中国传媒大学,公共关系学,626,558,
北京,中国传媒大学,汉语言文学,624,614,
北京,中国传媒大学,工商管理类,624,614,
河北,燕山大学,经济与金融,564,5710,
河北,燕山大学,汉语言文学,561,6178,
河北,燕山大学,行政管理,560,6350,
河北,燕山大学,外国语言文学类,559,6527,
河北,燕山大学,工商管理,558,6699,
河北,燕山大学,旅游管理,558,6699,
浙江,杭州电子科技大学,传播学,564,5710,
安徽,安徽大学,工商管理类,597,2064,
安徽,安徽大学,法学类,593,2374,
安徽,安徽大学,西班牙语,592,2461,
安徽,安徽大学,哲学类,588,2788,
河南,河南大学,历史学类,587,2880,
河南,河南大学,中国语言文学类（师范类）,584,3149,
河南,河南大学,新闻传播学类,581,3471,
河南,河南大学,经济学类,578,3828,
河南,河南大学,法学,578,3828,
河南,河南大学,文化产业管理,578,3828,
上海,上海外国语大学,商务英语,633,380,
上海,上海外国语大学,法语,633,380,
上海,上海外国语大学,国际经济与贸易（日语）,631,436,
上海,上海外国语大学,金融学,630,463,
上海,上海外国语大学,新闻传播学类（卓越国际新闻传播人才计划）,625,586,
上海,上海外国语大学,汉语国际教育,625,586,
重庆,重庆医科大学,临床医学,596,2124,
重庆,重庆医科大学,儿科学,595,2202,
重庆,重庆医科大学,预防医学,592,2461,
重庆,重庆医科大学,临床医学（中外合作办学）,567,5266,
江苏,中国药科大学,英语（医药方向）,593,2374,
浙江,浙江师范大学,汉语言文学（师范）,592,2461,
浙江,浙江师范大学,外国语言文学类,590,2611,
浙江,浙江师范大学,文化产业管理,587,2880,
浙江,浙江师范大学,学前教育（师范）,586,2964,
广西,广西大学,汉语言文学,583,3248,
广西,广西大学,外国语言文学类,581,3471,
广西,广西大学,新闻传播学类,581,3471,
广西,广西大学,思想政治教育,580,3592,
广西,广西大学,公共事业管理,579,3688,
广西,广西大学,法学,579,3688,
山东,山东师范大学,中国语言文学类,583,3248,
北京,中央民族大学,经济学类,620,764,
北京,中央民族大学,汉语言文学,619,804,
北京,中央民族大学,新闻传播学类,618,841,
北京,中央民族大学,公共管理类,617,882,
北京,中央民族大学,外国语言文学类,616,919,
北京,中央民族大学,汉语国际教育,616,919,
北京,中央民族大学,民族学,615,965,
北京,中央民族大学,法学类,615,965,
北京,中央民族大学,哲学类,614,1017,
北京,中央民族大学,历史学类,614,1017,
广东,广东工业大学,工商管理类,557,6881,
广东,广东工业大学,工商管理（中外合作国际班）,539,10512,
天津,河北工业大学,法学,582,3356,
天津,河北工业大学,公共管理类,573,4431,
山东,青岛大学,汉语言文学,576,4054,
山东,青岛大学,法学,575,4179,
山东,青岛大学,经济学类,574,4294,
山东,青岛大学,英语,573,4431,
山东,青岛大学,德语,571,4700,
山东,青岛大学,工商管理,568,5101,
山东,青岛大学,新闻学,567,5266,
山东,青岛大学,金融学,562,6023,
山东,青岛大学,旅游管理,559,6527,
上海,上海师范大学,英语,590,2611,
上海,上海师范大学,人力资源管理,583,3248,
上海,上海师范大学,新闻传播学类,583,3248,
上海,上海师范大学,公共管理类,582,3356,
上海,上海师范大学,旅游管理类,582,3356,
上海,上海师范大学,经济学（中外合作办学）（中美合作）,565,5551,
湖南,湘潭大学,法学,577,3941,
湖南,湘潭大学,新闻学,575,4179,
湖南,湘潭大学,经济学,574,4294,
湖南,湘潭大学,汉语言文学,574,4294,
湖南,湘潭大学,电子商务,573,4431,
湖南,湘潭大学,英语,573,4431,
湖南,湘潭大学,国际经济与贸易,573,4431,
湖南,湘潭大学,人力资源管理,573,4431,
湖南,湘潭大学,历史学,572,4568,
湖南,湘潭大学,广告学,572,4568,
湖南,湘潭大学,德语,571,4700,
湖南,湘潭大学,旅游管理,571,4700,
湖南,湘潭大学,社会学,571,4700,
湖南,湘潭大学,法语,570,4823,
湖北,武汉科技大学,国际经济与贸易,567,5266,
湖北,武汉科技大学,行政管理,561,6178,
湖北,武汉科技大学,投资学,561,6178,
湖北,湖北大学,中国语言文学类,576,4054,
湖北,湖北大学,外国语言文学类,573,4431,
湖北,湖北大学,新闻传播学类,573,4431,
湖北,湖北大学,国际经济与贸易,571,4700,
湖北,湖北大学,档案学,571,4700,
辽宁,大连海事大学,法学,588,2788,
辽宁,大连海事大学,英语,584,3149,
辽宁,大连海事大学,财务管理,583,3248,
山西,山西大学,汉语言文学,568,5101,
山西,山西大学,法学,567,5266,
山西,山西大学,政治学类,563,5867,
山西,山西大学,新闻传播学类,563,5867,
浙江,宁波诺丁汉大学,国际经济与贸易（中外合作办学）,580,3592,
浙江,宁波诺丁汉大学,传播学（中外合作办学）,579,3688,
浙江,宁波诺丁汉大学,财务管理（中外合作办学）,570,4823,
浙江,宁波诺丁汉大学,国际商务（中外合作办学）,546,9008,
浙江,宁波诺丁汉大学,国际事务与国际关系（中外合作办学）,537,10888,
山西,太原理工大学,法学,575,4179,
山西,太原理工大学,汉语国际教育,572,4568,
山西,太原理工大学,英语,572,4568,
山西,太原理工大学,会计学,571,4700,
山西,太原理工大学,国际经济与贸易,571,4700,
山西,太原理工大学,行政管理,571,4700,
山西,太原理工大学,思想政治教育,570,4823,
黑龙江,东北林业大学,法学,576,4054,
黑龙江,东北林业大学,经济学类,572,4568,
黑龙江,东北林业大学,工商管理类,571,4700,
黑龙江,东北林业大学,俄语,569,4958,
黑龙江,东北林业大学,广告学,568,5101,
湖南,长沙理工大学,会计学,564,5710,
湖南,长沙理工大学,法学,564,5710,
湖南,长沙理工大学,汉语言文学,563,5867,
湖南,长沙理工大学,翻译,562,6023,
湖南,长沙理工大学,英语,561,6178,
黑龙江,东北农业大学,工商管理类,566,5397,
黑龙江,东北农业大学,行政管理,564,5710,
黑龙江,东北农业大学,法学类,563,5867,
黑龙江,东北农业大学,英语,562,6023,
江西,江西师范大学,中国语言文学类,572,4568,
江西,江西师范大学,思想政治教育（师范类）,572,4568,
江西,江西师范大学,心理学类,567,5266,
江西,江西师范大学,英语（师范类）,567,5266,
江西,江西师范大学,教育学类（师范类）,566,5397,
江西,江西师范大学,历史学（师范类）,565,5551,
江西,江西师范大学,地理科学类,565,5551,
江西,江西师范大学,管理科学与工程类,564,5710,
江西,江西师范大学,朝鲜语（朝英双语方向）,564,5710,
江西,江西财经大学,会计学（ACCA方向）,605,1491,
江西,江西财经大学,金融学类,597,2064,
江西,江西财经大学,金融学（国际投资与金融）,593,2374,
江西,江西财经大学,工商管理类,588,2788,
江西,江西财经大学,经济学类,583,3248,
江西,江西财经大学,金融学（FRM方向）,579,3688,
江西,江西财经大学,新闻传播学类,576,4054,
江西,江西财经大学,社会学类,575,4179,
江西,江西财经大学,公共管理类,575,4179,
江西,江西财经大学,市场营销（国际营销）,575,4179,
内蒙古,内蒙古大学,汉语言文学,582,3356,
内蒙古,内蒙古大学,汉语国际教育,574,4294,
内蒙古,内蒙古大学,法学,573,4431,
内蒙古,内蒙古大学,历史学,572,4568,
内蒙古,内蒙古大学,哲学,572,4568,
内蒙古,内蒙古大学,新闻学,571,4700,
内蒙古,内蒙古大学,政治学与行政学,570,4823,
内蒙古,内蒙古大学,劳动与社会保障,569,4958,
内蒙古,内蒙古大学,行政管理,568,5101,
内蒙古,内蒙古大学,网络与新媒体,567,5266,
内蒙古,内蒙古大学,土地资源管理,566,5397,
内蒙古,内蒙古大学,社会学,564,5710,
内蒙古,内蒙古大学,旅游管理,564,5710,
内蒙古,内蒙古大学,英语,564,5710,
河北,河北大学,中国语言文学类,569,4958,
河北,河北大学,新闻传播学类,568,5101,
河北,河北大学,法学,567,5266,
河北,河北大学,经济学,567,5266,
河北,河北大学,保险学,566,5397,
福建,福建农林大学,农业经济管理类,550,8156,
浙江,杭州师范大学,外国语言文学类,589,2696,
山东,山东科技大学,会计学,557,6881,
山东,山东科技大学,物流管理,551,7975,
山东,山东科技大学,工商管理,551,7975,
山东,山东科技大学,行政管理,549,8412,
安徽,安徽师范大学,中国语言文学类,568,5101,
安徽,安徽师范大学,教育学（师范）,567,5266,
安徽,安徽师范大学,历史学类,564,5710,
安徽,安徽师范大学,旅游管理,564,5710,
安徽,安徽师范大学,学前教育（师范）（非西藏生定藏就业）,531,12304,
贵州,贵州大学,历史学,581,3471,
贵州,贵州大学,财政学类,578,3828,
贵州,贵州大学,工商管理类,578,3828,
贵州,贵州大学,农林经济管理,578,3828,
贵州,贵州大学,英语,577,3941,
贵州,贵州大学,旅游管理（中外合作办学）,538,10676,
辽宁,辽宁大学,财政学,592,2461,
辽宁,辽宁大学,英语,589,2696,
辽宁,辽宁大学,会计学,588,2788,
辽宁,辽宁大学,汉语言文学,588,2788,
辽宁,辽宁大学,编辑出版学,587,2880,
辽宁,辽宁大学,广告学,587,2880,
辽宁,辽宁大学,新闻学,585,3057,
辽宁,辽宁大学,会计学（中外合作办学）（新华国际商学院）,573,4431,
辽宁,辽宁大学,工商管理（中外合作办学）（新华国际商学院）,567,5266,
辽宁,辽宁大学,市场营销（中外合作办学）（新华国际商学院）,563,5867,
河南,河南师范大学,教育学,557,6881,
河南,河南师范大学,汉语国际教育,557,6881,
河南,河南师范大学,政治学与行政学,556,7050,
河南,河南师范大学,马克思主义理论类（中国共产党历史、马克思主义理论）,556,7050,
四川,西南石油大学,会计学,568,5101,
四川,西南石油大学,工商管理类,564,5710,
海南,海南大学,法学,590,2611,
海南,海南大学,金融学,588,2788,
海南,海南大学,汉语言文学,587,2880,
海南,海南大学,农林经济管理,584,3149,
海南,海南大学,国际经济与贸易,584,3149,
海南,海南大学,工商管理类,584,3149,
海南,海南大学,行政管理,583,3248,
海南,海南大学,思想政治教育,582,3356,
海南,海南大学,英语,582,3356,
海南,海南大学,旅游管理类,582,3356,
海南,海南大学,日语,581,3471,
海南,海南大学,传播学,581,3471,
海南,海南大学,公共关系学,581,3471,
海南,海南大学,会展经济与管理（中外合作办学）,553,7616,
海南,海南大学,行政管理（中外合作办学）,551,7975,
海南,海南大学,人文地理与城乡规划（中外合作办学）,543,9612,
海南,海南大学,酒店管理（中外合作办学）,539,10512,
江苏,南京中医药大学,中西医临床医学,581,3471,
江苏,南京中医药大学,护理学,575,4179,
浙江,中国计量大学,标准化工程,577,3941,
浙江,中国计量大学,工商管理类,576,4054,
上海,华东政法大学,法学类,625,586,
上海,华东政法大学,公共事业管理,624,614,
上海,华东政法大学,经济学类,624,614,
上海,华东政法大学,社会学类,623,648,
上海,华东政法大学,文化产业管理,623,648,
上海,华东政法大学,新闻传播学类,622,686,
上海,华东政法大学,政治学与行政学,622,686,
北京,首都经济贸易大学,财政学类（财政与税收）,600,1835,
北京,首都经济贸易大学,工商管理类（工商学院）,593,2374,
重庆,西南政法大学,法学（法学+工商管理双学位）,615,965,
重庆,西南政法大学,法学（法学+英语双学位）,608,1310,
重庆,西南政法大学,新闻学（新闻学+法学双学位）,607,1364,
重庆,西南政法大学,法学,588,2788,
重庆,西南政法大学,法学（中外合作办学）,584,3149,
重庆,西南政法大学,新闻传播学类,583,3248,
重庆,西南政法大学,政治学与行政学,582,3356,
重庆,西南政法大学,社会工作,582,3356,
重庆,西南政法大学,行政管理,581,3471,
重庆,西南政法大学,思想政治教育,580,3592,
重庆,西南政法大学,英语,579,3688,
重庆,西南政法大学,哲学,578,3828,
重庆,西南政法大学,公共事业管理,578,3828,
重庆,西南政法大学,德语,578,3828,
重庆,西南政法大学,经济学类,578,3828,
重庆,西南政法大学,工商管理类,577,3941,
黑龙江,黑龙江大学,法学,567,5266,
黑龙江,黑龙江大学,哲学,560,6350,
黑龙江,黑龙江大学,法学（中俄学院）,559,6527,
黑龙江,黑龙江大学,汉语言文学,558,6699,
黑龙江,黑龙江大学,英语,556,7050,
黑龙江,黑龙江大学,政治学与行政学,556,7050,
黑龙江,黑龙江大学,社会学,555,7239,
黑龙江,黑龙江大学,社会工作,554,7434,
黑龙江,黑龙江大学,商务英语,554,7434,
黑龙江,黑龙江大学,汉语国际教育,554,7434,
浙江,浙江工商大学,经济统计学,592,2461,
浙江,浙江工商大学,金融学类,586,2964,
浙江,浙江工商大学,会计学,583,3248,
浙江,浙江工商大学,工商管理类,582,3356,
浙江,浙江工商大学,外国语言文学类,582,3356,
浙江,浙江工商大学,公共管理类,581,3471,
浙江,浙江工商大学,旅游管理类,581,3471,
浙江,浙江工商大学,历史学,579,3688,
广东,汕头大学,汉语言文学,571,4700,
广东,汕头大学,行政管理,570,4823,
广东,汕头大学,西班牙语,569,4958,
吉林,长春理工大学,网络与新媒体,561,6178,
吉林,长春理工大学,汉语言文学,553,7616,
吉林,长春理工大学,汉语国际教育,551,7975,
吉林,长春理工大学,社会工作,551,7975,
吉林,长春理工大学,英语,551,7975,
吉林,长春理工大学,日语,550,8156,
山东,济南大学,法学,567,5266,
山东,济南大学,应用心理学（师范类）,565,5551,
山东,济南大学,中国语言文学类,564,5710,
山东,济南大学,经济学类,562,6023,
山东,济南大学,新闻传播学类,562,6023,
山东,济南大学,社会工作,561,6178,
山东,济南大学,工商管理类,560,6350,
山东,济南大学,英语（师范兼非师范）,560,6350,
山东,济南大学,公共管理类,558,6699,
山东,济南大学,旅游管理类,557,6881,
四川,四川农业大学,金融学,578,3828,
四川,四川农业大学,审计学,577,3941,
四川,四川农业大学,农林经济管理,576,4054,
四川,四川农业大学,财务管理,575,4179,
四川,四川农业大学,经济学,575,4179,
四川,四川农业大学,投资学,573,4431,
四川,四川农业大学,农村区域发展,572,4568,
四川,四川农业大学,汉语言文学,571,4700,
四川,四川农业大学,英语,571,4700,
四川,四川农业大学,国际经济与贸易,571,4700,
四川,四川农业大学,工商管理,571,4700,
四川,四川农业大学,会计学,570,4823,
四川,四川农业大学,法学,570,4823,
四川,四川农业大学,社会工作,569,4958,
四川,四川农业大学,政治学与行政学,569,4958,
四川,四川农业大学,人力资源管理,569,4958,
四川,四川农业大学,广告学,569,4958,
四川,四川农业大学,行政管理,569,4958,
四川,四川农业大学,资产评估,569,4958,
四川,四川农业大学,旅游管理,569,4958,
四川,四川农业大学,电子商务,569,4958,
四川,四川农业大学,信息管理与信息系统,568,5101,
四川,四川农业大学,会展经济与管理,568,5101,
四川,四川农业大学,工商管理（中外高水平大学学生交流计划）,539,10512,
四川,四川农业大学,经济学（中外高水平大学学生交流计划）,538,10676,
江苏,江苏科技大学,外国语言文学类,562,6023,
江苏,江苏科技大学,旅游管理,558,6699,
江苏,江苏科技大学,工商管理类,557,6881,
江苏,江苏科技大学,公共事业管理,555,7239,
江苏,江苏科技大学,工商管理（中外合作办学）（与澳大利亚拉筹伯大学合作）,543,9612,
天津,天津师范大学,教育学类（师范）,582,3356,
天津,天津师范大学,政治学与行政学（博雅班）,579,3688,
天津,天津师范大学,工商管理,575,4179,
安徽,安徽农业大学,农林经济管理（文科）,553,7616,
安徽,安徽农业大学,茶学（茶文化与贸易）,551,7975,
重庆,重庆邮电大学,法学类,568,5101,
重庆,重庆邮电大学,外国语言文学类,566,5397,
湖北,武汉工程大学,法学,558,6699,
湖北,武汉工程大学,工商管理类,556,7050,
湖北,武汉工程大学,英语,555,7239,
广东,广州中医药大学,中医学,579,3688,
广东,广州中医药大学,康复治疗学,578,3828,
广东,广州中医药大学,公共事业管理,578,3828,
广东,广州中医药大学,应用心理学,577,3941,
广东,广州中医药大学,护理学,576,4054,
广东,广州中医药大学,国际经济与贸易,574,4294,
广东,广州中医药大学,英语,567,5266,
北京,北京语言大学,英语,616,919,
北京,北京语言大学,翻译（汉英法）,605,1491,
北京,北京语言大学,汉语言文学,603,1624,
北京,北京语言大学,翻译（英语）,602,1684,
北京,北京语言大学,金融学,601,1763,
北京,北京语言大学,汉语国际教育,601,1763,
北京,北京语言大学,新闻学（国际新闻传播）,601,1763,
北京,北京语言大学,国际经济与贸易,599,1917,
北京,北京语言大学,财务管理,599,1917,
新疆,石河子大学,中国语言文学类,558,6699,
新疆,石河子大学,法学,556,7050,
新疆,石河子大学,英语（师范类）,554,7434,
新疆,石河子大学,护理学,554,7434,
新疆,石河子大学,俄语,553,7616,
新疆,石河子大学,阿拉伯语,553,7616,
新疆,石河子大学,农林经济管理,552,7791,
新疆,石河子大学,社会工作,551,7975,
新疆,石河子大学,旅游管理,550,8156,
江苏,常州大学,国际经济与贸易,557,6881,
江苏,常州大学,会计学,555,7239,
江苏,常州大学,物流管理,552,7791,
广东,广东外语外贸大学,塞尔维亚语,604,1559,
广东,广东外语外贸大学,翻译,597,2064,
广东,广东外语外贸大学,日语,596,2124,
广东,广东外语外贸大学,国际商务,596,2124,
广东,广东外语外贸大学,金融学类,594,2288,
广东,广东外语外贸大学,法学,584,3149,
广东,广东外语外贸大学,印度尼西亚语,584,3149,
广东,广东外语外贸大学,孟加拉语,579,3688,
广东,广东外语外贸大学,政治学类,576,4054,
广东,广东外语外贸大学,工商管理类,572,4568,
广东,广东外语外贸大学,中国语言文学类,568,5101,
广东,广东外语外贸大学,柬埔寨语,567,5266,
上海,上海海事大学,交通管理（国航）,583,3248,
上海,上海海事大学,法学（海商法）,582,3356,
上海,上海海事大学,经济学类,572,4568,
上海,上海海事大学,外国语言文学类,559,6527,
河北,河北师范大学,历史学类,560,6350,
河北,河北师范大学,马克思主义理论类,560,6350,
河北,河北师范大学,中国语言文学类,560,6350,
新疆,新疆大学,法学,561,6178,
新疆,新疆大学,汉语言文学,560,6350,
新疆,新疆大学,历史学,560,6350,
新疆,新疆大学,新闻传播学类,560,6350,
新疆,新疆大学,酒店管理,558,6699,
新疆,新疆大学,汉语国际教育,558,6699,
江苏,南京财经大学,会计学,600,1835,
江苏,南京财经大学,审计学,593,2374,
江苏,南京财经大学,财政学,587,2880,
江苏,南京财经大学,金融学,586,2964,
江苏,南京财经大学,国际经济与贸易,585,3057,
江苏,南京财经大学,商务英语,584,3149,
江苏,南京财经大学,网络与新媒体,579,3688,
江苏,南京财经大学,人力资源管理,578,3828,
江苏,南京财经大学,公共事业管理,577,3941,
江苏,南京财经大学,广告学,575,4179,
江苏,南京财经大学,社会工作,575,4179,
宁夏,宁夏大学,英语（翻译）,577,3941,
宁夏,宁夏大学,汉语言文学（教师教育）（师范类）,577,3941,
宁夏,宁夏大学,历史学（教师教育）（师范类）,575,4179,
宁夏,宁夏大学,经济学,573,4431,
宁夏,宁夏大学,思想政治教育（教师教育）（师范类）,571,4700,
宁夏,宁夏大学,法学,570,4823,
宁夏,宁夏大学,新闻传播学类,570,4823,
宁夏,宁夏大学,行政管理,569,4958,
宁夏,宁夏大学,工商管理类,569,4958,
湖北,三峡大学,法学,555,7239,
湖北,三峡大学,英语,555,7239,
湖北,三峡大学,财务管理,554,7434,
浙江,浙江财经大学,公共管理类,572,4568,
浙江,浙江财经大学,金融学（中外合作办学）,570,4823,
浙江,浙江财经大学,会计学（中外合作办学）,564,5710,
四川,成都理工大学,英语,577,3941,
四川,成都理工大学,思想政治教育,572,4568,
四川,成都理工大学,法学,571,4700,
四川,成都理工大学,会计学,570,4823,
四川,成都理工大学,公共事业管理,569,4958,
四川,成都理工大学,市场营销,569,4958,
四川,成都理工大学,投资学,569,4958,
四川,成都理工大学,财务管理（宜宾校区）,544,9403,
四川,成都理工大学,会计学（中外合作办学）,538,10676,
四川,成都理工大学,工商管理（中外合作办学）,537,10888,
湖北,长江大学,经济学类（金融试点含荆楚卓越计划）,562,6023,
湖北,长江大学,中国语言文学类（师范类）,558,6699,
湖北,长江大学,外国语言文学类（师范类）,557,6881,
湖北,长江大学,工商管理类,555,7239,
湖北,长江大学,中西医临床医学,555,7239,
湖北,长江大学,建筑类,555,7239,
湖北,长江大学,日语,554,7434,
湖北,长江大学,园艺（都市园艺，含教育部卓越农林、省荆楚卓越）,552,7791,
上海,上海对外经贸大学,国际经济与贸易,605,1491,
上海,上海对外经贸大学,法学（国际经济法方向）,603,1624,
上海,上海对外经贸大学,经济学（国际投资方向）,602,1684,
上海,上海对外经贸大学,工商管理类,601,1763,
上海,上海对外经贸大学,日语（商务日语方向）,600,1835,
上海,上海对外经贸大学,英语,597,2064,
江西,江西理工大学,会计学,537,10888,
河北,石家庄铁道大学,法学,547,8812,
河北,石家庄铁道大学,工商管理类,546,9008,
河北,石家庄铁道大学,英语,545,9201,
吉林,延边大学,地理科学类,562,6023,
吉林,延边大学,法学,562,6023,
吉林,延边大学,中国语言文学类,561,6178,
吉林,延边大学,社会学,561,6178,
吉林,延边大学,朝鲜语,560,6350,
吉林,延边大学,旅游管理,558,6699,
山东,山东财经大学,经济学类,576,4054,
山东,山东财经大学,工商管理类,571,4700,
山东,山东财经大学,金融学类,571,4700,
山东,山东财经大学,财政学类,570,4823,
山东,山东财经大学,经济与贸易类,568,5101,
山东,山东财经大学,保险学,565,5551,
山东,山东财经大学,文化产业管理,555,7239,
山西,中北大学,英语,552,7791,
重庆,重庆交通大学,知识产权,549,8412,
重庆,重庆交通大学,经济学,549,8412,
重庆,重庆交通大学,外国语言文学类,548,8615,
重庆,重庆交通大学,新闻传播学类,547,8812,
重庆,重庆交通大学,工商管理类,547,8812,
重庆,重庆交通大学,旅游管理,546,9008,
湖南,湖南科技大学,教育学,562,6023,
湖南,湖南科技大学,广告学,560,6350,
湖南,湖南科技大学,汉语言文学,559,6527,
湖南,湖南科技大学,应用心理学,558,6699,
湖南,湖南科技大学,法学,558,6699,
湖南,湖南科技大学,小学教育,558,6699,
湖南,湖南科技大学,电子商务,557,6881,
湖南,湖南科技大学,汉语国际教育,557,6881,
湖南,湖南科技大学,思想政治教育,557,6881,
湖南,湖南科技大学,新闻学,557,6881,
湖南,湖南科技大学,金融工程,556,7050,
湖南,湖南科技大学,旅游管理,556,7050,
湖南,湖南科技大学,人力资源管理,556,7050,
湖南,湖南科技大学,公共事业管理,556,7050,
湖南,湖南科技大学,国际经济与贸易,556,7050,
湖南,湖南科技大学,市场营销,555,7239,
天津,天津财经大学,会计学（注册会计师）,586,2964,
天津,天津财经大学,金融学类,584,3149,
天津,天津财经大学,审计学,580,3592,
天津,天津财经大学,国际经济与贸易,577,3941,
天津,天津财经大学,商务英语,576,4054,
天津,天津财经大学,工商管理类,575,4179,
天津,天津财经大学,广播电视学（财经新闻）,574,4294,
江苏,南京审计大学,审计学,606,1429,
江苏,南京审计大学,金融学,604,1559,
江苏,南京审计大学,工商管理,601,1763,
江苏,南京审计大学,审计学（中外合作办学）,592,2461,
湖北,中南民族大学,中国语言文学类,569,4958,
湖北,中南民族大学,新闻传播学类,569,4958,
湖北,中南民族大学,经济学类,567,5266,
湖北,中南民族大学,法学类,567,5266,
湖北,中南民族大学,外国语言文学类,567,5266,
湖北,中南民族大学,教育学类,566,5397,
湖北,中南民族大学,新闻传播学类（只招少数民族考生）,564,5710,
湖北,中南民族大学,法学类（只招少数民族考生）,564,5710,
湖北,中南民族大学,中国语言文学类（只招少数民族考生）,561,6178,
湖北,中南民族大学,经济学类（只招少数民族考生）,555,7239,
湖北,中南民族大学,教育学类（只招少数民族考生）,554,7434,
湖北,中南民族大学,外国语言文学类（只招少数民族考生）,553,7616,
天津,天津科技大学,金融学类,563,5867,
天津,天津科技大学,财务管理,562,6023,
天津,天津科技大学,人力资源管理,561,6178,
天津,天津科技大学,汉语国际教育,560,6350,
天津,天津科技大学,国际经济与贸易,560,6350,
天津,天津科技大学,英语,559,6527,
江苏,西交利物浦大学,工商管理类（中外合作办学）,563,5867,
江苏,西交利物浦大学,外国语言文学类（中外合作办学）,553,7616,
江苏,西交利物浦大学,建筑类（中外合作办学）,538,10676,
江苏,西交利物浦大学,数学类（中外合作办学）,536,11117,
湖南,南华大学,法学,555,7239,
湖南,南华大学,外国语言文学类,553,7616,
湖南,南华大学,护理学,549,8412,
四川,四川师范大学,英语,591,2538,
四川,四川师范大学,汉语言文学,588,2788,
四川,四川师范大学,教育学,588,2788,
四川,四川师范大学,小学教育,588,2788,
四川,四川师范大学,经济学,584,3149,
四川,四川师范大学,思想政治教育,583,3248,
四川,四川师范大学,历史学,581,3471,
四川,四川师范大学,市场营销,581,3471,
四川,四川师范大学,日语,580,3592,
四川,四川师范大学,汉语国际教育,579,3688,
四川,四川师范大学,工商管理,579,3688,
四川,四川师范大学,网络与新媒体,578,3828,
四川,四川师范大学,学前教育,578,3828,
四川,四川师范大学,会计学,578,3828,
四川,四川师范大学,法语,577,3941,
四川,四川师范大学,审计学,577,3941,
四川,四川师范大学,广播电视学,577,3941,
四川,四川师范大学,法学,577,3941,
四川,四川师范大学,俄语,577,3941,
四川,四川师范大学,特殊教育,577,3941,
四川,四川师范大学,财务管理,577,3941,
四川,四川师范大学,公共事业管理,576,4054,
四川,四川师范大学,国际经济与贸易,561,6178,
四川,四川师范大学,秘书学,558,6699,
广东,北京师范大学-香港浸会大学联合国际学院,新闻传播学类（中外合作办学）,565,5551,
广东,北京师范大学-香港浸会大学联合国际学院,经济学（中外合作办学）,559,6527,
广东,北京师范大学-香港浸会大学联合国际学院,工商管理类（中外合作办学）,559,6527,
广东,北京师范大学-香港浸会大学联合国际学院,会计学（中外合作办学）,546,9008,
黑龙江,哈尔滨理工大学,法学,550,8156,
黑龙江,哈尔滨理工大学,英语,546,9008,
黑龙江,哈尔滨理工大学,日语,546,9008,
四川,成都中医药大学,中医学（九年制）学制9年,612,1102,
四川,成都中医药大学,中医学（“5+3”一体化）学制8年,608,1310,
四川,成都中医药大学,中医学学制5年,598,1988,
四川,成都中医药大学,中医养生学学制5年,584,3149,
四川,成都中医药大学,针灸推拿学学制5年,583,3248,
重庆,重庆师范大学,汉语国际教育,565,5551,
重庆,重庆师范大学,新闻学,565,5551,
重庆,重庆师范大学,网络与新媒体,564,5710,
重庆,重庆师范大学,翻译,561,6178,
重庆,重庆师范大学,应用心理学,561,6178,
重庆,重庆师范大学,文物与博物馆学,560,6350,
重庆,重庆师范大学,工商管理类,559,6527,
重庆,重庆师范大学,日语,559,6527,
重庆,重庆师范大学,学前教育（非西藏生定藏就业）,542,9823,
重庆,重庆师范大学,特殊教育（非西藏生定藏就业）,534,11590,
北京,北京第二外国语学院,国际事务与国际关系（国际组织）,600,1835,
北京,北京第二外国语学院,德语（人文交流）,596,2124,
北京,北京第二外国语学院,法语（人文交流）,594,2288,
北京,北京第二外国语学院,阿拉伯语（旅游休闲）,591,2538,
北京,北京第二外国语学院,旅游管理（商业数据分析）,584,3149,
湖南,中南林业科技大学,金融学类,557,6881,
湖南,中南林业科技大学,法学,555,7239,
湖南,中南林业科技大学,农林经济管理,553,7616,
湖南,中南林业科技大学,会计学,552,7791,
湖南,中南林业科技大学,翻译,552,7791,
湖南,中南林业科技大学,市场营销,552,7791,
湖南,中南林业科技大学,人力资源管理,551,7975,
湖南,中南林业科技大学,日语,550,8156,
湖南,中南林业科技大学,旅游管理类,550,8156,
黑龙江,黑龙江中医药大学,中西医临床医学,570,4823,
黑龙江,黑龙江中医药大学,中医学,568,5101,
黑龙江,黑龙江中医药大学,针灸推拿学,567,5266,
安徽,安徽财经大学,金融学,573,4431,
安徽,安徽财经大学,会计学,568,5101,
安徽,安徽财经大学,金融学类,565,5551,
安徽,安徽财经大学,财务管理,565,5551,
安徽,安徽财经大学,财政学类,563,5867,
安徽,安徽财经大学,经济学类,562,6023,
安徽,安徽财经大学,经济与贸易类,560,6350,
安徽,安徽财经大学,工商管理类,560,6350,
北京,北京印刷学院,新闻传播学类,560,6350,
北京,北京印刷学院,编辑出版学（韬奋实验班）,558,6699,
北京,北京印刷学院,传播学（国际出版实验班）,558,6699,
四川,西华师范大学,中国语言文学类,560,6350,
四川,西华师范大学,教育学类（师范类）,560,6350,
四川,西华师范大学,思想政治教育（师范类）,559,6527,
四川,西华师范大学,历史学（师范类）,559,6527,
四川,西华师范大学,教育学（师范类）,558,6699,
四川,西华师范大学,地理科学（师范类）,558,6699,
四川,西华师范大学,会计学,558,6699,
四川,西华师范大学,新闻学,557,6881,
四川,西南医科大学,中医学,574,4294,
四川,西南医科大学,中西医临床医学,559,6527,
海南,海南师范大学,历史学,563,5867,
海南,海南师范大学,思想政治教育,559,6527,
海南,海南师范大学,汉语言文学,558,6699,
四川,成都信息工程大学,电子商务,549,8412,
北京,北京体育大学,新闻学,592,2461,
北京,北京体育大学,英语,591,2538,
北京,北京体育大学,网络与新媒体,590,2611,
北京,北京体育大学,汉语国际教育,590,2611,
北京,北京体育大学,公共事业管理,589,2696,
北京,北京体育大学,体育经济与管理,589,2696,
北京,北京体育大学,教育学,588,2788,
北京,北京体育大学,旅游管理,588,2788,
重庆,重庆理工大学,会计学,555,7239,
重庆,重庆理工大学,财务管理,552,7791,
重庆,重庆理工大学,经济学,549,8412,
重庆,重庆理工大学,金融学类,546,9008,
重庆,重庆理工大学,国际经济与贸易,546,9008,
重庆,重庆理工大学,电子商务及法律,546,9008,
重庆,重庆理工大学,公共管理类,545,9201,
重庆,重庆理工大学,工商管理类,545,9201,
湖南,湖南中医药大学,中医学（卓越1班、5+3一体化）,594,2288,
湖南,湖南中医药大学,中医学,582,3356,
湖南,湖南中医药大学,中西医临床医学,579,3688,
湖南,湖南中医药大学,针灸推拿学,578,3828,
湖南,湖南中医药大学,中医学（卓越2班、5+3一体化）,578,3828,
陕西,西北政法大学,法学（民商法）,577,3941,
陕西,西北政法大学,法学（刑事法）,576,4054,
陕西,西北政法大学,法学（经济法）,576,4054,
陕西,西北政法大学,法学（行政法）,576,4054,
陕西,西北政法大学,国际经济与贸易,575,4179,
陕西,西北政法大学,法学（国际法）,575,4179,
陕西,西北政法大学,新闻学,574,4294,
陕西,西北政法大学,审计学,574,4294,
陕西,西北政法大学,电子商务及法律,574,4294,
陕西,西北政法大学,法学（反恐怖主义法）,574,4294,
陕西,西北政法大学,网络与新媒体,574,4294,
陕西,西北政法大学,行政管理,574,4294,
陕西,西北政法大学,公共事业管理,574,4294,
陕西,西北政法大学,英语,574,4294,
四川,西南民族大学,法学,566.20,5266,
四川,西南民族大学,会计学,564.23,5551,
四川,西南民族大学,经济学,564.21,5551,
四川,西南民族大学,财务管理,562.22,5867,
四川,西南民族大学,金融学类,562.21,5867,
湖南,湖南工业大学,新闻传播学类,554,7434,
湖南,湖南工业大学,会计学,553,7616,
湖南,湖南工业大学,国际经济与贸易,550,8156,
湖南,湖南工业大学,翻译,549,8412,
湖南,湖南工业大学,工商管理类,548,8615,
湖南,湖南工业大学,财务管理,548,8615,
湖南,湖南工业大学,金融工程,548,8615,
辽宁,辽宁工程技术大学,法学,545,9201,
辽宁,辽宁工程技术大学,会计学,545,9201,
辽宁,辽宁工程技术大学,英语,545,9201,
上海,上海政法学院,法学（经济法方向）,577,3941,
上海,上海政法学院,法学（涉外卓越律师人才培养试点班）,577,3941,
上海,上海政法学院,法学（民商法方向）,575,4179,
上海,上海政法学院,经济与金融,575,4179,
上海,上海政法学院,法学（刑事司法方向）,575,4179,
上海,上海政法学院,广播电视学（卓越新闻传播人才培养试点班）,575,4179,
上海,上海政法学院,法学（国际经济法方向）,574,4294,
上海,上海政法学院,知识产权,574,4294,
上海,上海政法学院,社会工作（卓越社会管理人才培养试点班）,573,4431,
上海,上海政法学院,汉语言文学（文化创意产业方向）,573,4431,
上海,上海政法学院,俄语,573,4431,
江西,江西中医药大学,中医学,556,7050,
江西,江西中医药大学,针灸推拿学,549,8412,
浙江,温州肯恩大学,英语（中外合作办学）（国际应用方向）,540,10295,
浙江,温州肯恩大学,会计学（中外合作办学）（国际会计方向）,539,10512,
浙江,温州肯恩大学,金融学（中外合作办学）（国际金融方向）,536,11117,
重庆,重庆工商大学,经济学,560,6350,
重庆,重庆工商大学,工商管理类,558,6699,
重庆,重庆工商大学,金融学类,557,6881,
重庆,重庆工商大学,工商管理,556,7050,
重庆,重庆工商大学,财政学类,556,7050,
重庆,重庆工商大学,英语,556,7050,
重庆,重庆工商大学,法学类,554,7434,
重庆,重庆工商大学,人力资源管理,554,7434,
重庆,重庆工商大学,经济与贸易类,554,7434,
重庆,重庆工商大学,商务英语,552,7791,
重庆,重庆工商大学,新闻传播学类,551,7975,
重庆,重庆工商大学,会展经济与管理,550,8156,
重庆,重庆工商大学,公共管理类,550,8156,
重庆,重庆工商大学,物流管理,549,8412,
重庆,重庆工商大学,法语,549,8412,
重庆,重庆工商大学,国际商务,549,8412,
重庆,重庆工商大学,市场营销,549,8412,
重庆,重庆工商大学,旅游管理类,549,8412,
重庆,重庆工商大学,金融学（中外合作办学）,542,9823,
重庆,重庆工商大学,会计学（中外合作办学）,539,10512,
重庆,重庆工商大学,法语（中外合作办学）,539,10512,
重庆,重庆工商大学,国际经济与贸易（中外合作办学）,538,10676,
重庆,重庆工商大学,工商管理（中外合作办学）,538,10676,
重庆,重庆工商大学,人力资源管理（中外合作办学）,537,10888,
四川,西华大学,会计学,560,6350,
四川,西华大学,财务管理,557,6881,
四川,西华大学,工商管理类,556,7050,
四川,西华大学,经济学,556,7050,
四川,西华大学,国际经济与贸易,555,7239,
北京,北京物资学院,经济学（实验班）,570,4823,
北京,北京物资学院,会计学（注册会计师）,565,5551,
北京,北京物资学院,会计学（管理会计）,565,5551,
北京,北京物资学院,财务管理,564,5710,
北京,北京物资学院,物流管理与工程类,564,5710,
重庆,四川外国语大学,翻译,569,4958,
重庆,四川外国语大学,英语,564,5710,
重庆,四川外国语大学,商务英语,562,6023,
重庆,四川外国语大学,商务英语（中外合作办学）,540,10295,
重庆,重庆文理学院,园林,536,11117,
陕西,西安外国语大学,法语,593,2374,
陕西,西安外国语大学,西班牙语,574,4294,
陕西,西安外国语大学,德语,573,4431,
陕西,西安外国语大学,英语,570,4823,
陕西,西安外国语大学,葡萄牙语,570,4823,
陕西,西安外国语大学,翻译,569,4958,
陕西,西安外国语大学,商务英语,569,4958,
黑龙江,哈尔滨商业大学,会计学,554,7434,
黑龙江,哈尔滨商业大学,工商管理类（会计学院）,550,8156,
黑龙江,哈尔滨商业大学,金融学类（金融学院）,549,8412,
甘肃,西北民族大学,中国语言文学类（只招少数民族）,546,9008,
甘肃,西北民族大学,中国语言文学类,539,10512,
甘肃,甘肃中医药大学,中西医临床医学,549,8412,
甘肃,甘肃中医药大学,针灸推拿学,545,9201,
山东,山东大学（威海）,工商管理类,609,1261,
山东,山东大学（威海）,外国语言文学类,608,1310,
山东,山东大学（威海）,法学类,607,1364,
山东,山东大学（威海）,经济学类,607,1364,
山东,山东大学（威海）,金融学（中外合作办学）,603,1624,
河北,华北电力大学保定校区,工商管理类（文史）,584,3149,
河北,华北电力大学保定校区,外国语言文学类,584,3149,
河北,华北电力大学保定校区,法学类,581,3471,
河北,华北电力大学保定校区,公共管理类,571,4700,
北京,北京电影学院,文化产业管理,601,1763,
新疆,中国石油大学（北京）克拉玛依校区,会计学,553,7616,
新疆,中国石油大学（北京）克拉玛依校区,俄语,545,9201,
新疆,中国石油大学（北京）克拉玛依校区,英语,545,9201,
江苏,中国人民大学（苏州校区）,金融学（中外合作办学）,629,490,
江苏,中国人民大学（苏州校区）,国民经济管理（中外合作办学）,629,490,
北京,中国戏曲学院,文化产业管理,573,4431,
北京,中国戏曲学院,戏剧影视文学（戏曲文学）,572,4568,
安徽,合肥工业大学宣城校区,英语,576,4054,
安徽,合肥工业大学宣城校区,法学,574,4294,
安徽,合肥工业大学宣城校区,广告学,573,4431,
重庆,重庆医科大学国际医学院,临床医学（中外合作办学）（中外合作办学）,567,5266,
