﻿省份,学校名称,专业,最低录取分,最低录取名次,选课要求
河南,中原工学院,汉语国际教育,451,17128,
山西,山西师范大学,思想政治教育,499,5179,
山西,山西师范大学,历史学,499,5179,
山西,山西师范大学,社会学,498,5332,
山西,山西财经大学,新闻学,488,7122,
山西,山西财经大学,能源经济,486,7548,
山西,山西财经大学,网络与新媒体,485,7758,
山西,山西财经大学,人力资源管理,484,7984,
山西,山西财经大学,劳动与社会保障,484,7984,
山西,山西财经大学,农林经济管理,484,7984,
山西,山西财经大学,市场营销,483,8196,
山西,山西财经大学,人文地理与城乡规划,483,8196,
山西,山西财经大学,汉语国际教育,483,8196,
广西,南宁师范大学,汉语言文学,489,6929,
广西,南宁师范大学,思想政治教育,488,7122,
广西,南宁师范大学,小学教育,486,7548,
广西,南宁师范大学,工商管理类,484,7984,
广西,南宁师范大学,物流管理,470,11333,
湖南,湖南文理学院,会计学,471,11050,
湖南,湖南文理学院,新闻学,471,11050,
四川,宜宾学院,汉语言文学,474,10328,
四川,宜宾学院,小学教育,471,11050,
四川,宜宾学院,应用心理学,470,11333,
四川,宜宾学院,行政管理,468,11875,
四川,宜宾学院,公共事业管理,466,12431,
四川,宜宾学院,公共关系学,465,12698,
海南,海南热带海洋学院,新闻学,471,11050,
海南,海南热带海洋学院,中国语言文学类,464,13002,
海南,海南热带海洋学院,小学教育,464,13002,
海南,海南热带海洋学院,思想政治教育,464,13002,
海南,海南热带海洋学院,工商管理类,462,13565,
海南,海南热带海洋学院,学前教育,462,13565,
海南,海南热带海洋学院,历史学类,462,13565,
海南,海南热带海洋学院,英语,461,13868,
海南,海南热带海洋学院,国际事务与国际关系,461,13868,
海南,海南热带海洋学院,旅游管理类,460,14152,
海南,海南热带海洋学院,俄语,460,14152,
海南,海南热带海洋学院,泰语,460,14152,
海南,海南热带海洋学院,物流管理,459,14481,
山西,吕梁学院,财务管理,457,15147,
山西,吕梁学院,历史学,446,18840,
山西,吕梁学院,英语,446,18840,
山西,吕梁学院,物业管理,442,20250,
山西,山西科技学院,经济学,461,13868,
山西,山西科技学院,市场营销,448,18140,
山西,山西工程科技职业大学,人力资源管理,446,18840,
江西,南昌医学院,中医学,485,7758,
江西,南昌医学院,针灸推拿学,484,7984,
江西,南昌医学院,助产学,482,8386,
山西,山西晋中理工学院,财务管理,428,25260,
