﻿省份,学校名称,专业,最低录取分,最低录取名次,选课要求
广东,中山大学,工商管理类（工商管理、会计学）,615,564,
广东,中山大学,法学,611,704,
广东,中山大学,经济学,611,704,
广东,中山大学,汉语言文学,610,750,
广东,中山大学,历史学,609,792,
广东,中山大学,公共管理类（行政管理、政治学与行政学）,609,792,
广东,中山大学,新闻传播学类（新闻学、传播学）,609,792,
广东,中山大学,哲学,609,792,
广东,中山大学,社会学类（社会学、人类学、考古学）,608,851,
广东,中山大学,国际政治,608,851,
广东,华南理工大学,工商管理类,599,1409,
广东,华南理工大学,经济学类,598,1480,
广东,华南理工大学,法学（卓越法律班）,598,1480,
广东,华南理工大学,新闻传播学类,598,1480,
广东,华南理工大学,法学类,597,1553,
广东,华南理工大学,行政管理,595,1689,
广东,华南理工大学,商务英语,595,1689,
广东,华南理工大学,旅游管理类,594,1769,
广东,广州医科大学,法学,559,6219,
广东,广州医科大学,护理学,558,6407,
山西,山西大学,汉语言文学,562,5688,
山西,山西大学,历史学,561,5878,
山西,山西大学,哲学类,559,6219,
山西,山西大学,英语,558,6407,
山西,山西大学,政治学类,558,6407,
山西,山西大学,翻译,556,6800,
山西,山西大学,俄语,555,6994,
山西,山西大学,日语,555,6994,
山西,山西大学,德语,555,6994,
山西,太原理工大学,会计学,571,4258,
山西,太原理工大学,法学,571,4258,
山西,太原理工大学,思想政治教育,570,4413,
山西,太原理工大学,行政管理,569,4564,
山西,太原理工大学,英语,569,4564,
山西,太原理工大学,汉语国际教育,569,4564,
山西,太原理工大学,英语（英俄双语方向）,569,4564,
海南,海南大学,汉语言文学,575,3731,
海南,海南大学,法学,572,4107,
海南,海南大学,思想政治教育,572,4107,
海南,海南大学,传播学,571,4258,
海南,海南大学,金融学,571,4258,
海南,海南大学,会计学,570,4413,
海南,海南大学,行政管理,569,4564,
海南,海南大学,工商管理,569,4564,
海南,海南大学,农林经济管理,569,4564,
海南,海南大学,俄语,569,4564,
海南,海南大学,日语,569,4564,
海南,海南大学,旅游管理类,569,4564,
海南,海南大学,戏剧影视文学,569,4564,
海南,海南大学,人文地理与城乡规划（中外合作办学）（中外合作办学）,565,5130,
海南,海南大学,英语,564,5314,
海南,海南大学,行政管理（中外合作办学）（中外合作办学）,564,5314,
海南,海南大学,会展经济与管理（中外合作办学）（中外合作办学）,552,7573,
海南,海南大学,酒店管理（中外合作办学）（中外合作办学）,547,8616,
海南,海南大学,国际经济与贸易,544,9303,
上海,上海海事大学,经济学类,566,4979,
上海,上海海事大学,外国语言文学类,565,5130,
上海,上海海事大学,交通管理（航运管理）,563,5495,
上海,上海海事大学,本科预科班,552,7573,
海南,海南师范大学,地理科学,557,6590,
海南,海南师范大学,思想政治教育,556,6800,
海南,海南师范大学,历史学,553,7378,
海南,海南师范大学,小学教育（数学与科学方向）,552,7573,
海南,海南师范大学,汉语言文学,551,7771,
海南,海南师范大学,法学,551,7771,
海南,海南师范大学,经济学类,550,7966,
海南,海南师范大学,地理科学类,549,8179,
海南,海南师范大学,工商管理类,549,8179,
海南,海南师范大学,教育学类,548,8393,
海南,海南师范大学,新闻传播学类,548,8393,
海南,海南师范大学,英语,548,8393,
海南,海南师范大学,应用心理学,548,8393,
海南,海南师范大学,电子商务,548,8393,
海南,海南师范大学,汉语国际教育,548,8393,
海南,海南师范大学,旅游管理类,548,8393,
海南,海南师范大学,小学教育（英语教育方向）,548,8393,
海南,海南师范大学,学前教育（中外合作办学）,490,25655,
河南,中原工学院,自动化,502,-,
河南,中原工学院,英语,497,23074,
河南,中原工学院,航空航天类,495,-,
山西,山西师范大学,思想政治教育,544,9303,
山西,山西师范大学,历史学,536,11258,
山西,山西师范大学,旅游管理,536,11258,
山西,山西师范大学,法学,534,11767,
山西,山西师范大学,社会学,532,12271,
山西,山西师范大学,人文地理与城乡规划,532,12271,
山西,山西师范大学,编辑出版学,530,12827,
山西,山西财经大学,贸易经济,554,7197,
山西,山西财经大学,财政学,551,7771,
山西,山西财经大学,审计学,551,7771,
山西,山西财经大学,税收学,545,9065,
山西,山西财经大学,文化产业管理,542,9775,
山西,山西财经大学,汉语国际教育,539,10493,
山西,山西财经大学,资源与环境经济学,537,11005,
山西,山西财经大学,市场营销,535,11511,
山西,山西财经大学,网络与新媒体,535,11511,
山西,山西财经大学,新闻学,533,12016,
山西,山西财经大学,土地资源管理,533,12016,
广西,南宁师范大学,汉语言文学,528,13320,
广西,南宁师范大学,小学教育,525,14146,
广西,南宁师范大学,工商管理类,524,14456,
广西,南宁师范大学,翻译,519,15985,
广西,南宁师范大学,英语,519,15985,
广西,南宁师范大学,新闻传播学类,519,15985,
山西,太原科技大学,法学,521,15358,
山西,太原科技大学,会计学,515,17175,
山西,太原科技大学,市场营销,512,18054,
山西,太原科技大学,英语,511,18346,
湖南,湖南文理学院,思想政治教育（师范）,519,15985,
湖南,湖南文理学院,国际经济与贸易,512,18054,
湖南,湖南文理学院,电子商务及法律,512,18054,
湖南,湖南文理学院,市场营销,508,19322,
湖南,湖南文理学院,金融工程,508,19322,
四川,宜宾学院,汉语国际教育,495,23797,
四川,宜宾学院,物流管理,494,24151,
四川,宜宾学院,劳动与社会保障,492,24878,
海南,海南热带海洋学院,俄语,507,19670,
海南,海南热带海洋学院,中国语言文学类,505,20357,
海南,海南热带海洋学院,新闻学,504,20691,
海南,海南热带海洋学院,电子商务,499,22378,
海南,海南热带海洋学院,泰语,497,23074,
海南,海南热带海洋学院,旅游管理类,496,23442,
海南,海南热带海洋学院,工商管理类,496,23442,
海南,海南热带海洋学院,旅游管理（中外合作办学）,487,26821,
海南,海南热带海洋学院,市场营销（中外合作办学）,487,26821,
山西,太原工业学院,经济学类,490,25655,
湖南,湖南人文科技学院,法学,498,22734,
湖南,湖南人文科技学院,学前教育（中外合作办学）,480,29658,
山西,吕梁学院,新闻学,488,26435,
山西,吕梁学院,历史学,487,26821,
山西,吕梁学院,城乡规划,486,27225,
山西,吕梁学院,会计学,486,27225,
山西,吕梁学院,食品质量与安全,486,27225,
山西,吕梁学院,物业管理,485,27637,
山西,山西工程科技职业大学,国际经济与贸易,480,29658,
江西,南昌医学院,针灸推拿学,515,-,
江西,南昌医学院,中医学,511,-,
江西,南昌医学院,助产学,502,-,
山西,山西晋中理工学院,国际经济与贸易,452,41923,
