﻿省份,学校名称,专业,最低录取分,最低录取名次,选课要求
广东,中山大学,临床医学（八年制）,628,2696,
广东,中山大学,口腔医学（5+3一体化）,623,3387,
广东,中山大学,口腔医学,619,4000,
广东,中山大学,计算机类（计算机科学与技术、信息与计算科学、保密管理）,618,4142,
广东,中山大学,经济学类（金融学、经济学）,618,4142,
广东,中山大学,电子信息类（电子信息科学与技术、通信工程）,616,4493,
广东,中山大学,数学类（数学与应用数学、信息与计算科学）,616,4493,
广东,中山大学,遥感科学与技术,616,4493,
广东,中山大学,临床医学,615,4670,
广东,中山大学,经济学,615,4670,
广东,中山大学,工商管理,615,4670,
广东,中山大学,核工程与核技术（含中法合作办学）,615,4670,
广东,中山大学,物理学类（物理学、天文学）,615,4670,
广东,中山大学,预防医学,614,4852,
广东,中山大学,药学,614,4852,
广东,中山大学,化学类（化学、高分子材料与工程）,613,5019,
广东,中山大学,材料类（材料物理、材料化学、高分子材料与工程）,612,5222,
广东,华南理工大学,信息工程（创新班）,622,3533,
广东,华南理工大学,电气工程及其自动化（卓越班）,620,3825,
广东,华南理工大学,建筑学,618,4142,
广东,华南理工大学,计算机科学与技术（拔尖基地班）,618,4142,
广东,华南理工大学,计算机类,616,4493,
广东,华南理工大学,自动化（创新班）,616,4493,
广东,华南理工大学,信息工程,615,4670,
广东,华南理工大学,自动化类,614,4852,
广东,华南理工大学,数学类,614,4852,
广东,华南理工大学,电气类,614,4852,
广东,华南理工大学,应用物理学（严济慈英才班）,614,4852,
广东,华南理工大学,工业设计,614,4852,
广东,华南理工大学,计算机科学与技术（全英创新班）,614,4852,
广东,华南理工大学,软件工程,613,5019,
广东,华南理工大学,会计学,613,5019,
广东,华南理工大学,机械类（创新班）,613,5019,
广东,华南理工大学,经济学类,613,5019,
广东,华南理工大学,工科试验班（智能装备与先进制造）,612,5222,
广东,华南理工大学,工科试验班（智慧土木与数字建造）,612,5222,
广东,华南理工大学,软件工程（3+2中澳班）（中外合作办学）,612,5222,
广东,华南理工大学,工商管理类,612,5222,
广东,华南理工大学,工程力学（创新班）,612,5222,
广东,华南理工大学,物理学类,612,5222,
广东,华南理工大学,食品科学与工程类,612,5222,
广东,华南理工大学,电子商务类,612,5222,
广东,华南理工大学,金融科技,612,5222,
广东,华南理工大学,环境科学与工程类,611,5417,
广东,华南理工大学,医学影像学,611,5417,
广东,华南理工大学,材料类,611,5417,
广东,华南理工大学,化工与制药类,611,5417,
广东,华南理工大学,化学类（拔尖基地班）,611,5417,
广东,华南理工大学,临床医学,610,5640,
广东,华南理工大学,生物科学类,610,5640,
广东,华南理工大学,轻工类,610,5640,
广东,华南理工大学,交通运输类,610,5640,
广东,广州医科大学,临床医学,596,9218,
广东,广州医科大学,口腔医学,596,9218,
广东,广州医科大学,基础医学,592,10436,
广东,广州医科大学,预防医学,591,10779,
广东,广州医科大学,应用心理学,558,25239,
广东,广州医科大学,护理学,553,27995,
山西,山西大学,计算机科学与技术,571,18754,
山西,山西大学,数据科学与大数据技术,570,19208,
山西,山西大学,物理学（国家基地）,566,21135,
山西,山西大学,人工智能,566,21135,
山西,山西大学,数学类,564,22155,
山西,山西大学,统计学,563,22633,
山西,山西大学,测控技术与仪器,561,23630,
山西,山西大学,光电信息科学与工程,561,23630,
山西,山西大学,电子信息类,560,24176,
山西,山西大学,自动化,557,25790,
山西,山西大学,机械电子工程,556,26323,
山西,山西大学,电气工程及其自动化,553,27995,
山西,山西大学,能源动力类,551,29090,
山西,山西大学,土木工程,550,29685,
山西,山西大学,经济学类,549,30237,
山西,山西大学,应用心理学,548,30833,
山西,山西大学,资源循环科学与工程,547,31412,
山西,山西大学,自然地理与资源环境,546,32007,
山西,山西大学,教育学,544,33215,
山西,山西大学,环境科学与工程类,542,34452,
山西,山西大学,化学类,541,35050,
山西,山西大学,生物科学类,540,35648,
山西,山西大学,食品科学与工程（食品酿造）,539,36279,
山西,山西大学,食品科学与工程,538,36890,
山西,山西大学,旅游管理,537,37555,
山西,太原理工大学,电气工程及其自动化（试验班）,581,14468,
山西,太原理工大学,电子科学与技术,579,15251,
山西,太原理工大学,电气工程及其自动化,577,16053,
山西,太原理工大学,计算机科学与技术,576,16499,
山西,太原理工大学,电子科学与技术（集成电路）,576,16499,
山西,太原理工大学,通信工程,575,16936,
山西,太原理工大学,光电信息科学与工程,574,17372,
山西,太原理工大学,机械设计制造及其自动化,573,17855,
山西,太原理工大学,数据科学与大数据技术,573,17855,
山西,太原理工大学,车辆工程,573,17855,
山西,太原理工大学,能源与动力工程,573,17855,
山西,太原理工大学,自动化,573,17855,
山西,太原理工大学,物联网工程,573,17855,
山西,太原理工大学,网络空间安全,573,17855,
山西,太原理工大学,人工智能,573,17855,
山西,太原理工大学,过程装备与控制工程,572,18293,
山西,太原理工大学,机械电子工程,572,18293,
山西,太原理工大学,冶金工程,572,18293,
山西,太原理工大学,测绘工程,572,18293,
山西,太原理工大学,水文与水资源工程,572,18293,
山西,太原理工大学,汉语国际教育,572,18293,
山西,太原理工大学,信息与计算科学,572,18293,
山西,太原理工大学,土木工程（试验班）,572,18293,
山西,太原理工大学,机器人工程,572,18293,
山西,太原理工大学,飞行器设计与工程,572,18293,
山西,太原理工大学,英语,571,18754,
山西,太原理工大学,材料成型及控制工程,571,18754,
山西,太原理工大学,材料科学与工程,571,18754,
山西,太原理工大学,工程力学,571,18754,
山西,太原理工大学,智能感知工程,571,18754,
山西,太原理工大学,水利水电工程,571,18754,
山西,太原理工大学,高分子材料与工程,571,18754,
山西,太原理工大学,区块链工程,571,18754,
山西,太原理工大学,土木工程,571,18754,
山西,太原理工大学,安全工程,571,18754,
山西,太原理工大学,工业设计,571,18754,
山西,太原理工大学,纺织工程,571,18754,
山西,太原理工大学,城市地下空间工程,571,18754,
山西,太原理工大学,矿物加工工程,571,18754,
山西,太原理工大学,道路桥梁与渡河工程,571,18754,
山西,太原理工大学,农业水利工程,571,18754,
山西,太原理工大学,建筑环境与能源应用工程,571,18754,
山西,太原理工大学,统计学,571,18754,
山西,太原理工大学,英语（英俄双语方向）,571,18754,
山西,太原理工大学,精细化工,571,18754,
山西,太原理工大学,化学工程与工艺（试验班）,571,18754,
山西,太原理工大学,智能测控工程,571,18754,
山西,太原理工大学,会计学,570,19208,
山西,太原理工大学,化学工程与工艺,570,19208,
山西,太原理工大学,采矿工程（煤炭智能化）,570,19208,
山西,太原理工大学,应急技术与管理,570,19208,
山西,太原理工大学,采矿工程,570,19208,
山西,太原理工大学,地质工程,570,19208,
山西,太原理工大学,行政管理,570,19208,
山西,太原理工大学,法学,570,19208,
山西,太原理工大学,工程管理,569,19667,
山西,太原理工大学,物流管理（航空物流）,569,19667,
山西,太原理工大学,物流管理,568,20151,
山西,太原理工大学,思想政治教育,568,20151,
山西,太原理工大学,机械设计制造及其自动化（中外合作办学）,559,24706,
海南,海南大学,法学,575,16936,
海南,海南大学,国际经济与贸易,574,17372,
海南,海南大学,金融学,574,17372,
海南,海南大学,计算机科学与技术,573,17855,
海南,海南大学,自动化,573,17855,
海南,海南大学,会计学,572,18293,
海南,海南大学,信息安全,570,19208,
海南,海南大学,电子信息类,570,19208,
海南,海南大学,软件工程（NIIT）,570,19208,
海南,海南大学,旅游管理类,570,19208,
海南,海南大学,机械设计制造及其自动化,570,19208,
海南,海南大学,数学与应用数学,569,19667,
海南,海南大学,数据科学与大数据技术,569,19667,
海南,海南大学,物流管理,569,19667,
海南,海南大学,建筑学,568,20151,
海南,海南大学,海洋工程与技术,568,20151,
海南,海南大学,农林经济管理,568,20151,
海南,海南大学,密码科学与技术,568,20151,
海南,海南大学,风景园林,567,20643,
海南,海南大学,土地资源管理,567,20643,
海南,海南大学,车辆工程,567,20643,
海南,海南大学,生物医学工程,566,21135,
海南,海南大学,人工智能,565,21636,
海南,海南大学,林学,565,21636,
海南,海南大学,海洋科学,564,22155,
海南,海南大学,应用化学,564,22155,
海南,海南大学,设施农业科学与工程,564,22155,
海南,海南大学,生态学,564,22155,
海南,海南大学,环境科学,563,22633,
海南,海南大学,生物科学,563,22633,
海南,海南大学,园艺,563,22633,
海南,海南大学,材料类,562,23165,
海南,海南大学,水产养殖学,561,23630,
海南,海南大学,药学,560,24176,
海南,海南大学,植物保护,560,24176,
海南,海南大学,园林,560,24176,
海南,海南大学,食品科学与工程类,560,24176,
海南,海南大学,生物技术,560,24176,
海南,海南大学,人文地理与城乡规划（中外合作办学）（中外合作办学）,560,24176,
海南,海南大学,动物医学,558,25239,
海南,海南大学,化学工程与工艺,558,25239,
海南,海南大学,农业资源与环境,558,25239,
海南,海南大学,农学,557,25790,
海南,海南大学,动物科学,557,25790,
海南,海南大学,应用物理学,556,26323,
海南,海南大学,行政管理（中外合作办学）（中外合作办学）,555,26864,
海南,海南大学,酒店管理（中外合作办学）（中外合作办学）,551,29090,
海南,海南大学,会展经济与管理（中外合作办学）（中外合作办学）,548,30833,
海南,海南大学,土木工程,530,42181,
上海,上海海事大学,交通管理（航运管理）,563,22633,
上海,上海海事大学,船舶与海洋工程,560,24176,
上海,上海海事大学,港口航道与海岸工程,558,25239,
上海,上海海事大学,机械类,558,25239,
上海,上海海事大学,工业设计,557,25790,
上海,上海海事大学,管理科学,557,25790,
上海,上海海事大学,本科预科班,541,35050,
海南,海南师范大学,汉语言文学,543,33823,
海南,海南师范大学,新闻传播学类,537,37555,
海南,海南师范大学,法学,536,38201,
海南,海南师范大学,思想政治教育,536,38201,
海南,海南师范大学,教育学类,536,38201,
海南,海南师范大学,计算机科学与技术,531,41513,
海南,海南师范大学,数学与应用数学,530,42181,
海南,海南师范大学,英语,529,42806,
海南,海南师范大学,经济学类,528,43469,
海南,海南师范大学,地理科学,528,43469,
海南,海南师范大学,小学教育（英语教育方向）,528,43469,
海南,海南师范大学,地理科学类,527,44144,
海南,海南师范大学,应用心理学,527,44144,
海南,海南师范大学,小学教育（数学与科学方向）,527,44144,
海南,海南师范大学,数据科学与大数据技术,526,44840,
海南,海南师范大学,电子商务,526,44840,
海南,海南师范大学,物理学,525,45487,
海南,海南师范大学,生物科学,525,45487,
海南,海南师范大学,工商管理类,524,46195,
海南,海南师范大学,人工智能,523,46887,
海南,海南师范大学,旅游管理类,522,47569,
海南,海南师范大学,统计学,521,48275,
海南,海南师范大学,网络空间安全,521,48275,
海南,海南师范大学,生物技术,521,48275,
海南,海南师范大学,自动化,521,48275,
海南,海南师范大学,光电信息科学与工程,520,48973,
海南,海南师范大学,生态学,520,48973,
海南,海南师范大学,化学,516,51820,
海南,海南师范大学,电子信息科学与技术,514,53202,
海南,海南师范大学,应用化学,514,53202,
海南,海南师范大学,制药工程,509,56739,
海南,海南师范大学,软件工程（NIIT班）,506,58833,
海南,海南师范大学,学前教育（中外合作办学）,502,61719,
海南,海南师范大学,园林,496,65882,
山西,山西师范大学,思想政治教育,519,49678,
山西,山西师范大学,电子信息工程,507,58064,
山西,山西师范大学,法学,503,60994,
山西,山西师范大学,社会学,502,61719,
山西,山西师范大学,编辑出版学,501,62411,
山西,山西师范大学,物理学,499,63769,
山西,山西师范大学,食品科学与工程,495,66552,
山西,山西师范大学,人文地理与城乡规划,495,66552,
山西,山西师范大学,食品质量与安全,494,67256,
山西,山西师范大学,生物科学类,489,70840,
山西,山西师范大学,生态学,488,71548,
山西,山西师范大学,园艺,485,73615,
山西,山西师范大学,旅游管理,-,-,
山西,山西财经大学,金融工程,528,43469,
山西,山西财经大学,计算机科学与技术,520,48973,
山西,山西财经大学,数据科学与大数据技术,519,49678,
山西,山西财经大学,信息管理与信息系统,514,53202,
山西,山西财经大学,电子商务,514,53202,
山西,山西财经大学,劳动与社会保障,513,53910,
山西,山西财经大学,金融数学,512,54612,
山西,山西财经大学,国民经济管理,511,55333,
山西,山西财经大学,市场营销,509,56739,
山西,山西财经大学,旅游管理,509,56739,
山西,山西财经大学,物流管理,509,56739,
山西,山西财经大学,土地资源管理,509,56739,
山西,山西财经大学,资源与环境经济学,509,56739,
广西,南宁师范大学,物理学,501,62411,
广西,南宁师范大学,地理科学类,500,63092,
广西,南宁师范大学,教育技术学,499,63769,
广西,南宁师范大学,计算机科学与技术,496,65882,
广西,南宁师范大学,信息管理与信息系统,496,65882,
广西,南宁师范大学,电子信息工程,496,65882,
广西,南宁师范大学,数学与应用数学,495,66552,
广西,南宁师范大学,旅游管理,473,82121,
山西,太原科技大学,电气工程及其自动化,511,55333,
山西,太原科技大学,计算机科学与技术,511,55333,
山西,太原科技大学,机械设计制造及其自动化,508,57414,
山西,太原科技大学,自动化,508,57414,
山西,太原科技大学,环境工程,508,57414,
山西,太原科技大学,光电信息科学与工程,507,58064,
山西,太原科技大学,电子信息工程,507,58064,
山西,太原科技大学,信息管理与信息系统,507,58064,
山西,太原科技大学,智能科学与技术,507,58064,
山西,太原科技大学,车辆工程（新能源汽车）,507,58064,
山西,太原科技大学,冶金工程,506,58833,
山西,太原科技大学,工业工程,506,58833,
山西,太原科技大学,应用统计学,506,58833,
山西,太原科技大学,材料成型及控制工程,505,59548,
山西,太原科技大学,过程装备与控制工程,505,59548,
山西,太原科技大学,环保设备工程,505,59548,
山西,太原科技大学,焊接技术与工程,505,59548,
山西,太原科技大学,智能装备与系统,505,59548,
山西,太原科技大学,环境科学,501,62411,
山西,太原科技大学,生物工程,498,64483,
山西,太原科技大学,化学工程与工艺,495,66552,
山西,太原科技大学,交通工程,495,66552,
湖南,湖南文理学院,物理学（师范）,495,66552,
湖南,湖南文理学院,电子信息科学与技术,490,70082,
湖南,湖南文理学院,软件工程,490,70082,
湖南,湖南文理学院,电气工程及其自动化,490,70082,
湖南,湖南文理学院,数学与应用数学（师范）,489,70840,
湖南,湖南文理学院,集成电路设计与集成系统,489,70840,
湖南,湖南文理学院,化学（师范）,486,72953,
湖南,湖南文理学院,信息管理与信息系统（中外合作办学）,467,86347,
湖南,湖南文理学院,机械设计制造及其自动化（中外合作办学）,465,87749,
湖南,湖南文理学院,水产养殖学,459,91957,
四川,宜宾学院,生物科学,479,77926,
四川,宜宾学院,数学与应用数学,473,82121,
海南,海南热带海洋学院,计算机类,489,70840,
海南,海南热带海洋学院,电子信息类,485,73615,
海南,海南热带海洋学院,中国语言文学类,485,73615,
海南,海南热带海洋学院,数学与应用数学,480,77208,
海南,海南热带海洋学院,应用心理学,478,78660,
海南,海南热带海洋学院,旅游管理类,477,79347,
海南,海南热带海洋学院,海洋科学类,475,80757,
海南,海南热带海洋学院,物理学,475,80757,
海南,海南热带海洋学院,生物科学类,472,82900,
海南,海南热带海洋学院,环境工程,461,90523,
海南,海南热带海洋学院,水产养殖学,460,91244,
海南,海南热带海洋学院,旅游管理（中外合作办学）,460,91244,
海南,海南热带海洋学院,海洋渔业科学与技术,458,92648,
海南,海南热带海洋学院,食品科学与工程类,457,93314,
海南,海南热带海洋学院,化学,456,94023,
山西,太原工业学院,计算机类,480,77208,
山西,太原工业学院,机械类,474,81458,
山西,太原工业学院,数据科学与大数据技术,474,81458,
山西,太原工业学院,质量管理工程,474,81458,
山西,太原工业学院,自动化类,473,82121,
山西,太原工业学院,电子信息类,472,82900,
山西,太原工业学院,工商管理类,469,84952,
山西,太原工业学院,经济学类,467,86347,
山西,太原工业学院,食品科学与工程类,462,89834,
山西,太原工业学院,化工与制药类,455,94731,
山西,太原工业学院,材料类,453,96100,
山西,太原工业学院,环境科学与工程类,452,96821,
湖南,湖南人文科技学院,法学,485,73615,
湖南,湖南人文科技学院,能源与动力工程,468,85652,
湖南,湖南人文科技学院,园艺,462,89834,
湖南,湖南人文科技学院,农学,461,90523,
湖南,湖南人文科技学院,植物保护,460,91244,
湖南,湖南人文科技学院,学前教育（中外合作办学）,454,95407,
山西,吕梁学院,计算机科学与技术,468,85652,
山西,吕梁学院,物理学,459,91957,
山西,吕梁学院,新闻学,459,91957,
山西,吕梁学院,测绘工程,459,91957,
山西,吕梁学院,会计学,458,92648,
山西,吕梁学院,食品质量与安全,458,92648,
山西,吕梁学院,城乡规划,457,93314,
山西,吕梁学院,物业管理,456,94023,
山西,山西科技学院,电子信息工程,473,82121,
山西,山西科技学院,通信工程,470,84282,
山西,山西科技学院,电气工程及其自动化,468,85652,
山西,山西科技学院,机械设计制造及其自动化,467,86347,
山西,山西科技学院,安全工程,466,87052,
山西,山西科技学院,自动化,465,87749,
山西,山西工程科技职业大学,市政工程技术,461,90523,
山西,山西工程科技职业大学,电子信息工程技术,461,90523,
江西,南昌医学院,临床医学,504,-,
江西,南昌医学院,中医学,498,-,
江西,南昌医学院,针灸推拿学,498,-,
江西,南昌医学院,医学影像技术,492,-,
江西,南昌医学院,医学检验技术,491,-,
江西,南昌医学院,中西医临床医学,488,-,
江西,南昌医学院,药学,482,-,
江西,南昌医学院,助产学,467,-,
山西,山西晋中理工学院,网络工程,439,106073,
山西,山西晋中理工学院,金融工程,426,115490,
