﻿省份,学校名称,专业,最低录取分,最低录取名次,选课要求
北京,首都师范大学,中国语言文学类（含汉语言文学汉语国际教育秘书学）,591,1890,
北京,首都师范大学,文化产业管理,590,1973,
北京,首都师范大学,社会工作,589,2044,
北京,首都师范大学,旅游管理,588,2123,
北京,清华大学,文科试验班类（人文与社会）（含汉语言文学历史学哲学英语英语（世界文学与文化实验班）日语社会学经济学国际政治国际政治（国际事务与全球治理）心理学新闻学（国际新闻实验班）新闻学（融媒体新闻实验班））,663,1,
北京,清华大学,文科试验班类（经济金融与管理）（含经济与金融（国际班）会计学信息管理与信息系统）,661,1,
北京,北京大学,法学,667,1,
北京,北京大学,文科试验班类（含中国语言文学类考古学历史学类哲学类社会学类国际政治法学信息管理与信息系统新闻传播学类经济学类工商管理类公共管理类艺术学理论类数据科学与大数据技术政治学经济学与哲学古生物学整合科学外国语言与外国历史外国语言文学类）,664,1,
北京,北京大学,历史学类（含历史学（中国史）世界史外国语言与外国历史）,658,1,
北京,北京大学,英语（需口试）,656,1,
北京,北京大学,中国语言文学类（含汉语言文学汉语言古典文献学应用语言学）,655,19,
北京,北京大学,经济学类（含经济学金融学国际经济与贸易保险学财政学资源与环境经济学）,655,19,
北京,北京大学,哲学类（含哲学宗教学逻辑学（科技哲学））,655,19,
北京,北京大学,公共管理类（含政治学与行政学城市管理行政管理）,655,19,
北京,北京大学,社会学类（含社会学社会工作人类学）,655,19,
北京,北京大学,国际政治（国政外交学国际政经）,654,21,
北京,北京大学,信息管理与信息系统,652,24,
浙江,浙江大学,社会科学试验班（竺可桢学院人文社科实验班智能财务班）（含古典文献学汉语言文学哲学历史学文物与博物馆学新闻学广播电视学广告学英语翻译德语法语西班牙语日语俄语经济学财政学金融学国际经济与贸易教育学信息管理与信息系统会计学工商管理社会学农林经济管理信息资源管理政...,641,75,
浙江,浙江大学,社会科学试验班（含经济学财政学金融学国际经济与贸易教育学信息管理与信息系统会计学工商管理社会学农林经济管理信息资源管理政治学与行政学行政管理劳动与社会保障土地资源管理法学相关专业有威斯康辛麦迪逊分校3+1+1本硕伯明翰大学2+2双学位夏威夷大学3+2本硕等...,635,131,
上海,上海交通大学,经济管理试验班（含金融学国际经济与贸易经济学工商管理会计学人力资源管理信息管理与信息系统试验班采用主修专业+辅修模块”培养模式，即学生在修读1个主修专业（专业不限人数）的同时，将自主选择修读1个辅修模块，充分尊重学生专业选择的意愿工商管理含市场营销商务数...,646,49,
上海,复旦大学,经济学类（含荷兰格罗宁根大学双学位项目）（含国家公派留学计划及德国哥廷根大学慕尼黑学法国巴黎政治大学等校免学费交流项目；含经济学经济学（数理经济方向拔尖项目）经济学专业国际项目（UIPE）国际经济与贸易（国际经济学）金融学财政学保险学等专业；部分专业课程英...,647,45,
上海,复旦大学,新闻传播学类（卓越新闻人才计划）（含日本早稻田大学美国密苏里大学双学位项目；含赴美国北卡莱罗纳大学德国慕尼黑大学俄罗斯莫斯科国立大学等校免学费交流项目；含新闻学广播电视学传播学广告学4个专业）,641,75,
上海,复旦大学,法学（卓越法律人才基地）（含美国亚利桑那州立大学杜兰大学双学位项目；含国家公派留学计划及赴美国威廉玛丽学院加拿大皇后大学德国汉堡大学等校免学费交流项目部分专业课程英语授课）,640,82,
江苏,南京大学,经济管理试验班（含经济学金融学金融工程保险学经济学（产业经济学方向）工商管理市场营销会计学财务管理电子商务工商管理（人力资源方向）国际经济与贸易）,635,131,
江苏,南京大学,社会科学试验班（含法学社会学社会工作应用心理学政治学与行政学行政管理劳动与社会保障国际政治信息管理与信息系统（大数据管理应用方向）图书馆学（公共数字文化方向）档案学（经济与科技档案方向）编辑出版学（数字化出版与新媒体方向））,634,141,
江苏,南京大学,外国语言文学类（含英语德语法语西班牙语）,633,151,
江苏,南京大学,人文科学试验班（人文艺术传播类）（含哲学汉语国际教育汉语言文学新闻学广播电视学广告学历史学考古学考古学（文物鉴定方向）人文艺术传播类）,632,168,
湖北,华中科技大学,建筑类（五年制）（含建筑学城乡规划风景园林）,611,703,
湖北,华中科技大学,法学,610,751,
湖北,华中科技大学,公共事业管理（卫生事业管理）,608,819,
湖北,华中科技大学,中国语言文学类（含汉语言文学汉语国际教育）,608,819,
湖北,武汉大学,法学,632,168,
湖北,武汉大学,新闻传播学类（含新闻学广播电视学广告学传播学）,629,205,
湖北,武汉大学,工商管理类（含工程管理物流管理工商管理市场营销会计学财务管理人力资源管理）,628,222,
湖北,武汉大学,经济学类（含经济学金融工程国际经济与贸易财政学金融学保险学）,627,243,
湖北,武汉大学,社会科学试验班（信息管理类）（含图书馆学档案学编辑出版学信息管理与信息系统电子商务）,626,264,
湖北,武汉大学,社会学类（含社会学社会工作）,626,264,
湖北,武汉大学,中国语言文学类（含汉语言文学汉语国际教育）,623,346,
湖北,武汉大学,人文科学试验班（弘毅学堂）（含汉语言文学哲学历史学含汉语言文学哲学历史学国学，基础学科拔尖学生培养试验计划）,623,346,
湖北,武汉大学,政治学类（含政治学与行政学外交学）,623,346,
湖北,武汉大学,哲学类（含哲学宗教学）,621,386,
湖北,武汉大学,历史学类（含历史学世界史考古学）,621,386,
湖北,武汉大学,外国语言文学类（含英语翻译法语日语俄语德语口吃不宜报考）,620,417,
陕西,西安交通大学,外国语言文学类（含英语法语日语）,606,915,
四川,四川大学,会计学（ACCA）,614,589,
四川,四川大学,经济学类,612,665,
四川,四川大学,公共管理类,611,703,
四川,四川大学,信息资源管理,610,751,
四川,四川大学,历史学类,610,751,
四川,四川大学,哲学,609,784,
四川,四川大学,马克思主义理论,609,784,
四川,四川大学,旅游管理类,608,819,
广东,中山大学,工商管理类（含工商管理会计学）,628,222,
广东,中山大学,新闻传播学类（含新闻学传播学）,626,264,
广东,中山大学,经济学类（广州）（含国际商务管理科学金融学经济学）,624,317,
广东,中山大学,哲学类（广州）（含哲学逻辑学）,624,317,
广东,中山大学,外国语言文学类（广州）（含英语德语日语法语）,622,367,
广东,中山大学,汉语言文学（广州）,619,446,
广东,中山大学,社会学类（含人类学社会学考古学）,619,446,
广东,中山大学,历史学（广州）,619,446,
广东,中山大学,旅游管理类（含旅游管理会展经济与管理）,618,472,
广东,中山大学,经济学类（珠海）（含经济学金融学工商管理会计学）,613,626,
广东,中山大学,外国语言文学类（珠海）（含英语阿拉伯语西班牙语朝鲜语俄语）,613,626,
广东,中山大学,图书情报与档案管理类（含信息管理与信息系统图书馆学档案学）,613,626,
广东,中山大学,法学,612,665,
上海,同济大学,工科试验班（建筑城规景观与设计类）,635,131,
上海,同济大学,社会科学试验班,627,243,
上海,同济大学,人文科学试验班,624,317,
北京,北京理工大学,社会科学试验班（精品文科班）（含经济学社会工作法学英语德语日语西班牙语其中，英语日语德语西班牙语专业方向学费为6000元年）,607,872,
北京,中国人民大学,法学,647,45,
北京,中国人民大学,金融学类（含金融学金融工程信用管理保险学）,645,52,
北京,中国人民大学,新闻传播学类（含新闻学广播电视学广告学传播学）,642,67,
北京,中国人民大学,经济学类（含经济学能源经济国际经济与贸易国民经济管理）,641,75,
北京,中国人民大学,工商管理类（含工商管理财务管理会计学市场营销贸易经济管理科学）,638,92,
北京,中国人民大学,国际政治,637,103,
北京,中国人民大学,社会学类（含社会学社会工作公共事业管理（公共政策与人口管理））,636,119,
北京,中国人民大学,人文科学试验班（含汉语言文学汉语言历史学考古学世界史哲学宗教学伦理学马克思主义理论中国共产党历史）,636,119,
北京,中国人民大学,社会科学试验班（管理学科类）（含行政管理城市管理土地资源管理信息管理与信息系统信息资源管理档案学农林经济管理农村区域发展）,636,119,
北京,中国人民大学,人力资源管理,636,119,
天津,南开大学,金融学类（含金融学金融工程保险学投资学精算学）,626,264,
天津,南开大学,经济学类（含经济学财政学国际经济与贸易商务经济学）,625,287,
天津,南开大学,公共管理类（含社会学政治学公共管理及心理学）（含行政管理城市管理政治学与行政学国际政治社会学社会工作应用心理学）,619,446,
天津,南开大学,法学,618,472,
天津,南开大学,历史学类（含历史学世界史文物与博物馆学）,618,472,
天津,南开大学,旅游管理类（含旅游管理会展经济与管理）,617,499,
天津,天津大学,人文科学试验班,611,703,
山东,山东大学,法学类（含法学）,611,703,
山东,山东大学,中国语言文学类（含汉语言文学）,609,784,
山东,山东大学,经济学类（含经济学财政学金融学国际经济与贸易）,608,819,
山东,山东大学,英语（可向翻译专业分流）,608,819,
山东,山东大学,工商管理类（含工商管理市场营销会计学人力资源管理国际商务旅游管理）,607,872,
山东,山东大学,马克思主义理论,606,915,
山东,山东大学,社会学类（含社会学社会工作人类学）,606,915,
山东,山东大学,公共管理类（含行政管理公共事业管理）,606,915,
山东,山东大学,外国语言文学类（非英语）（含俄语德语法语西班牙语日语朝鲜语）,605,970,
山东,山东大学,历史学类（含历史学档案学考古学文物与博物馆学文化产业管理）,605,970,
山东,山东大学,汉语国际教育,605,970,
山东,山东大学,新闻传播学类（含新闻学）,605,970,
山东,山东大学,哲学类（含哲学）,605,970,
湖南,中南大学,法学类,607,872,
湖南,中南大学,外国语言文学类,603,1086,
湖南,中南大学,中国语言文学类,603,1086,
湖南,中南大学,金融学类（经济管理类）,600,1248,
陕西,西北工业大学,经济与贸易类（含国际经济与贸易法学）,596,1517,
陕西,西北工业大学,外国语言文学类（含英语德语）,595,1583,
广东,华南理工大学,经济学（创新班）,613,626,
广东,华南理工大学,经济学类,609,784,
广东,华南理工大学,工商管理类,608,819,
广东,华南理工大学,旅游管理类,607,872,
广东,华南理工大学,法学类,606,915,
广东,华南理工大学,新闻传播学类,605,970,
广东,华南理工大学,商务英语,604,1028,
广东,华南理工大学,日语,604,1028,
广东,华南理工大学,行政管理,603,1086,
广东,华南理工大学,传播学（2+2联合班）,602,1141,
福建,厦门大学,会计学（含会计学财务管理专业）,626,264,
福建,厦门大学,经济学类（含金融学金融工程保险学财政学税收学国际经济与贸易国际商务经济学统计学经济统计学数据科学与大数据技术）,621,386,
福建,厦门大学,法学类（含法学）,619,446,
福建,厦门大学,工商管理类（含人力资源管理工商管理市场营销旅游管理酒店管理管理科学电子商务）,615,555,
福建,厦门大学,英语（需口试）,614,589,
福建,厦门大学,新闻传播学类（含新闻学广播电视学广告学传播学）,611,703,
福建,厦门大学,人文科学试验班（含汉语言文学戏剧影视文学汉语言历史学（含世界史方向）考古学哲学）,611,703,
福建,厦门大学,政治学类（含国际政治外交学）,611,703,
福建,厦门大学,英语（面向漳州）（需口试）,610,751,
福建,厦门大学,公共管理类（面向漳州）（含政治学与行政学行政管理）,610,751,
福建,厦门大学,人文科学试验班（面向厦门）（含汉语言文学戏剧影视文学汉语言历史学（含世界史方向）考古学哲学）,609,784,
福建,厦门大学,法语,609,784,
福建,厦门大学,德语,609,784,
福建,厦门大学,日语,609,784,
福建,厦门大学,法语（面向漳州）,609,784,
福建,厦门大学,公共管理类（含政治学与行政学行政管理）,608,819,
福建,厦门大学,西班牙语,608,819,
福建,厦门大学,社会学类（含人类学社会学社会工作）,608,819,
福建,厦门大学,俄语,608,819,
福建,厦门大学,人文科学试验班（面向漳州）（含汉语言文学戏剧影视文学汉语言历史学（含世界史方向）考古学哲学）,607,872,
福建,厦门大学,法语（面向厦门）,606,915,
福建,厦门大学,日语（面向厦门）,606,915,
福建,厦门大学,社会学类（面向厦门）（含人类学社会学社会工作）,605,970,
福建,厦门大学,英语（面向厦门）（需口试）,605,970,
福建,厦门大学,公共管理类（面向厦门）（含政治学与行政学行政管理）,605,970,
福建,厦门大学,日语（面向漳州）,605,970,
福建,厦门大学,会计学（中外合作办学）（厦门大学与爱尔兰都柏林商学院中外合作办学项目学费每人每学年5万元，第四年如选择到爱尔兰都柏林商学院学习则该年学费按都柏林商学院的收费标准收取，人民币14万~18万元）,599,1318,
福建,厦门大学,金融学（马来西亚分校）,599,1318,
福建,厦门大学,金融学（中外合作办学）（厦门大学与爱尔兰都柏林商学院中外合作办学项目学费每人每学年5万元，第四年如选择到爱尔兰都柏林商学院学习则该年学费按都柏林商学院的收费标准收取，人民币14万~18万元）,598,1380,
福建,厦门大学,国际商务（马来西亚分校）,596,1517,
福建,厦门大学,会计学（马来西亚分校）,595,1583,
福建,厦门大学,新闻学（马来西亚分校）,585,2394,
福建,厦门大学,广告学（马来西亚分校）,581,2742,
福建,厦门大学,汉语言文学（马来西亚分校）,581,2742,
吉林,吉林大学,法学,605,970,
吉林,吉林大学,经济学类（含经济学财政学国际经济与贸易金融学经济学院）,604,1028,
吉林,吉林大学,政治学与行政学（按类招含政治学与行政学国际政治行政管理）,601,1196,
吉林,吉林大学,外交学（宜英语语种考生就读）,599,1318,
吉林,吉林大学,考古学（按类招含考古学文物与博物馆学）,598,1380,
吉林,吉林大学,新闻传播学类（含新闻学广告学）,598,1380,
上海,华东师范大学,汉语言文学,625,287,
上海,华东师范大学,历史学,622,367,
上海,华东师范大学,汉语国际教育,622,367,
上海,华东师范大学,金融学类,621,386,
上海,华东师范大学,德语,620,417,
上海,华东师范大学,新闻传播学类,620,417,
上海,华东师范大学,英语,619,446,
上海,华东师范大学,社会学类,619,446,
上海,华东师范大学,工商管理（中法创新实验班）,618,472,
上海,华东师范大学,哲学,616,523,
上海,华东师范大学,法学,616,523,
上海,华东师范大学,工商管理类,615,555,
北京,中国农业大学,农林经济管理（中外合作办学）（仅录取有专业志愿的考生；学费国内每年6万元，出国学习期间合作院校将按留学生标准收取学费详细信息请务必向国际学院咨询0106273779234；httpicbcaueducn）,593,1734,
北京,中国农业大学,国际经济与贸易（中外合作办学）（仅录取有专业志愿的考生；学费国内每年7.8万至10万元；如出国学习，合作院校将按留学生标准收取学费详细信息请务必向国际学院咨询0106273779234；httpicbcaueducn）,593,1734,
北京,中国农业大学,传播学（中外合作办学）（仅录取有专业志愿的考生；学费国内每年7.8万至10万元，如出国学习，合作院校将按留学生标准收取学费详细信息请务必向国际学院咨询010一6273779234；httpicbcaueducn）,591,1890,
四川,电子科技大学,社会科学试验班（公共管理与法律复合人才培养）,599,1318,
四川,电子科技大学,外国语言文学类,597,1446,
湖南,湖南大学,会计学,612,665,
湖南,湖南大学,英语,608,819,
湖南,湖南大学,金融学,607,872,
湖南,湖南大学,国际经济与贸易,605,970,
湖南,湖南大学,法学,604,1028,
湖南,湖南大学,工商管理,604,1028,
湖南,湖南大学,历史学,604,1028,
湖南,湖南大学,新闻传播学类,603,1086,
湖南,湖南大学,汉语言文学,602,1141,
湖南,湖南大学,日语,594,1659,
江苏,南京理工大学,法学,594,1659,
江苏,南京理工大学,广播电视学,592,1811,
江苏,南京理工大学,英语,590,1973,
江苏,南京理工大学,公共事业管理,589,2044,
江苏,南京理工大学,日语,587,2211,
江苏,南京理工大学,社会工作,587,2211,
上海,上海财经大学,公共管理类,625,287,
上海,上海财经大学,金融学,624,317,
上海,上海财经大学,工商管理类,623,346,
上海,上海财经大学,法学,623,346,
重庆,重庆大学,法学类,604,1028,
重庆,重庆大学,新闻传播学类,603,1086,
重庆,重庆大学,外国语言文学类,602,1141,
重庆,重庆大学,公共管理类,600,1248,
江苏,南京航空航天大学,经济与贸易类（含国际经济与贸易金融学）,599,1318,
江苏,南京航空航天大学,英语（民航业务国际贸易）,597,1446,
江苏,南京航空航天大学,日语,597,1446,
江苏,南京航空航天大学,政治学与行政学,597,1446,
江苏,南京航空航天大学,工商管理类（含会计学工商管理）,597,1446,
甘肃,兰州大学,经济学类（含经济学（基地班）经济学国际经济与贸易金融学统计学金融工程）,600,1248,
甘肃,兰州大学,法学,596,1517,
甘肃,兰州大学,历史学类（含历史学（基地班）历史学世界史文物与博物馆学）,596,1517,
甘肃,兰州大学,工商管理类（含管理科学（基地班）会计学市场营销人力资源管理信息管理与信息系统行政管理）,596,1517,
甘肃,兰州大学,汉语言文学,595,1583,
甘肃,兰州大学,知识产权,594,1659,
甘肃,兰州大学,新闻传播学类（含新闻学广播电视学）,594,1659,
甘肃,兰州大学,英语,594,1659,
甘肃,兰州大学,法语,592,1811,
甘肃,兰州大学,社会学,592,1811,
甘肃,兰州大学,哲学,591,1890,
甘肃,兰州大学,政治学类（含政治学与行政学国际政治）,591,1890,
甘肃,兰州大学,思想政治教育,591,1890,
甘肃,兰州大学,马克思主义理论,590,1973,
甘肃,兰州大学,俄语,589,2044,
辽宁,东北大学,公共管理类（含法学新闻学行政管理公共事业管理）,597,1446,
辽宁,东北大学,外国语言文学类（含英语俄语日语德语，只招外语语种为英语俄语日语德语的考生）,594,1659,
北京,北京交通大学,经济管理试验班（含经济学金融学劳动与社会保障会计学财务管理工商管理市场营销旅游管理工程管理物流管理信息管理与信息系统保密管理）,607,872,
北京,北京交通大学,新闻传播学类（含传播学网络与新媒体）,605,970,
北京,北京交通大学,外国语言文学类（含英语西班牙语葡萄牙语需口试英语成绩不低于满分的三分之二）,604,1028,
北京,北京交通大学,法学,601,1196,
湖北,华中农业大学,工商管理类（含市场营销人力资源管理会计学财务管理工商管理）,588,2123,
湖北,华中农业大学,外国语言文学类（含英语商务英语）,587,2211,
湖北,华中农业大学,广告学,586,2294,
湖北,华中农业大学,社会学类（含社会学社会工作）,584,2481,
江苏,苏州大学,中国语言文学类（含汉语言文学（师范）汉语言文学（基地）汉语国际教育）,604,1028,
江苏,苏州大学,社会学,604,1028,
江苏,苏州大学,西班牙语（只招收英语语种考生）,604,1028,
江苏,苏州大学,法学,603,1086,
江苏,苏州大学,会计学,603,1086,
江苏,苏州大学,德语（只招收英语语种考生）,603,1086,
江苏,苏州大学,物流管理,602,1141,
江苏,苏州大学,日语（只招收英语语种考生）,602,1141,
江苏,苏州大学,新闻传播学类（含新闻学广告学网络与新媒体）,602,1141,
江苏,苏州大学,旅游管理,601,1196,
江苏,苏州大学,人力资源管理,601,1196,
江苏,苏州大学,哲学,601,1196,
吉林,东北师范大学,法学,596,1517,
吉林,东北师范大学,行政管理,593,1734,
吉林,东北师范大学,哲学,593,1734,
北京,中央财经大学,金融学类（含金融学）,622,367,
北京,中央财经大学,工商管理类（会计学院）（含会计学）,617,499,
北京,中央财经大学,财政学类（含财政学税收学）,616,523,
北京,中央财经大学,经济学类（含经济学国民经济管理）,615,555,
北京,中央财经大学,公共管理类（含行政管理公共事业管理国际政治）,613,626,
北京,中央财经大学,社会学类（含社会学社会工作）,612,665,
北京,中央财经大学,法学,611,703,
北京,中央财经大学,文化产业管理,611,703,
北京,中央财经大学,新闻传播学类（含新闻学广告学）,611,703,
上海,上海大学,人文社科类,605,970,
上海,上海大学,社会学类（代表人文社科类）（含哲学法学社会学社会工作思想政治教育汉语言文学汉语国际教育新闻学广播电视学广告学历史学网络与新媒体大类招生，第一年末进行专业分流）,605,970,
上海,上海大学,英语,603,1086,
北京,中国政法大学,法学（涉外法律人才培养模式实验班）（学制为四年前三年完成法学专业培养方案规定的课程并达到要求学分，满足毕业和授予法学学士学位条件的学生，可以申请提前毕业第四学年，在学生自愿申请的基础上，国外合作高校按照其入学标准审核录取后，学生在该校学习一年合格，可获得该...,635,131,
北京,中国政法大学,法学（法学人才培养模式改革实验班）（本专业分为两个阶段贯通培养第一阶段为四年基础学习阶段，按照培养方案完成教学进度，必修课成绩排名前90%的学生且经考核合格后，方可进入第二阶段即两年应用学习阶段学习，应用学习阶段合格后准予毕业并授予法律硕士学位）,628,222,
北京,中国政法大学,法学,625,287,
北京,中国政法大学,政治学与行政学,625,287,
北京,中国政法大学,哲学,621,386,
北京,中国政法大学,网络与新媒体,615,555,
北京,中国政法大学,汉语言文学,614,589,
北京,中国政法大学,社会学,614,589,
北京,中国政法大学,国际政治,613,626,
北京,中国政法大学,公共事业管理,613,626,
广东,暨南大学,会计学,608,819,
广东,暨南大学,金融学,607,872,
广东,暨南大学,新闻学,606,915,
广东,暨南大学,广告学（珠海校区）,605,970,
广东,暨南大学,汉语言文学（珠海校区）,604,1028,
广东,暨南大学,法学,602,1141,
广东,暨南大学,财务管理（珠海校区）,600,1248,
广东,暨南大学,旅游管理（高尔夫管理）（深圳校区）,600,1248,
广东,暨南大学,电子商务（深圳校区）,599,1318,
北京,对外经济贸易大学,金融学类（金融学、金融工程、投资学）,628,222,
北京,对外经济贸易大学,金融学类（金融学（国际金融与市场）、经济与金融）,627,243,
北京,对外经济贸易大学,经济学类（国际经济与贸易、财政学、税收学）,625,287,
北京,对外经济贸易大学,国际经济与贸易（国际组织人才基地班）,622,367,
北京,对外经济贸易大学,国际商务,621,386,
北京,对外经济贸易大学,经济统计学,620,417,
北京,对外经济贸易大学,法学类（法学）,620,417,
北京,对外经济贸易大学,工商管理类（会计学、财务管理、人力资源管理、市场营销、工商管理）,619,446,
北京,对外经济贸易大学,保险学,616,523,
北京,对外经济贸易大学,公共管理类（海关管理、行政管理、公共事业管理）,616,523,
北京,对外经济贸易大学,政治学类（国际政治、政治学与行政学）,614,589,
北京,对外经济贸易大学,外国语言文学类（商务英语、翻译、英语）,613,626,
北京,对外经济贸易大学,中国语言文学类（汉语国际教育、汉语言文学）,613,626,
北京,中国石油大学（北京）,工商管理类,586,2294,
北京,中国石油大学（北京）,英语,580,2858,
江苏,南京农业大学,人力资源管理,586,2294,
江苏,南京农业大学,英语,585,2394,
江苏,南京农业大学,社会学类（含法学社会学旅游管理农村区域发展公共事业管理）,584,2481,
江苏,南京农业大学,日语,580,2858,
湖北,华中师范大学,经济学类,603,1086,
河南,郑州大学,经济学类（含经济学经济统计学金融学国际经济与贸易）,599,1318,
河南,郑州大学,工商管理类（含工商管理财务管理会计学）,595,1583,
河南,郑州大学,法学类（含法学知识产权）,594,1659,
河南,郑州大学,新闻传播学类（含新闻学广播电视学广告学网络与新媒体）,592,1811,
河南,郑州大学,应用心理学,591,1890,
河南,郑州大学,中国语言文学类（含汉语言文学汉语国际教育）,590,1973,
河南,郑州大学,英语,590,1973,
河南,郑州大学,旅游管理类（含旅游管理酒店管理市场营销）,589,2044,
河南,郑州大学,历史学类（含历史学考古学世界史）,589,2044,
河南,郑州大学,公共管理类（含行政管理公共事业管理社会工作人力资源管理）,589,2044,
河南,郑州大学,教育学,588,2123,
四川,西南交通大学,新闻传播学类,594,1659,
四川,西南交通大学,法学,592,1811,
四川,西南交通大学,外国语言文学类,592,1811,
四川,西南交通大学,汉语言文学,592,1811,
四川,西南交通大学,汉语国际教育,592,1811,
江苏,中国矿业大学,公共管理类（含行政管理法学汉语言文学广播电视学）,585,2394,
江苏,中国矿业大学,外国语言文学类（含英语德语）,584,2481,
江苏,南京医科大学,英语,562,5192,
湖北,武汉理工大学,法学,593,1734,
湖北,武汉理工大学,外国语言文学类（含英语法语日语）,592,1811,
湖北,武汉理工大学,新闻传播学类（含广告学编辑出版学）,591,1890,
湖北,武汉理工大学,工商管理类（含工商管理市场营销会计学财务管理人力资源管理）,586,2294,
湖北,武汉理工大学,汉语国际教育,570,4045,
湖北,武汉理工大学,社会工作,569,4162,
湖北,武汉理工大学,思想政治教育,553,6687,
山东,中国海洋大学,会计学,604,1028,
山东,中国海洋大学,法学,601,1196,
山东,中国海洋大学,德语,600,1248,
山东,中国海洋大学,汉语言文学,600,1248,
山东,中国海洋大学,英语,599,1318,
山东,中国海洋大学,工商管理,599,1318,
山东,中国海洋大学,行政管理,598,1380,
山东,中国海洋大学,政治学与行政学,598,1380,
山东,中国海洋大学,新闻传播学类,598,1380,
湖北,中国地质大学（武汉）,工商管理类,592,1735,
湖北,中国地质大学（武汉）,公共管理类,591,1812,
湖北,中国地质大学（武汉）,经济学类,590,1891,
江苏,江南大学,英语,596,1517,
江苏,江南大学,金融学,595,1583,
江苏,江南大学,日语,595,1583,
江苏,江南大学,社会工作,593,1734,
江苏,江南大学,法学,593,1734,
江苏,江南大学,汉语言文学,593,1734,
江苏,河海大学,会计学,600,1248,
江苏,河海大学,法学,599,1318,
江苏,河海大学,财务管理,597,1446,
江苏,河海大学,社会学,597,1446,
江苏,河海大学,会计学（常州校区）,597,1446,
江苏,河海大学,英语,596,1517,
江苏,河海大学,思想政治教育,596,1517,
江苏,河海大学,法语,595,1583,
江苏,河海大学,广播电视学,595,1583,
江苏,河海大学,国际经济与贸易（常州校区）,595,1583,
江苏,南京师范大学,中国语言文学类（含汉语言文学（师范非师范国家文科基地）秘书学）,604,1028,
江苏,南京师范大学,英语（双外语）（需口试）,603,1086,
江苏,南京师范大学,新闻传播学类（含新闻学广播电视学广告学网络与新媒体）,603,1086,
江苏,南京师范大学,地理科学类（含地理科学（师范英才班）自然地理与资源环境人文地理与城乡规划地理信息科学）,603,1086,
江苏,南京师范大学,历史学类（含历史学（师范非师范）文物与博物馆学）,602,1141,
江苏,南京师范大学,思想政治教育（师范非师范）,601,1196,
北京,北京化工大学,国际经济与贸易（大一到大三在北校区，大四在东校区就读）,586,2294,
北京,北京化工大学,工商管理类（含工商管理会计学财务管理大一到大三在北校区，大四在东校区就读）,584,2481,
北京,北京化工大学,英语（外语语种限英语大一到大三在北校区，大四在东校区就读）,584,2481,
北京,北京化工大学,公共管理类（含公共事业管理行政管理大一到大三在北校区，大四在东校区就读）,583,2570,
浙江,浙江工业大学,法学类（朝晖校区按类招生；含法学知识产权专业）,576,3319,
浙江,浙江工业大学,汉语言文学（屏峰校区）,576,3319,
浙江,浙江工业大学,英语（朝晖校区要求英语单科成绩不低于110分（以总分150分计））,575,3448,
湖北,中南财经政法大学,会计学,610,751,
湖北,中南财经政法大学,财务管理,610,751,
湖北,中南财经政法大学,经济学,607,872,
湖北,中南财经政法大学,金融学类（含金融学金融工程投资学保险学）,607,872,
湖北,中南财经政法大学,财政学类（含财政学税收学）,606,915,
湖北,中南财经政法大学,法学类（民商法涉外经贸政府法制刑事司法）（含法学）,603,1086,
湖北,中南财经政法大学,经济与贸易类（含国际经济与贸易贸易经济）,603,1086,
湖北,中南财经政法大学,工商管理类（含工商管理市场营销人力资源管理电子商务物流管理旅游管理农林经济管理）,603,1086,
湖北,中南财经政法大学,国际商务,602,1141,
湖北,中南财经政法大学,劳动关系,602,1141,
湖北,中南财经政法大学,汉语言文学,602,1141,
湖北,中南财经政法大学,管理科学与工程类（含工程管理房地产开发与管理工程造价）,602,1141,
湖北,中南财经政法大学,新闻传播学类（含新闻学广播电视学网络与新媒体）,602,1141,
湖北,中南财经政法大学,外国语言文学类（含英语商务英语）,601,1196,
湖北,中南财经政法大学,公共管理类（含公共事业管理行政管理劳动与社会保障城市管理）,601,1196,
湖北,中南财经政法大学,日语,601,1196,
陕西,西北大学,历史学（基地班）,591,1890,
陕西,西北大学,新闻传播学类（含新闻学广告学网络与新媒体）,591,1890,
陕西,西北大学,财政学,588,2123,
陕西,西北大学,国际经济与贸易,588,2123,
陕西,西北大学,公共管理类（含人力资源管理行政管理劳动与社会保障公共事业管理）,587,2211,
陕西,西北大学,英语（限英语语种考生报考）,586,2294,
陕西,西北大学,哲学,585,2394,
陕西,西北大学,社会工作,581,2742,
陕西,西北大学,汉语国际教育,573,3650,
广东,深圳大学,心理学,600,1248,
广东,深圳大学,广告学,599,1318,
广东,深圳大学,会计学,598,1380,
广东,深圳大学,国际经济与贸易,596,1517,
广东,深圳大学,人力资源管理,596,1517,
广东,深圳大学,汉语言文学,596,1517,
广东,深圳大学,工商管理,594,1659,
广东,深圳大学,法学,594,1659,
广东,深圳大学,英语,594,1659,
广东,深圳大学,日语,594,1659,
重庆,西南大学,英语（公费师范）,607,872,
重庆,西南大学,思想政治教育（公费师范）,605,970,
重庆,西南大学,学前教育（公费师范）,603,1086,
重庆,西南大学,汉语言文学（公费师范）,601,1196,
重庆,西南大学,地理科学（公费师范）,601,1196,
重庆,西南大学,英语,600,1248,
重庆,西南大学,历史学（公费师范）,600,1248,
重庆,西南大学,法学,599,1318,
重庆,西南大学,历史学类,599,1318,
重庆,西南大学,中国语言文学类,599,1318,
重庆,西南大学,思想政治教育,597,1446,
重庆,西南大学,经济学类,597,1446,
重庆,西南大学,文化产业管理,596,1517,
重庆,西南大学,工商管理类,596,1517,
重庆,西南大学,公共管理类,596,1517,
重庆,西南大学,特殊教育（公费师范）,595,1583,
福建,福州大学,会计学（第一年在福州市怡山校区培养（条件允许情况下提前迁回旗山校区培养））,599,1318,
福建,福州大学,法学,595,1583,
福建,福州大学,工商管理（第一年在福州市怡山校区培养（条件允许情况下提前迁回旗山校区培养））,594,1659,
福建,福州大学,国际经济与贸易（第一年在福州市怡山校区培养（条件允许情况下提前迁回旗山校区培养））,593,1734,
福建,福州大学,英语,592,1811,
福建,福州大学,汉语言文学,592,1811,
福建,福州大学,金融学（第一年在福州市怡山校区培养（条件允许情况下提前迁回旗山校区培养））,591,1890,
福建,福州大学,财政学（第一年在福州市怡山校区培养（条件允许情况下提前迁回旗山校区培养））,591,1890,
福建,福州大学,市场营销（第一年在福州市怡山校区培养（条件允许情况下提前迁回旗山校区培养））,591,1890,
福建,福州大学,财务管理（第一年在福州市怡山校区培养（条件允许情况下提前迁回旗山校区培养））,589,2044,
福建,福州大学,日语,589,2044,
福建,福州大学,应用心理学,589,2044,
福建,福州大学,德语,589,2044,
福建,福州大学,物流管理（第一年在福州市怡山校区培养（条件允许情况下提前迁回旗山校区培养））,589,2044,
福建,福州大学,经济学（第一年在福州市怡山校区培养（条件允许情况下提前迁回旗山校区培养））,588,2123,
福建,福州大学,社会学,587,2211,
福建,福州大学,公共管理类（含公共事业管理行政管理专业）（第一年在福州市怡山校区培养（条件允许情况下提前迁回旗山校区培养））,587,2211,
福建,福州大学,物流管理（闽台合作“3+1”在泉州市晋江校区培养，具体详见招生章程）,562,5192,
四川,西南财经大学,会计学（双语实验班）,610,751,
四川,西南财经大学,金融学（双语实验班）,606,915,
四川,西南财经大学,经济学（国家经济学基础人才培养基地班）,604,1028,
四川,西南财经大学,工商管理类（工商学院）（含工商管理市场营销旅游管理物流管理）,604,1028,
四川,西南财经大学,经济与贸易类（含国际商务（双语实验班）国际经济与贸易（双语实验班））,604,1028,
四川,西南财经大学,金融学类（含金融学金融工程信用管理）,603,1086,
四川,西南财经大学,金融学（证券与期货方向）,603,1086,
四川,西南财经大学,劳动与社会保障,602,1141,
四川,西南财经大学,财务管理（双语实验班）,602,1141,
四川,西南财经大学,保险学,601,1196,
四川,西南财经大学,新闻学（经济新闻方向）,601,1196,
四川,西南财经大学,财政学类（含财政学税收学）,601,1196,
四川,西南财经大学,法学,599,1318,
四川,西南财经大学,外国语言文学类（含英语商务英语）,598,1380,
四川,西南财经大学,人力资源管理,598,1380,
四川,西南财经大学,行政管理,598,1380,
四川,西南财经大学,汉语言文学（财经文秘方向）,597,1446,
四川,西南财经大学,法学（法学与会计学双学位班）,592,1811,
江苏,江苏大学,金融学,584,2481,
江苏,江苏大学,会计学,582,2651,
江苏,江苏大学,法学,580,2858,
江苏,江苏大学,人力资源管理,577,3204,
江苏,江苏大学,汉语国际教育,576,3319,
江苏,江苏大学,国际经济与贸易,576,3319,
江苏,江苏大学,公共事业管理,576,3319,
江苏,江苏大学,日语,574,3556,
陕西,西北农林科技大学,法学,592,1811,
陕西,西北农林科技大学,公共管理类,590,1973,
江西,南昌大学,中国语言文学类（含汉语言文学汉语国际教育）,590,1973,
江西,南昌大学,法学类（含法学知识产权）,590,1973,
江西,南昌大学,工商管理类（含工商管理会计学）,589,2044,
江西,南昌大学,公共关系学,588,2123,
江西,南昌大学,金融学,588,2123,
江西,南昌大学,英语（英日）（需口试）,588,2123,
江西,南昌大学,哲学,587,2211,
江西,南昌大学,行政管理,587,2211,
江西,南昌大学,法语（需口试）,587,2211,
江西,南昌大学,档案学,586,2294,
广东,南方医科大学,中医学（不招色盲色弱）,585,2394,
广东,南方医科大学,针灸推拿学（不招色盲色弱）,578,3084,
广东,南方医科大学,公共事业管理（培养医院管理健康管理人才）,572,3788,
广东,南方医科大学,外国语言文学类（含英语翻译商务英语）,570,4045,
广东,南方医科大学,康复治疗学（不招色盲色弱）,568,4302,
广东,南方医科大学,护理学（不招色盲色弱）,567,4455,
广东,南方医科大学,法学（卫生法学）,565,4766,
广东,南方医科大学,经济学（卫生经济与医疗保险）,562,5192,
北京,华北电力大学,工商管理类（含会计学财务管理工商管理人力资源管理市场营销）,597,1446,
北京,华北电力大学,法学类（含法学）,593,1734,
北京,华北电力大学,公共管理类（含公共事业管理行政管理汉语言文学广告学）,590,1973,
北京,华北电力大学,外国语言文学类（含英语翻译）,590,1973,
广东,华南师范大学,经济学,599,1318,
广东,华南师范大学,新闻学,598,1380,
广东,华南师范大学,法学,597,1446,
广东,华南师范大学,政治学与行政学,595,1583,
广东,华南师范大学,编辑出版学,595,1583,
江苏,扬州大学,日语（需口试）,586,2294,
江苏,扬州大学,法学,580,2858,
江苏,扬州大学,外国语言文学类（含英语（师范）翻译商务英语需口试）,580,2858,
江苏,扬州大学,中国语言文学类（含汉语国际教育汉语言文学（师范））,579,2965,
江苏,扬州大学,广播电视学,577,3204,
江苏,扬州大学,工商管理类（含工商管理市场营销会计学财务管理人力资源管理）,576,3319,
江苏,扬州大学,秘书学,575,3448,
北京,北京外国语大学,英语（需口试）,630,191,
北京,北京外国语大学,法语（需口试）,628,222,
北京,北京外国语大学,德语（国际传播）（需口试）,627,243,
北京,北京外国语大学,德语（需口试）,623,346,
北京,北京外国语大学,日语（需口试）,619,446,
北京,北京外国语大学,汉语言文学（需口试）,614,589,
北京,北京外国语大学,世界史（需口试）,614,589,
北京,北京外国语大学,汉语国际教育（需口试）,613,626,
北京,北京外国语大学,法学（需口试）,612,665,
北京,北京林业大学,国际经济与贸易,597,1446,
北京,北京林业大学,工商管理类（含工商管理会计学市场营销人力资源管理物业管理工商管理类按大类招生，大学期间前三个学期统一进行基础教学，第四学期开始按专业方向培养）,597,1446,
北京,北京林业大学,法学,597,1446,
北京,北京林业大学,商务英语,596,1517,
北京,北京林业大学,自然地理与资源环境,596,1517,
北京,北京林业大学,旅游管理,596,1517,
云南,云南大学,经济学类,590,1973,
云南,云南大学,汉语言文学,589,2044,
云南,云南大学,法学,589,2044,
云南,云南大学,新闻学,588,2123,
云南,云南大学,汉语国际教育,588,2123,
云南,云南大学,工商管理类,588,2123,
云南,云南大学,历史学（国家历史学基地班）,587,2211,
云南,云南大学,英语,587,2211,
云南,云南大学,印地语,587,2211,
江苏,南京工业大学,公共管理类（含公共事业管理行政管理）,571,3905,
江苏,南京工业大学,法学,571,3905,
江苏,南京工业大学,金融学,570,4045,
江苏,南京工业大学,工业工程,570,4045,
江苏,南京工业大学,社会工作,569,4162,
辽宁,东北财经大学,金融学类（含金融学、金融工程、保险学和投资学）,594,1584,
辽宁,东北财经大学,国际经济与贸易,593,1660,
辽宁,东北财经大学,会计学（国际会计方向）,586,2212,
辽宁,东北财经大学,工商管理类（含会计学、财务管理和资产评估）,585,2295,
辽宁,东北财经大学,经济学,584,2395,
辽宁,东北财经大学,工商管理类（含工商管理、市场营销和人力资源管理）,584,2395,
辽宁,东北财经大学,旅游管理,583,2482,
辽宁,东北财经大学,金融学（中外合作办学）,581,2652,
辽宁,东北财经大学,会计学（中外合作办学）,574,3449,
辽宁,东北财经大学,经济学（中外合作办学）,565,4604,
辽宁,东北财经大学,财务管理（中外合作办学）,561,5193,
浙江,宁波大学,经济学类（含经济学国际经济与贸易金融工程金融学按类招生）,589,2044,
浙江,宁波大学,法学类（含法学法学（英语特色班）按类招生）,587,2211,
浙江,宁波大学,物流管理（梅山校区）,587,2211,
浙江,宁波大学,人文地理与城乡规划（中外合作办学）（中法合作）（植物园校区，符合条件者第四学年赴法国昂热大学留学，可获中法双文凭，法方不另收学费限招有中法合作专业志愿的学生）,564,4886,
浙江,宁波大学,旅游管理（中外合作办学）（中法合作）（植物园校区，符合条件者第四学年赴法国昂热大学留学，可获中法双文凭，法方不另收学费限招有中法合作专业志愿的学生）,559,5665,
北京,北京中医药大学,中医学,623,346,
福建,福建师范大学,英语（需口试合格，专业要求见招生章程）,583,2570,
福建,福建师范大学,法学,577,3204,
福建,福建师范大学,地理科学类（含地理信息科学自然地理与资源环境人文地理与城乡规划专业）（含国家人才培养基地）,577,3204,
福建,福建师范大学,翻译（需口试合格，专业要求见招生章程）,577,3204,
福建,福建师范大学,西班牙语（需口试合格）,576,3319,
福建,福建师范大学,经济学（含国家人才培养基地）,574,3556,
福建,福建师范大学,金融学类（含金融学金融工程专业）,574,3556,
福建,福建师范大学,国际经济与贸易,574,3556,
福建,福建师范大学,新闻传播学类（含广播电视学广告学专业）,573,3650,
福建,福建师范大学,日语（需口试合格）,571,3905,
福建,福建师范大学,工商管理类（含工商管理财务管理专业）,570,4045,
福建,福建师范大学,信息管理与信息系统,570,4045,
福建,福建师范大学,档案学,569,4162,
福建,福建师范大学,图书馆学,569,4162,
福建,福建师范大学,旅游管理类（含旅游管理酒店管理专业）,569,4162,
福建,福建师范大学,公共管理类（含劳动与社会保障城市管理行政管理专业）,560,5501,
福建,福建师范大学,广告学（闽台合作“3+1”具体详见招生章程）,558,5820,
福建,福建师范大学,地理信息科学（闽台合作“3+1”具体详见招生章程）,556,6147,
福建,福建师范大学,文化产业管理（闽台合作“3+1”具体详见招生章程）,553,6687,
福建,福建师范大学,旅游管理类（含旅游管理酒店管理专业）（闽台合作“3+1”具体详见招生章程）,552,6876,
湖南,湖南师范大学,新闻学,593,1734,
湖南,湖南师范大学,编辑出版学,592,1811,
湖南,湖南师范大学,法语（外语单科不低于120分）,591,1890,
湖南,湖南师范大学,法学,590,1973,
湖南,湖南师范大学,旅游管理,590,1973,
湖南,湖南师范大学,行政管理,590,1973,
湖南,湖南师范大学,朝鲜语（外语单科不低于120分）,590,1973,
陕西,长安大学,建筑类（含建筑学城乡规划五年制，考生需具备相应的美术基础）,590,1973,
陕西,长安大学,新闻传播学类（含新闻学广告学汉语言文学）,588,2123,
陕西,长安大学,英语（英语语种）,587,2211,
陕西,长安大学,法学,585,2394,
陕西,长安大学,公共管理类（含行政管理公共事业管理）,585,2394,
广东,华南农业大学,工商管理类（含工商管理市场营销会计学人力资源管理第三学期专业分流）,578,3084,
广东,华南农业大学,房地产开发与管理,576,3319,
广东,华南农业大学,公共管理类（含公共事业管理劳动与社会保障行政管理第三学期专业分流）,574,3556,
广东,华南农业大学,汉语言文学,574,3556,
广东,华南农业大学,土地资源管理,573,3650,
广东,华南农业大学,社会学类（含社会学社会工作第三学期专业分流）,568,4302,
广东,华南农业大学,历史学,566,4603,
广东,华南农业大学,哲学,562,5192,
广东,广州大学,工商管理,579,2965,
广东,广州大学,广播电视学,576,3319,
广东,广州大学,汉语言文学,576,3319,
广东,广州大学,行政管理,575,3448,
江苏,南京邮电大学,财务管理,581,2742,
江苏,南京邮电大学,工商管理,581,2742,
江苏,南京邮电大学,英语,581,2742,
江苏,南京邮电大学,日语,580,2858,
江苏,南京邮电大学,翻译,579,2965,
江苏,南京邮电大学,人力资源管理,579,2965,
江苏,南京邮电大学,公共事业管理,579,2965,
江苏,南京邮电大学,行政管理,579,2965,
江苏,南京邮电大学,市场营销,579,2965,
北京,中国传媒大学,网络与新媒体（媒体创意方向）,617,499,
北京,中国传媒大学,文化产业管理（制片管理公共文化与创意设计方向）,614,589,
北京,中国传媒大学,汉语国际教育,607,872,
北京,中国传媒大学,广告学,604,1028,
北京,中国传媒大学,广播电视学,601,1196,
北京,中国传媒大学,翻译（需口试。英语口语考试合格，高考英语成绩达到满分70%（含）以上）,580,2858,
北京,中国传媒大学,经济学类（含经济学（传媒经济方向）、经济学（互联网经济方向）、国际经济与贸易（国际文化贸易方向））,577,3204,
北京,中国传媒大学,法学,575,3448,
安徽,安徽大学,经济学类（含经济学财政学税收学金融学国际经济与贸易合肥市磬苑校区）,592,1811,
安徽,安徽大学,中国语言文学类（含汉语言文学汉语国际教育合肥市龙河校区）,592,1811,
安徽,安徽大学,政治学类（含政治学与行政学国际事务与国际关系社会学社会工作合肥市磬苑校区）,590,1973,
安徽,安徽大学,英语（合肥市磬苑校区）,590,1973,
安徽,安徽大学,新闻传播学类（含新闻学广播电视学广告学编辑出版学网络与新媒体合肥市磬苑校区）,589,2044,
安徽,安徽大学,工商管理类（含工商管理市场营销财务管理人力资源管理电子商务旅游管理物流管理人文地理与城乡规划合肥市磬苑校区）,588,2123,
河南,河南大学,法学,576,3319,
河南,河南大学,新闻传播学类（含新闻学编辑出版学广告学网络与新媒体）,575,3448,
河南,河南大学,金融学类（含金融学保险学）,574,3556,
河南,河南大学,德语,572,3788,
河南,河南大学,市场营销,572,3788,
河南,河南大学,文化产业管理,572,3788,
河南,河南大学,公共管理类（含行政管理劳动与社会保障）,572,3788,
河南,河南大学,护理学,571,3905,
上海,上海外国语大学,会计学,615,555,
上海,上海外国语大学,商务英语（需口试）,613,626,
上海,上海外国语大学,国际经济与贸易,610,751,
上海,上海外国语大学,新闻传播学类（卓越国际新闻传播人才计划）（含新闻学（国际新闻）广播电视学广告学网络与新媒体）,609,784,
江苏,中国药科大学,经济管理试验班（医药方向）（含国际经济与贸易工商管理市场营销经济学医药方向）,589,2044,
浙江,浙江师范大学,外国语言文学类（含英语（师范）翻译日语要求高考外语单科成绩不低于120分）,579,2965,
浙江,浙江师范大学,文化产业管理,577,3204,
浙江,浙江师范大学,工商管理类（含财务管理会计学工商管理电子商务旅游管理）,575,3448,
浙江,浙江师范大学,经济与贸易类（含金融学国际经济与贸易）,574,3556,
浙江,浙江师范大学,法学类（含法学社会工作行政管理）,572,3788,
上海,上海理工大学,德语,583,2570,
上海,上海理工大学,英语（科技翻译）,582,2651,
上海,上海理工大学,新闻传播学类（含广告学传播学编辑出版学）,579,2965,
上海,上海理工大学,经济与贸易类（经管实验班）（含国际经济与贸易金融学税收学管理科学信息管理与信息系统会计学公共事业管理工业工程等）,571,3905,
上海,上海理工大学,英语（中外合作办学）（国际金融与贸易中美合作）,565,4766,
山东,山东师范大学,法学,561,5351,
山东,山东师范大学,新闻学,561,5351,
广东,广州医科大学,应用心理学（不招色盲色弱）,564,4886,
广东,广州医科大学,公共事业管理（不招单色识别不全者）,561,5351,
北京,中央民族大学,历史学类（含历史学（基地班）历史学（中国与周边国家关系史实验班））,604,1028,
北京,中央民族大学,经济学类（含经济学财政学金融学国际经济与贸易）,602,1141,
北京,中央民族大学,法学类（含法学法学（法学与英语））,602,1141,
北京,中央民族大学,汉语言文学,601,1196,
北京,中央民族大学,新闻传播学类（含新闻学广告学）,601,1196,
北京,中央民族大学,社会学类（含社会学社会工作）,600,1248,
北京,中央民族大学,外国语言文学类（含英语翻译需口试）,600,1248,
北京,中央民族大学,哲学类（含哲学宗教学）,599,1318,
北京,中央民族大学,教育学,599,1318,
北京,中央民族大学,公共管理类（含公共事业管理行政管理政治学与行政学）,599,1318,
广东,广东工业大学,国际经济与贸易,570,4045,
广东,广东工业大学,工商管理类（含工商管理市场营销人力资源管理第三学期专业分流）,569,4162,
广东,广东工业大学,会计学,569,4162,
广东,广东工业大学,工商管理（国际班）（与英美澳实行一校对多校的联合培养项目，具体培养模式和学习费用请查看学校网站）,551,7058,
山东,青岛大学,法学,575,3448,
山东,青岛大学,金融学类（含财政学金融学）,575,3448,
山东,青岛大学,新闻学,574,3556,
山东,青岛大学,工商管理类（含会计学财务管理工商管理市场营销国际商务人力资源管理）,573,3650,
山东,青岛大学,西班牙语,572,3788,
山东,青岛大学,英语,572,3788,
山东,青岛大学,汉语言文学,572,3788,
山东,青岛大学,公共管理类（含国际政治行政管理）,571,3905,
山东,青岛大学,旅游管理类（含旅游管理酒店管理）,570,4045,
上海,上海师范大学,经济学,582,2651,
上海,上海师范大学,英语（外语语种为英语）,580,2858,
上海,上海师范大学,法学,580,2858,
上海,上海师范大学,应用心理学,580,2858,
湖南,湘潭大学,法学,585,2394,
湖南,湘潭大学,会计学,584,2481,
湖南,湘潭大学,英语,578,3084,
湖南,湘潭大学,人力资源管理,578,3084,
湖南,湘潭大学,汉语言文学,577,3204,
湖南,湘潭大学,西班牙语,577,3204,
湖南,湘潭大学,新闻学,574,3556,
湖南,湘潭大学,国际经济与贸易,574,3556,
湖南,湘潭大学,社会学,572,3788,
湖南,湘潭大学,历史学,572,3788,
湖南,湘潭大学,政治学与行政学,571,3905,
湖南,湘潭大学,思想政治教育,570,4045,
湖南,湘潭大学,电子商务,570,4045,
湖南,湘潭大学,旅游管理,565,4766,
湖北,武汉科技大学,会计学,567,4455,
湖北,武汉科技大学,德语,567,4455,
湖北,武汉科技大学,英语,566,4603,
湖北,湖北大学,中国语言文学类,574,3556,
湖北,湖北大学,历史学类,571,3905,
湖北,湖北大学,葡萄牙语,570,4045,
湖北,湖北大学,国际经济与贸易,567,4455,
湖北,湖北大学,国际事务与国际关系,567,4455,
江苏,南京林业大学,汉语国际教育,575,3448,
江苏,南京林业大学,英语,570,4045,
江苏,南京林业大学,社会工作,570,4045,
辽宁,大连海事大学,公共事业管理,586,2294,
辽宁,大连海事大学,社会工作,581,2742,
山西,山西大学,历史学,567,4455,
山西,山西大学,哲学类（含哲学伦理学）,565,4766,
山西,山西大学,法学,562,5192,
山西,山西大学,汉语言文学,562,5192,
山西,山西大学,新闻传播学类（含新闻学广告学）,562,5192,
山西,山西大学,汉语国际教育,560,5501,
山西,山西大学,政治学类（含行政管理国际政治政治学与行政学）,559,5665,
山西,山西大学,旅游管理,557,5968,
山西,山西大学,俄语,557,5968,
山西,山西大学,社会工作,557,5968,
山西,山西大学,教育学,557,5968,
浙江,宁波诺丁汉大学,经济学（中外合作办学）（英语单科不低于115分）,576,3319,
浙江,宁波诺丁汉大学,英语（中外合作办学）（2加2）（英语单科不低于120分，含2个专业方向英语语言文学英语与应用语言学，后两年在英国诺丁汉大学就读，学费另计）,575,3448,
浙江,宁波诺丁汉大学,国际商务（中外合作办学）（英语单科不低于115分，含4个专业方向国际商务管理，国际商务与国际传播学，国际商务与法语德语西班牙语日语汉语，国际商务经济学）,574,3556,
浙江,宁波诺丁汉大学,国际经济与贸易（中外合作办学）（英语单科不低于115分）,573,3650,
浙江,宁波诺丁汉大学,财务管理（中外合作办学）（英语单科不低于115分）,571,3905,
浙江,宁波诺丁汉大学,英语（中外合作办学）（英语单科不低于120分，含2个专业方向英语与应用语言学英语研究与国际商务）,569,4162,
浙江,宁波诺丁汉大学,国际事务与国际关系（中外合作办学）（英语单科不低于115分，含2个专业方向国际学国际学与法语德语西班牙语日语汉语）,567,4455,
浙江,宁波诺丁汉大学,传播学（中外合作办学）（英语单科不低于115分）,564,4886,
浙江,浙江理工大学,法学类（含法学社会工作）,576,3319,
浙江,浙江理工大学,工商管理类（含会计学工商管理人力资源管理）,574,3556,
浙江,浙江理工大学,外国语言文学类（含英语日语）,572,3788,
浙江,浙江理工大学,新闻传播学类（含汉语言文学传播学）,572,3788,
浙江,浙江理工大学,公共管理类（含行政管理）,572,3788,
黑龙江,东北林业大学,法学,583,2570,
黑龙江,东北林业大学,工商管理类（含工商管理市场营销会计学农林经济管理公共事业管理旅游管理）,576,3319,
黑龙江,东北林业大学,政治学与行政学,575,3448,
黑龙江,东北林业大学,广告学,575,3448,
黑龙江,东北林业大学,社会工作,571,3905,
湖南,长沙理工大学,会计学,571,3905,
湖南,长沙理工大学,金融学,570,4045,
湖南,长沙理工大学,新闻学,567,4455,
湖南,长沙理工大学,国际经济与贸易,567,4455,
湖南,长沙理工大学,市场营销,566,4603,
陕西,西安理工大学,日语,559,5665,
陕西,西安理工大学,英语,558,5820,
陕西,西安理工大学,法学,558,5820,
黑龙江,东北农业大学,工商管理类（含工商管理会计学市场营销人力资源管理第3学期按成绩志愿分专业）,573,3650,
黑龙江,东北农业大学,法学类（含法学社会工作第3学期按成绩志愿分专业）,572,3788,
江西,江西师范大学,会计学,563,5027,
江西,江西师范大学,金融学,561,5351,
江西,江西财经大学,金融学类（含金融学保险学金融工程）,594,1659,
江西,江西财经大学,工商管理类（含会计学会计学（注册会计师）财务管理）,594,1659,
江西,江西财经大学,会计学（CIMA方向）（特许管理会计师）,592,1811,
江西,江西财经大学,金融学（国际投资与金融）（本科教学实验班）,587,2211,
江西,江西财经大学,法学类（含法学法学（法务会计））,586,2294,
江西,江西财经大学,经济与贸易类（含国际经济与贸易）,585,2394,
江西,江西财经大学,经济学类（含经济统计学）,584,2481,
江西,江西财经大学,工商管理类（含工商管理市场营销人力资源管理）,584,2481,
江西,江西财经大学,财政学类（含财政学税收学）,583,2570,
江西,江西财经大学,经济学类（含经济学国民经济管理）,582,2651,
江西,江西财经大学,工商管理类（含国际商务）,581,2742,
江西,江西财经大学,管理科学与工程类（含工程管理房地产开发与管理）,580,2858,
江西,江西财经大学,新闻传播学类（含新闻学广告学）,579,2965,
江西,江西财经大学,中国语言文学类（含汉语国际教育（国际商贸））,578,3084,
江西,江西财经大学,市场营销（国际营销）,578,3084,
江西,江西财经大学,公共管理类（含土地资源管理）,578,3084,
河北,河北大学,新闻传播学类（含新闻学广播电视学编辑出版学）,570,4045,
河北,河北大学,经济学,569,4162,
河北,河北大学,法学,569,4162,
河北,河北大学,中国语言文学类（含汉语言文学汉语国际教育古典文献学）,569,4162,
河北,河北大学,会计学,568,4302,
河北,河北大学,英语,568,4302,
福建,福建农林大学,法学,562,5192,
福建,福建农林大学,会计学,561,5351,
福建,福建农林大学,金融学,560,5501,
福建,福建农林大学,国际经济与贸易,555,6306,
福建,福建农林大学,工商管理,554,6525,
福建,福建农林大学,英语（需试，专业要求详见招生章程）,554,6525,
福建,福建农林大学,农林经济管理,552,6876,
福建,福建农林大学,文化产业管理,552,6876,
福建,福建农林大学,人力资源管理,552,6876,
福建,福建农林大学,土地资源管理,552,6876,
福建,福建农林大学,公共管理类（含公共事业管理行政管理劳动与社会保障专业）,552,6876,
福建,福建农林大学,商务经济学（在安溪校区报到就读）,552,6876,
福建,福建农林大学,农村区域发展,552,6876,
福建,福建农林大学,会计学（在安溪校区报到就读）,550,7248,
福建,福建农林大学,旅游管理,550,7248,
福建,福建农林大学,会计学（闽台合作“3+1”具体详见招生章程，第一、二、四学年1.5万元，第三学年赴台湾合作高校学习期间按当学年该校学费标准收取）,550,7248,
福建,福建农林大学,公共事业管理（闽台合作“3+1”具体详见招生章程，，第一、二、四学年1.5万元，第三学年赴台湾合作高校学习期间按当学年该校学费标准收取）,550,7248,
福建,福建农林大学,风景园林（前三年每年2万元，出国后按加拿大校方外国留学生收费标准，如未出国，第四年每年5460元）,550,7248,
福建,福建农林大学,农业资源与环境（前两年每年2万元，出国后按加拿大校方外国留学生收费标准，如未出国，后两年每年5460元）,550,7248,
山东,山东科技大学,金融学,564,4886,
山东,山东科技大学,法学,562,5192,
山东,山东科技大学,国际经济与贸易,560,5501,
山东,山东科技大学,会计学,560,5501,
山东,山东科技大学,工商管理,560,5501,
贵州,贵州大学,法学,583,2570,
贵州,贵州大学,工商管理类（含工商管理市场营销会计学财务管理人力资源管理）,580,2858,
贵州,贵州大学,新闻学,580,2858,
贵州,贵州大学,政治学类（含政治学与行政学社会工作）,578,3084,
贵州,贵州大学,建筑类（含建筑学城乡规划）,578,3084,
贵州,贵州大学,哲学,577,3204,
贵州,贵州大学,旅游管理,576,3319,
贵州,贵州大学,农林经济管理,576,3319,
辽宁,辽宁大学,会计学,587,2211,
辽宁,辽宁大学,财政学,586,2294,
辽宁,辽宁大学,汉语言文学,585,2394,
辽宁,辽宁大学,新闻学,585,2394,
辽宁,辽宁大学,国际政治,585,2394,
海南,海南大学,法学（海甸校区（一年级在城西校区））,591,1890,
海南,海南大学,金融学,587,2211,
海南,海南大学,国际经济与贸易,586,2294,
海南,海南大学,工商管理类（含工商管理市场营销人力资源管理会计学财务管理海甸校区（一年级在城西校区））,584,2481,
海南,海南大学,中国语言文学类（汉语言文学、汉语国际教育）,584,2481,
海南,海南大学,农林经济管理,583,2570,
海南,海南大学,思想政治教育,583,2570,
海南,海南大学,俄语,583,2570,
海南,海南大学,新闻传播学类（广告学、传播学）,582,2651,
海南,海南大学,外国语言文学类（英语、商务英语）,581,2742,
海南,海南大学,公共管理类（行政管理、土地资源管理、公共关系学）,581,2742,
海南,海南大学,旅游管理类（旅游管理、酒店管理、会展经济与管理）,580,2858,
海南,海南大学,日语（海甸校区（一年级在城西校区））,580,2858,
海南,海南大学,工商管理类（工商管理、市场营销、会计学、财务管理、人力资源管理）,574,3556,
海南,海南大学,日语,574,3556,
上海,华东政法大学,法学类（卓越法律人才实验班）,613,626,
上海,华东政法大学,法学类（卓越人才实验班）（含法学（本硕贯通卓越法律人才实验班）法学（沪港交流涉外卓越法律人才实验班）法学（涉外卓越国际金融法律人才实验班）法学（涉外卓越商事法律人才实验班）法学（卓越律师人才实验班））,612,665,
上海,华东政法大学,知识产权（卓越人才实验班）,609,784,
上海,华东政法大学,法学类,601,1196,
上海,华东政法大学,法学类（含法学（民商法律）法学（刑事法律）法学（经济法）法学（国际经济法）法学（国际金融法）法学（刑事司法）法学（网络与信息法）法学（英国利兹大学双学位项目班））,600,1248,
上海,华东政法大学,金融学,600,1248,
上海,华东政法大学,英语（涉外法商）,599,1318,
上海,华东政法大学,国际经济与贸易,599,1318,
上海,华东政法大学,英语（涉外法商）（可申请英国英国思克莱德大学参加“2+2”双学位项目学生赴英期间须另缴学费16500英镑人年，赴英旅费和生活费自理）,598,1380,
上海,华东政法大学,社会学类,597,1446,
上海,华东政法大学,工商管理,596,1517,
上海,华东政法大学,社会学类（含社会学社会学（社会管理）社会工作）,596,1517,
上海,华东政法大学,新闻传播学类,594,1659,
上海,华东政法大学,新闻传播学类（含新闻学（法制新闻）新闻学（卓越人才实验班）文化产业管理汉语言文学）,593,1734,
上海,华东政法大学,公共管理类,592,1811,
上海,华东政法大学,公共管理类（含行政管理劳动与社会保障公共事业管理政治学与行政学）,591,1890,
北京,北京建筑大学,法学,576,3319,
北京,北京建筑大学,社会工作,567,4455,
北京,首都经济贸易大学,工商管理类（劳经学院）（按大类招生，含人力资源管理劳动与社会保障劳动关系社会工作）,588,2123,
北京,首都经济贸易大学,法学,587,2211,
北京,首都经济贸易大学,法语（只招英语考生）,585,2394,
重庆,西南政法大学,法学,600,1248,
重庆,西南政法大学,经济学类（含金融学金融工程国际经济与贸易经济统计学）,599,1318,
重庆,西南政法大学,政治学与行政学,598,1380,
重庆,西南政法大学,英语,597,1446,
重庆,西南政法大学,思想政治教育,596,1517,
重庆,西南政法大学,社会工作,596,1517,
重庆,西南政法大学,新闻传播学类（含新闻学广播电视学传播学网络与新媒体）,596,1517,
重庆,西南政法大学,工商管理类（含会计学审计学工商管理市场营销劳动关系电子商务及法律）,596,1517,
重庆,西南政法大学,德语,596,1517,
福建,华侨大学,会计学,572,3788,
福建,华侨大学,金融学,572,3788,
福建,华侨大学,经济学类（面向厦门）（含经济学国际经济与贸易电子商务）,571,3905,
福建,华侨大学,法学,570,4045,
福建,华侨大学,中国语言文学类（含汉语言文学应用语言学）,570,4045,
福建,华侨大学,新闻传播学类（含新闻学广播电视学广告学）,570,4045,
福建,华侨大学,汉语国际教育（入住龙舟池校区）,569,4162,
福建,华侨大学,英语（需口试）,569,4162,
福建,华侨大学,日语,569,4162,
福建,华侨大学,中国语言文学类（面向厦门）（含汉语言文学应用语言学）,568,4302,
福建,华侨大学,哲学,567,4455,
福建,华侨大学,财务管理,567,4455,
福建,华侨大学,国际事务与国际关系（国际公务员实验班）,567,4455,
福建,华侨大学,经济学类（含经济学国际经济与贸易电子商务）,567,4455,
福建,华侨大学,工商管理类（面向厦门）（含工商管理市场营销人力资源管理物流管理）,565,4766,
福建,华侨大学,翻译（需口试）,564,4886,
福建,华侨大学,经济学类（面向泉州）（含经济学国际经济与贸易电子商务）,564,4886,
福建,华侨大学,工商管理类（中美121双学位班全英文教学）（含会计学（全英文教学）只招收有该专业志愿的考生）,564,4886,
福建,华侨大学,工商管理类（含工商管理市场营销人力资源管理物流管理）,563,5027,
福建,华侨大学,旅游管理类（含旅游管理酒店管理会展经济与管理）,563,5027,
福建,华侨大学,社会学（面向厦门）,563,5027,
福建,华侨大学,信息管理与信息系统（面向厦门）,562,5192,
福建,华侨大学,信息管理与信息系统（面向泉州）,561,5351,
福建,华侨大学,中国语言文学类（面向泉州）（含汉语言文学应用语言学）,560,5501,
福建,华侨大学,工商管理类（面向泉州）（含工商管理市场营销人力资源管理物流管理）,560,5501,
福建,华侨大学,汉语国际教育（面向泉州）（入住龙舟池校区）,559,5665,
福建,华侨大学,社会学（面向泉州）,557,5968,
福建,华侨大学,汉语国际教育（面向厦门）（入住龙舟池校区）,554,6525,
福建,华侨大学,日语（面向泉州）,554,6525,
福建,华侨大学,旅游管理类（面向泉州）（含旅游管理酒店管理会展经济与管理）,554,6525,
福建,华侨大学,国际事务与国际关系（面向厦门）（国际公务员实验班）,552,6876,
福建,华侨大学,公共管理类（面向泉州）（含公共事业管理行政管理土地资源管理）,552,6876,
福建,华侨大学,人文地理与城乡规划（面向泉州）（旅游规划与景区管理方向）,552,6876,
福建,华侨大学,工商管理类（面向厦门）（中美121双学位班全英文教学）（含会计学（全英文教学）只招收有该专业志愿的考生）,552,6876,
福建,华侨大学,经济学类（面向厦门）（中美121双学位班全英文教学）（含金融学（全英文教学）只招收有该专业志愿的考生）,552,6876,
福建,华侨大学,旅游管理类（面向厦门）（含旅游管理酒店管理会展经济与管理）,552,6876,
福建,华侨大学,人文地理与城乡规划（面向厦门）（旅游规划与景区管理方向）,551,7058,
福建,华侨大学,公共管理类（面向厦门）（含公共事业管理行政管理土地资源管理）,551,7058,
浙江,浙江工商大学,法学类（含法学知识产权）,590,1973,
浙江,浙江工商大学,英语（含英语商务英语专业）,586,2294,
浙江,浙江工商大学,金融学类（含金融学投资学金融工程）,586,2294,
浙江,浙江工商大学,会计学（含会计学财务管理审计学会计学ACCA专业）,585,2394,
浙江,浙江工商大学,历史学,583,2570,
浙江,浙江工商大学,工商管理类（含工商管理市场营销人力资源管理国际商务）,582,2651,
浙江,浙江工商大学,经济学类（含经济学国际经济与贸易）,582,2651,
浙江,浙江工商大学,新闻传播学类（含广告学新闻学编辑出版学）,582,2651,
浙江,浙江工商大学,公共管理类（含公共事业管理行政管理文化产业管理）,581,2742,
浙江,浙江工商大学,保险学,581,2742,
浙江,浙江工商大学,经济统计学,581,2742,
浙江,浙江工商大学,日语,580,2858,
广东,汕头大学,法学（办学地点第一学年过渡校区校本部斜对面）,579,2965,
广东,汕头大学,工商管理（办学地点第一学年过渡校区校本部斜对面）,577,3204,
广东,汕头大学,英语（办学地点第一学年过渡校区校本部斜对面）,576,3319,
广东,汕头大学,广播电视学（办学地点第一学年过渡校区校本部斜对面）,576,3319,
广东,汕头大学,广告学（办学地点第一学年过渡校区校本部斜对面）,576,3319,
广东,汕头大学,汉语言文学（办学地点第一学年过渡校区校本部斜对面）,575,3448,
吉林,长春理工大学,网络与新媒体,554,6525,
吉林,长春理工大学,翻译,553,6687,
吉林,长春理工大学,汉语言文学,553,6687,
吉林,长春理工大学,日语,552,6876,
吉林,长春理工大学,汉语国际教育,552,6876,
江苏,江苏科技大学,会计学,566,4603,
江苏,江苏科技大学,英语,563,5027,
江苏,江苏科技大学,翻译,562,5192,
江苏,江苏科技大学,经济学,562,5192,
广东,广州中医药大学,中医学（不招色盲色弱）,580,2858,
广东,广州中医药大学,应用心理学（不招色盲色弱）,580,2858,
广东,广州中医药大学,护理学（不招色盲色弱）,579,2965,
广东,广州中医药大学,英语,570,4045,
广东,广州中医药大学,公共事业管理,569,4162,
广东,广州中医药大学,康复治疗学（不招色盲色弱）,569,4162,
广东,广州中医药大学,国际经济与贸易,568,4302,
广东,广州中医药大学,健康服务与管理,561,5351,
北京,北京语言大学,英语（需口试）,596,1517,
北京,北京语言大学,国际政治（需口试）,596,1517,
北京,北京语言大学,翻译（英语）（需口试）,595,1583,
北京,北京语言大学,汉语国际教育（需口试）,594,1659,
北京,北京语言大学,汉语言文学,593,1734,
北京,北京语言大学,会计学（需口试）,592,1811,
北京,北京语言大学,金融学（需口试）,591,1890,
北京,北京语言大学,金融学（宏观经济核算与分析）（需口试）,589,2044,
新疆,石河子大学,法学,559,5665,
新疆,石河子大学,俄语,556,6147,
新疆,石河子大学,中国语言文学类（含汉语言文学中国少数民族语言文学）,554,6525,
广东,广东外语外贸大学,泰语,599,1318,
广东,广东外语外贸大学,金融学类（一年后根据学校规定进行专业分流）（含金融学金融工程保险学）,597,1446,
广东,广东外语外贸大学,英语,595,1583,
广东,广东外语外贸大学,新闻传播学类（一年后根据学校规定进行专业分流）（含新闻学网络与新媒体）,595,1583,
广东,广东外语外贸大学,工商管理类（会计学院且一年后根据学校规定进行专业分流）（含会计学审计学财务管理）,593,1734,
广东,广东外语外贸大学,商务英语,593,1734,
广东,广东外语外贸大学,希腊语,591,1890,
广东,广东外语外贸大学,捷克语,591,1890,
广东,广东外语外贸大学,财政学类（一年后根据学校规定进行专业分流）（含财政学税收学）,591,1890,
广东,广东外语外贸大学,应用心理学,588,2123,
广东,广东外语外贸大学,中国语言文学类（一年后根据学校规定进行专业分流）（含汉语言文学汉语言汉语国际教育）,587,2211,
上海,上海海事大学,法学（海商法）,583,2570,
上海,上海海事大学,日语,582,2651,
上海,上海海事大学,经济学类,580,2858,
上海,上海海事大学,交通管理（航运管理）,580,2858,
福建,福建医科大学,公共事业管理,550,7248,
福建,福建医科大学,社会工作,550,7248,
福建,福建医科大学,英语,550,7248,
江苏,南京财经大学,会计学,587,2211,
江苏,南京财经大学,金融学,586,2294,
江苏,南京财经大学,国际经济与贸易（要求外语成绩及口语听说能力较好）,585,2394,
江苏,南京财经大学,网络与新媒体,584,2481,
江苏,南京财经大学,税收学,583,2570,
江苏,南京财经大学,审计学,582,2651,
江苏,南京财经大学,贸易经济,581,2742,
江苏,南京财经大学,财政学,580,2858,
江苏,南京财经大学,社会工作,576,3319,
江苏,南京财经大学,公共事业管理,575,3448,
江苏,南京财经大学,房地产开发与管理,574,3556,
宁夏,宁夏大学,汉语言文学（文秘）,571,3905,
宁夏,宁夏大学,工商管理类（含会计学市场营销工商管理）,567,4455,
宁夏,宁夏大学,阿拉伯语（需口试）,564,4886,
宁夏,宁夏大学,英语（翻译）（需口试）,564,4886,
宁夏,宁夏大学,会计学（英国高等教育文凭项目）,559,5665,
宁夏,宁夏大学,工商管理（英国高等教育文凭项目）,551,7058,
湖南,湖南农业大学,工商管理,558,5820,
湖南,湖南农业大学,英语,557,5968,
湖南,湖南农业大学,市场营销,556,6147,
湖南,湖南农业大学,公共管理类（含公共事业管理行政管理劳动与社会保障土地资源管理）,552,6876,
上海,上海海洋大学,工商管理（食品经济管理）,573,3650,
天津,天津中医药大学,应用心理学,547,7816,
北京,北京工商大学,法学,579,2965,
北京,北京工商大学,外国语言文学类（含英语（商务翻译）商务英语需口试）,577,3204,
浙江,浙江财经大学,经济学,583,2570,
上海,上海对外经贸大学,国际经济与贸易,599,1318,
上海,上海对外经贸大学,法学（商法方向）,590,1973,
上海,上海对外经贸大学,英语（国际商务英语方向）（中外合作办学）,589,2044,
上海,上海对外经贸大学,会展经济与管理（中外合作办学）,588,2123,
上海,上海对外经贸大学,国际商务（中外合作办学）,587,2211,
北京,北方工业大学,国际经济与贸易（国际化培养班）（专业教学背景为英语；英语单科成绩不低于110分）,579,2965,
北京,北方工业大学,国际经济与贸易（专业教学背景为英语）,575,3448,
北京,北方工业大学,法学,571,3905,
北京,北方工业大学,英语,570,4045,
北京,北方工业大学,日语,569,4162,
福建,集美大学,汉语言文学,570,4045,
福建,集美大学,财政学,569,4162,
福建,集美大学,英语（需口试）,569,4162,
福建,集美大学,法学,567,4455,
福建,集美大学,会计学,567,4455,
福建,集美大学,翻译（需口试）,567,4455,
福建,集美大学,金融学,565,4766,
福建,集美大学,经济学,565,4766,
福建,集美大学,国际经济与贸易,564,4886,
福建,集美大学,日语（需口试）,564,4886,
福建,集美大学,工商管理,564,4886,
福建,集美大学,审计学,563,5027,
福建,集美大学,法学（面向厦门）,563,5027,
福建,集美大学,投资学,563,5027,
福建,集美大学,旅游管理,563,5027,
福建,集美大学,市场营销,563,5027,
福建,集美大学,财政学（面向厦门）,559,5665,
福建,集美大学,社会工作,557,5968,
福建,集美大学,国际经济与贸易（面向厦门）,557,5968,
福建,集美大学,审计学（面向厦门）,556,6147,
福建,集美大学,会计学（面向厦门）,555,6306,
福建,集美大学,经济学（面向厦门）,554,6525,
福建,集美大学,金融学（面向厦门）,554,6525,
福建,集美大学,汉语言文学（面向厦门）,554,6525,
福建,集美大学,工商管理（面向厦门）,552,6876,
福建,集美大学,英语（面向厦门）（需口试）,551,7058,
福建,集美大学,投资学（面向厦门）,551,7058,
福建,集美大学,翻译（面向厦门）（需口试）,550,7248,
福建,集美大学,旅游管理（面向厦门）,550,7248,
福建,集美大学,日语（面向厦门）（需口试）,550,7248,
福建,集美大学,预科班（只招收少数民族考生）,539,9406,
河北,石家庄铁道大学,工商管理类（含会计学财务管理）,553,6687,
吉林,延边大学,法学,568,4302,
吉林,延边大学,朝鲜语（招汉语答卷非朝鲜族考生）,565,4766,
吉林,延边大学,地理科学类（含地理科学地理信息科学第一学年末分流地理科学专业为师范在珲春校区办学）,565,4766,
吉林,延边大学,经济学类（含经济学国际经济与贸易第一学年末分流）,563,5027,
吉林,延边大学,中国语言文学类（含汉语国际教育汉语言汉语言文学第一学年末分流含师范非师范汉语言专业只招朝鲜族考生汉语言文学专业只招汉语答卷考生）,561,5351,
吉林,延边大学,旅游管理（在珲春校区办学）,561,5351,
吉林,延边大学,日语（零起点在珲春校区办学培养经贸日语人才）,561,5351,
山西,中北大学,英语,550,7248,
湖南,湖南科技大学,会计学,564,4886,
湖南,湖南科技大学,新闻学,563,5027,
湖南,湖南科技大学,人力资源管理,563,5027,
湖南,湖南科技大学,金融工程,563,5027,
湖南,湖南科技大学,应用心理学,562,5192,
湖南,湖南科技大学,法学,562,5192,
湖南,湖南科技大学,广告学,561,5351,
湖南,湖南科技大学,旅游管理,561,5351,
湖南,湖南科技大学,地理信息科学,560,5501,
湖南,湖南科技大学,风景园林,560,5501,
天津,天津财经大学,金融学类（含金融学金融学（国际金融）金融工程保险学投资学信用管理）,582,2651,
天津,天津财经大学,工商管理类（含工商管理工商管理（大数据管理决策）市场营销人力资源管理）,582,2651,
天津,天津财经大学,会计学,580,2858,
天津,天津财经大学,财政学类（含财政学税收学）,577,3204,
天津,天津财经大学,商务英语,576,3319,
天津,天津财经大学,广播电视学（财经新闻）,576,3319,
天津,天津财经大学,日语,575,3448,
天津,天津财经大学,法学,575,3448,
江苏,南京审计大学,审计学,583,2570,
江苏,南京审计大学,金融学,582,2651,
江苏,南京审计大学,法学（法务会计）,581,2742,
江苏,南京审计大学,财务管理,580,2858,
江苏,南京审计大学,汉语国际教育,579,2965,
江苏,西交利物浦大学,建筑类,570,4045,
江苏,西交利物浦大学,外国语言文学类,568,4302,
江苏,西交利物浦大学,工商管理类,567,4455,
江苏,西交利物浦大学,数学类,567,4455,
广东,北京师范大学-香港浸会大学联合国际学院,新闻传播学类（广告学、传播学）按大类招生，包含广告学、传播学专业。其中，广告学专业培养公共关系与广告学方向，传播学专业培养媒体与传播/媒体艺术与设计/影视学三个方向。第一学年第一学期第十周前最后确认专业分流。英语单科成绩不低于100分。全英文教学。（中外合作办学）,564,4886,
广东,北京师范大学-香港浸会大学联合国际学院,外国语言文学类（英语、翻译）按大类招生，包含英语、翻译专业。第一学年第一学期第十周前最后确认专业分流。英语单科成绩不低于110分。全英文教学。（中外合作办学）,561,5351,
广东,北京师范大学-香港浸会大学联合国际学院,经济学培养应用经济学方向，英语单科成绩不低于100分。全英文教学。（中外合作办学）,560,5501,
广东,北京师范大学-香港浸会大学联合国际学院,工商管理类（财务管理、人力资源管理、市场营销、工商管理、文化产业管理）按大类招生，包含财务管理、人力资源管理、市场营销、工商管理、文化产业管理专业。其中，工商管理专业培养创业与创新管理方向，文化产业管理专业培养文化创意与管理方向。第一学年第一学期第十周前最后确认专业分流。英语单科成绩不低于100分。全英文教学。（中外合作办学）,559,5665,
广东,北京师范大学-香港浸会大学联合国际学院,电子商务培养电子商务与资讯系统管理方向，英语单科成绩不低于100分。全英文教学。（中外合作办学）,559,5665,
广东,北京师范大学-香港浸会大学联合国际学院,会计学英语单科成绩不低于100分。全英文教学。（中外合作办学）,558,5820,
广东,北京师范大学-香港浸会大学联合国际学院,社会学（全球化与发展、社会工作与社会行政学）培养全球化与发展/社会工作与社会行政学两个方向，英语单科成绩不低于100分。全英文教学。（中外合作办学）,558,5820,
北京,北京信息科技大学,英语（需口试）,570,4045,
北京,北京信息科技大学,新闻传播学类（含传播学网络与新媒体）,564,4886,
北京,北京第二外国语学院,市场营销（新媒体营销）（需口试）,595,1583,
北京,北京第二外国语学院,英语（需口试）,591,1890,
北京,北京第二外国语学院,旅游管理（需口试）,589,2044,
北京,北京第二外国语学院,汉语言文学（需口试）,587,2211,
北京,北京第二外国语学院,汉语国际教育（需口试）,582,2651,
北京,北京第二外国语学院,翻译（对外文化传播）（需口试）,572,3788,
北京,北京第二外国语学院,日语（同声传译）（需口试）,571,3905,
湖南,中南林业科技大学,法学,566,4603,
湖南,中南林业科技大学,会计学,562,5192,
湖南,中南林业科技大学,日语（只招英语日语语种专业考生）,562,5192,
湖南,中南林业科技大学,英语,562,5192,
湖南,中南林业科技大学,俄语,561,5351,
湖南,中南林业科技大学,国际经济与贸易,560,5501,
湖南,中南林业科技大学,翻译,560,5501,
湖南,中南林业科技大学,金融学,560,5501,
湖南,中南林业科技大学,国际商务,559,5665,
湖南,中南林业科技大学,行政管理,559,5665,
湖南,中南林业科技大学,旅游管理类（含旅游管理酒店管理会展经济与管理）,558,5820,
湖南,中南林业科技大学,物流管理,558,5820,
湖南,中南林业科技大学,人力资源管理,558,5820,
湖南,中南林业科技大学,市场营销,555,6306,
陕西,西安邮电大学,国际经济与贸易,568,4302,
陕西,西安邮电大学,行政管理,568,4302,
陕西,西安邮电大学,商务英语,561,5351,
陕西,西安邮电大学,英语,561,5351,
陕西,西安邮电大学,网络与新媒体,560,5501,
安徽,安徽财经大学,金融学,573,3650,
安徽,安徽财经大学,财政学类（含财政学税收学）,568,4302,
安徽,安徽财经大学,会计学,567,4455,
安徽,安徽财经大学,商务英语,567,4455,
安徽,安徽财经大学,工商管理类（含工商管理市场营销人力资源管理）,566,4603,
安徽,安徽财经大学,日语,565,4766,
安徽,安徽财经大学,金融学类（含金融工程保险学投资学互联网金融）,564,4886,
安徽,安徽财经大学,法学,563,5027,
安徽,安徽财经大学,经济学类（含经济学国民经济管理）,563,5027,
安徽,安徽财经大学,审计学,563,5027,
安徽,安徽财经大学,新闻传播学类（含广告学新闻学网络与新媒体）,562,5192,
安徽,安徽财经大学,物流管理,562,5192,
安徽,安徽财经大学,财务管理,562,5192,
安徽,安徽财经大学,国际商务,562,5192,
安徽,安徽财经大学,经济与贸易类（含国际经济与贸易贸易经济）,561,5351,
安徽,安徽财经大学,公共管理类（含行政管理劳动与社会保障土地资源管理）,561,5351,
安徽,安徽财经大学,资产评估,561,5351,
安徽,安徽财经大学,旅游管理,560,5501,
北京,北京印刷学院,编辑出版学（不招色盲色弱）,569,4162,
北京,北京体育大学,网络与新媒体,593,1734,
北京,北京体育大学,汉语国际教育,589,2044,
北京,北京体育大学,英语,588,2123,
北京,北京体育大学,新闻学,588,2123,
北京,北京体育大学,体育经济与管理,587,2211,
北京,北京体育大学,经济学,587,2211,
北京,北京体育大学,马克思主义理论,585,2394,
北京,北京体育大学,公共事业管理,584,2481,
北京,北京体育大学,教育学,584,2481,
北京,北京体育大学,旅游管理,584,2481,
湖南,湖南中医药大学,中医学,563,5027,
湖南,湖南中医药大学,中西医临床医学,560,5501,
湖南,湖南中医药大学,中医学（“5+3”一体化，本硕连读）,560,5501,
湖南,湖南中医药大学,护理学,559,5665,
湖南,湖南中医药大学,应用心理学,556,6147,
湖南,湖南中医药大学,针灸推拿学,556,6147,
湖南,湖南中医药大学,英语,556,6147,
湖南,湖南中医药大学,公共事业管理,556,6147,
湖南,湖南中医药大学,中医养生学,556,6147,
湖南,湖南中医药大学,市场营销,555,6306,
陕西,西北政法大学,法学（民商法）,592,1811,
陕西,西北政法大学,法学（经济法）,591,1890,
陕西,西北政法大学,法学（行政法）,590,1973,
陕西,西北政法大学,法学（国际法）,590,1973,
陕西,西北政法大学,广播电视学,589,2044,
陕西,西北政法大学,网络与新媒体,588,2123,
陕西,西北政法大学,法学（反恐怖主义法）,588,2123,
陕西,西北政法大学,哲学,587,2211,
陕西,西北政法大学,英语（需口试）,587,2211,
陕西,西北政法大学,金融学,585,2394,
陕西,西北政法大学,国际经济与贸易,585,2394,
陕西,西北政法大学,财务管理,585,2394,
天津,中国民航大学,法学（航空法）,583,2570,
天津,中国民航大学,公共事业管理,578,3084,
天津,中国民航大学,英语（民航外语）（需口试）,577,3204,
湖南,湖南工业大学,财务管理,559,5665,
湖南,湖南工业大学,会计学,557,5968,
湖南,湖南工业大学,工商管理类（含工商管理市场营销人力资源管理）,555,6306,
辽宁,辽宁工程技术大学,法学,552,6876,
辽宁,辽宁工程技术大学,广播电视学,550,7248,
重庆,四川外国语大学,英语（需口试）,585,2394,
重庆,四川外国语大学,金融学,583,2570,
重庆,四川外国语大学,翻译（需口试）,583,2570,
重庆,四川外国语大学,商务英语（需口试）,581,2742,
重庆,四川外国语大学,新闻传播学类（包含广告学新闻学广播电视学网络与新媒体4个专业）,580,2858,
重庆,四川外国语大学,中国语言文学类（包含汉语言文学汉语国际教育2个专业）,579,2965,
重庆,四川外国语大学,国际政治,579,2965,
福建,闽南师范大学,汉语言文学,558,5820,
福建,闽南师范大学,社会工作,552,6876,
福建,闽南师范大学,法学,551,7058,
福建,闽南师范大学,商务英语（需口试）,551,7058,
福建,闽南师范大学,日语,550,7248,
福建,闽南师范大学,编辑出版学,550,7248,
福建,闽南师范大学,经济学,550,7248,
福建,闽南师范大学,经济与金融,550,7248,
福建,闽南师范大学,广播电视学,550,7248,
福建,闽南师范大学,汉语国际教育,550,7248,
福建,闽南师范大学,国际经济与贸易,550,7248,
福建,闽南师范大学,人力资源管理,550,7248,
福建,闽南师范大学,政治学与行政学,550,7248,
福建,闽南师范大学,广告学,550,7248,
福建,闽南师范大学,翻译（需口试）,550,7248,
福建,闽南师范大学,市场营销,550,7248,
福建,闽南师范大学,旅游管理,550,7248,
福建,福建工程学院,城乡规划,551,7058,
陕西,西安外国语大学,法语,592,1811,
陕西,西安外国语大学,英语,584,2481,
陕西,西安外国语大学,德语,584,2481,
陕西,西安外国语大学,日语,584,2481,
陕西,西安外国语大学,俄语,583,2570,
陕西,西安外国语大学,汉语言文学,583,2570,
陕西,西安外国语大学,商务英语,582,2651,
陕西,西安外国语大学,意大利语,581,2742,
陕西,西安外国语大学,信用管理,580,2858,
陕西,西安外国语大学,市场营销,580,2858,
黑龙江,哈尔滨商业大学,工商管理类（含会计学（会计学院）财务管理审计学）,561,5351,
黑龙江,哈尔滨商业大学,金融学类（含金融学（金融学院）金融工程保险学投资学）,558,5820,
黑龙江,哈尔滨商业大学,财政学,557,5968,
福建,闽江学院,金融学（新华都商学院）,555,6306,
福建,闽江学院,会计学（新华都商学院）,554,6525,
福建,闽江学院,工商管理（新华都商学院）,552,6876,
福建,福建中医药大学,"中医学（""5+3""一体化）",562,5192,
福建,福建中医药大学,针灸推拿学,550,7248,
福建,福建中医药大学,中医学,550,7248,
福建,福建中医药大学,公共事业管理,550,7248,
福建,福建中医药大学,护理学,550,7248,
上海,上海立信会计金融学院,会计学,592,1811,
上海,上海立信会计金融学院,金融学类,590,1973,
北京,中华女子学院,女性学（只招女生）,559,5665,
山东,山东大学（威海）,中国语言文学类,600,1248,
山东,山东大学（威海）,工商管理类,599,1318,
山东,山东大学（威海）,外国语言文学类（英语）,599,1318,
山东,山东大学（威海）,新闻学,598,1380,
山东,山东大学（威海）,法学类,598,1380,
山东,山东大学（威海）,金融学（中外合作办学）,594,1659,
河北,华北电力大学保定校区,工商管理类,587,2211,
上海,上海戏剧学院,戏剧学,589,2044,
北京,中国社会科学院大学,政治学与行政学,610,751,
北京,中国社会科学院大学,社会学,609,784,
北京,中国社会科学院大学,英语（同时可以辅修国际事务与国际关系等专业，合格者授予其他相关学位）,609,784,
北京,中国社会科学院大学,汉语言文学,608,819,
北京,中国社会科学院大学,法语（同时可以辅修国际事务与国际关系等专业，合格者授予其他相关学位）,607,872,
北京,中国社会科学院大学,新闻传播学类（含新闻学广播电视学）,606,915,
北京,中国社会科学院大学,历史学,606,915,
江苏,中国人民大学（苏州校区）,金融学（中外合作办学）,607,872,
江苏,中国人民大学（苏州校区）,法语（中外合作办学）（需口试）,607,872,
安徽,合肥工业大学宣城校区,法学,581,2742,
安徽,合肥工业大学宣城校区,广告学,581,2742,
安徽,合肥工业大学宣城校区,英语,581,2742,
