﻿省份,学校名称,专业,最低录取分,最低录取名次,选课要求
广东,中山大学,临床医学（八年制）,656,646,
广东,中山大学,口腔医学（5+3一体化）,645,1325,
广东,中山大学,生物科学类（生物科学、生物技术、生态学）,639,1852,
广东,中山大学,口腔医学,638,1950,
广东,中山大学,计算机类（计算机科学与技术、信息与计算科学、保密管理）,637,2044,
广东,中山大学,电子信息类（电子信息科学与技术、通信工程）,636,2137,
广东,中山大学,临床医学,635,2253,
广东,中山大学,经济学类（经济学、金融学）,635,2253,
广东,中山大学,数学类（数学与应用数学、信息与计算科学）,634,2367,
广东,中山大学,物理学类（物理学、天文学）,632,2592,
广东,中山大学,核工程与核技术（含中法合作办学）,632,2592,
广东,中山大学,药学,628,3083,
广东,中山大学,预防医学,628,3083,
广东,中山大学,生物医学工程,626,3375,
广东,中山大学,环境科学与工程类（环境科学、环境工程）,625,3511,
广东,华南理工大学,计算机类,638,1950,
广东,华南理工大学,计算机科学与技术（拔尖基地班）,638,1950,
广东,华南理工大学,软件工程,635,2253,
广东,华南理工大学,会计学,635,2253,
广东,华南理工大学,应用物理学（严济慈英才班）,635,2253,
广东,华南理工大学,自动化（创新班）,635,2253,
广东,华南理工大学,建筑学,633,2470,
广东,华南理工大学,信息工程,633,2470,
广东,华南理工大学,电气类,631,2710,
广东,华南理工大学,城乡规划,631,2710,
广东,华南理工大学,自动化类,631,2710,
广东,华南理工大学,经济学类,630,2843,
广东,华南理工大学,工程力学（创新班）,629,2962,
广东,华南理工大学,工科试验班（智能装备与先进制造）,627,3225,
广东,华南理工大学,工业设计,627,3225,
广东,华南理工大学,物理学类,627,3225,
广东,华南理工大学,金融科技,627,3225,
广东,华南理工大学,工商管理（全英班）,626,3375,
广东,华南理工大学,法学类,625,3511,
广东,华南理工大学,数学类,625,3511,
广东,华南理工大学,工商管理类,624,3658,
广东,华南理工大学,软件工程（3+2中澳班）（中外合作办学）,624,3658,
广东,华南理工大学,工科试验班（智慧土木与数字建造）,623,3822,
广东,华南理工大学,电子商务类,623,3822,
广东,华南理工大学,材料类（创新班）,623,3822,
广东,华南理工大学,材料类,622,3979,
广东,华南理工大学,临床医学,621,4148,
广东,华南理工大学,交通运输类,621,4148,
广东,华南理工大学,化学类（拔尖基地班）,621,4148,
广东,华南理工大学,化工与制药类,620,4307,
广东,华南理工大学,轻工类,619,4478,
广东,华南理工大学,环境科学与工程类,618,4655,
广东,华南理工大学,食品科学与工程类,618,4655,
广东,华南理工大学,环境工程（3+2中澳班）（中外合作办学）,618,4655,
广东,华南理工大学,生物科学类,617,4859,
上海,上海中医药大学,中医学（屠呦呦班）,612,5864,
上海,上海中医药大学,中医学（5+3一体化）,608,6764,
上海,上海中医药大学,药学（中外合作办学）,567,19379,
广东,广州医科大学,临床医学,604,7723,
广东,广州医科大学,药学,572,17429,
广东,广州医科大学,基础医学,570,18188,
广东,广州医科大学,生物技术,562,21350,
广东,广州医科大学,护理学,552,25465,
山西,山西大学,计算机科学与技术,578,15251,
山西,山西大学,物理学（国家基地）,576,15942,
山西,山西大学,光电信息科学与工程,574,16720,
山西,山西大学,数据科学与大数据技术,574,16720,
山西,山西大学,人工智能,573,17057,
山西,山西大学,电子信息类,570,18188,
山西,山西大学,英语,569,18588,
山西,山西大学,自动化,566,19766,
山西,山西大学,经济学类,566,19766,
山西,山西大学,数学类,566,19766,
山西,山西大学,应用心理学,565,20158,
山西,山西大学,统计学,564,20551,
山西,山西大学,电气工程及其自动化,562,21350,
山西,山西大学,机械电子工程,562,21350,
山西,山西大学,测控技术与仪器,559,22583,
山西,山西大学,能源动力类,559,22583,
山西,山西大学,土木工程,557,23389,
山西,山西大学,化学类,557,23389,
山西,山西大学,自然地理与资源环境,549,26813,
山西,山西大学,资源循环科学与工程,549,26813,
山西,山西大学,生物科学类,546,28191,
山西,山西大学,食品科学与工程,545,28635,
山西,山西大学,环境科学与工程类,545,28635,
山西,山西大学,食品科学与工程（食品酿造）,545,28635,
海南,海南大学,会计学,589,11696,
海南,海南大学,计算机科学与技术,585,12913,
海南,海南大学,法学,585,12913,
海南,海南大学,数学与应用数学,582,13890,
海南,海南大学,自动化,582,13890,
海南,海南大学,工商管理,582,13890,
海南,海南大学,软件工程（NIIT）,581,14213,
海南,海南大学,电子信息类,581,14213,
海南,海南大学,数据科学与大数据技术,579,14921,
海南,海南大学,信息安全,579,14921,
海南,海南大学,国际经济与贸易,579,14921,
海南,海南大学,旅游管理类,578,15251,
海南,海南大学,机械设计制造及其自动化,577,15611,
海南,海南大学,风景园林,577,15611,
海南,海南大学,车辆工程,576,15942,
海南,海南大学,物流管理,576,15942,
海南,海南大学,建筑学,576,15942,
海南,海南大学,密码科学与技术,575,16342,
海南,海南大学,土地资源管理,575,16342,
海南,海南大学,应用物理学,575,16342,
海南,海南大学,海洋工程与技术,575,16342,
海南,海南大学,土木工程,574,16720,
海南,海南大学,生物科学,572,17429,
海南,海南大学,人工智能,572,17429,
海南,海南大学,应用化学,571,17799,
海南,海南大学,海洋科学,570,18188,
海南,海南大学,生物技术,569,18588,
海南,海南大学,园林,568,19002,
海南,海南大学,环境科学,567,19379,
海南,海南大学,药学,567,19379,
海南,海南大学,材料类,567,19379,
海南,海南大学,植物保护,567,19379,
海南,海南大学,生物医学工程,566,19766,
海南,海南大学,动物医学,565,20158,
海南,海南大学,化学工程与工艺,565,20158,
海南,海南大学,食品科学与工程类,562,21350,
海南,海南大学,水产养殖学,561,21758,
海南,海南大学,生态学,560,22192,
海南,海南大学,动物科学,559,22583,
海南,海南大学,农学,558,22980,
海南,海南大学,农业资源与环境,557,23389,
海南,海南大学,林学,551,25875,
海南,海南大学,设施农业科学与工程,549,26813,
海南,海南大学,人文地理与城乡规划（中外合作办学）（中外合作办学）,548,27262,
海南,海南大学,酒店管理（中外合作办学）（中外合作办学）,536,32878,
海南,海南大学,园艺,535,33369,
海南,海南大学,会展经济与管理（中外合作办学）（中外合作办学）,531,35354,
海南,海南大学,行政管理（中外合作办学）（中外合作办学）,531,35354,
上海,上海海事大学,交通管理（航运管理）,574,16720,
上海,上海海事大学,电气类,570,18188,
上海,上海海事大学,物流管理,568,19002,
上海,上海海事大学,电子信息类,568,19002,
上海,上海海事大学,计算机类,567,19379,
上海,上海海事大学,机械类,566,19766,
上海,上海海事大学,港口航道与海岸工程,565,20158,
上海,上海海事大学,环境工程,565,20158,
上海,上海海事大学,能源与动力工程,565,20158,
上海,上海海事大学,交通运输,563,20934,
海南,海南师范大学,地理科学,564,20551,
海南,海南师范大学,汉语言文学,562,21350,
海南,海南师范大学,思想政治教育,557,23389,
海南,海南师范大学,英语,556,23803,
海南,海南师范大学,数学与应用数学,554,24617,
海南,海南师范大学,物理学,549,26813,
海南,海南师范大学,应用心理学,548,27262,
海南,海南师范大学,生物科学,547,27729,
海南,海南师范大学,教育学类,546,28191,
海南,海南师范大学,计算机科学与技术,546,28191,
海南,海南师范大学,园林,546,28191,
海南,海南师范大学,旅游管理类,545,28635,
海南,海南师范大学,化学,543,29588,
海南,海南师范大学,电子信息科学与技术,543,29588,
海南,海南师范大学,应用化学,542,29988,
海南,海南师范大学,数据科学与大数据技术,541,30433,
海南,海南师范大学,网络空间安全,541,30433,
海南,海南师范大学,光电信息科学与工程,540,30916,
海南,海南师范大学,教育技术学,540,30916,
海南,海南师范大学,统计学,540,30916,
海南,海南师范大学,经济学类,538,31903,
海南,海南师范大学,制药工程,527,37384,
海南,海南师范大学,学前教育（中外合作办学）,510,46481,
海南,海南师范大学,软件工程（NIIT班）,505,49314,
山西,山西师范大学,思想政治教育,557,23389,
山西,山西师范大学,地理科学,553,25057,
山西,山西师范大学,物理学,539,31409,
山西,山西师范大学,小学教育,538,31903,
山西,山西师范大学,学前教育,537,32373,
山西,山西师范大学,教育学,536,32878,
山西,山西师范大学,日语,535,33369,
山西,山西师范大学,教育技术学,533,34324,
山西,山西师范大学,心理学,532,34838,
山西,山西师范大学,旅游管理,531,35354,
山西,山西师范大学,园艺,515,43794,
山西,山西财经大学,数据科学与大数据技术,536,32878,
山西,山西财经大学,计算机科学与技术,535,33369,
山西,山西财经大学,信息管理与信息系统,533,34324,
山西,山西财经大学,贸易经济,532,34838,
山西,山西财经大学,信息与计算科学,527,37384,
山西,山西财经大学,金融数学,527,37384,
山西,山西财经大学,人力资源管理,525,38469,
山西,山西财经大学,房地产开发与管理,525,38469,
山西,山西财经大学,物流管理,523,39492,
山西,山西财经大学,土地资源管理,523,39492,
山西,山西财经大学,人文地理与城乡规划,520,41181,
广西,南宁师范大学,数学与应用数学,536,32878,
广西,南宁师范大学,地理科学类,533,34324,
广西,南宁师范大学,小学教育,527,37384,
广西,南宁师范大学,计算机科学与技术,519,41703,
广西,南宁师范大学,数字媒体技术,519,41703,
广西,南宁师范大学,通信工程,518,42234,
广西,南宁师范大学,环境科学与工程类,500,52080,
广西,南宁师范大学,电子信息工程（与港澳台合作办学）,494,55469,
山西,太原科技大学,软件工程,524,38967,
山西,太原科技大学,物联网工程,522,40045,
山西,太原科技大学,机械电子工程,520,41181,
山西,太原科技大学,智能科学与技术,520,41181,
山西,太原科技大学,电子信息工程,519,41703,
山西,太原科技大学,光电信息科学与工程,517,42753,
山西,太原科技大学,应用统计学,517,42753,
山西,太原科技大学,材料成型及控制工程,514,44324,
山西,太原科技大学,冶金工程,513,44882,
山西,太原科技大学,工程力学,512,45441,
山西,太原科技大学,信息管理与信息系统,512,45441,
山西,太原科技大学,工业工程,511,45925,
山西,太原科技大学,交通运输,503,50379,
湖南,湖南文理学院,网络工程,506,48753,
湖南,湖南文理学院,通信工程,499,52597,
湖南,湖南文理学院,机械设计制造及其自动化,498,53173,
湖南,湖南文理学院,集成电路设计与集成系统,498,53173,
湖南,湖南文理学院,机械电子工程,497,53768,
湖南,湖南文理学院,土木工程,496,54338,
湖南,湖南文理学院,环境科学,484,61293,
湖南,湖南文理学院,水产养殖学,483,61904,
四川,宜宾学院,电子信息科学与技术,500,52080,
四川,宜宾学院,财务管理,493,56037,
四川,宜宾学院,食品质量与安全,491,57180,
四川,宜宾学院,应用化学,488,58944,
海南,海南热带海洋学院,计算机类,489,58364,
海南,海南热带海洋学院,电子信息类,488,58944,
海南,海南热带海洋学院,环境工程,487,59496,
海南,海南热带海洋学院,海洋资源与环境,485,60685,
海南,海南热带海洋学院,物理学,484,61293,
海南,海南热带海洋学院,中国语言文学类,484,61293,
海南,海南热带海洋学院,海洋科学类,484,61293,
海南,海南热带海洋学院,数学与应用数学,483,61904,
海南,海南热带海洋学院,旅游管理类,483,61904,
海南,海南热带海洋学院,生态学,482,62495,
海南,海南热带海洋学院,生物科学类,480,63715,
海南,海南热带海洋学院,食品科学与工程类,478,64850,
海南,海南热带海洋学院,海洋渔业科学与技术,478,64850,
海南,海南热带海洋学院,水产养殖学,478,64850,
海南,海南热带海洋学院,旅游管理（中外合作办学）,449,82322,
山西,太原工业学院,计算机类,495,54893,
山西,太原工业学院,数据科学与大数据技术,484,61293,
山西,太原工业学院,电子信息类,482,62495,
山西,太原工业学院,自动化类,481,63095,
山西,太原工业学院,机械类,480,63715,
山西,太原工业学院,工商管理类,479,64292,
山西,太原工业学院,经济学类,479,64292,
山西,太原工业学院,化工与制药类,471,68986,
山西,太原工业学院,环境科学与工程类,470,69586,
山西,太原工业学院,食品科学与工程类,470,69586,
山西,太原工业学院,材料类,470,69586,
湖南,湖南人文科技学院,网络与新媒体,486,60057,
湖南,湖南人文科技学院,数学与应用数学,483,61904,
湖南,湖南人文科技学院,电子商务,478,64850,
湖南,湖南人文科技学院,材料化学,474,67180,
湖南,湖南人文科技学院,农学,473,67774,
湖南,湖南人文科技学院,学前教育（中外合作办学）,465,72626,
山西,吕梁学院,汉语言文学,489,58364,
山西,吕梁学院,英语,487,59496,
山西,吕梁学院,会计学,485,60685,
山西,吕梁学院,物理学,484,61293,
山西,吕梁学院,信息与计算科学,482,62495,
山西,吕梁学院,机械设计制造及其自动化,481,63095,
山西,吕梁学院,食品科学与工程,479,64292,
山西,吕梁学院,化学,478,64850,
山西,吕梁学院,电子信息工程,478,64850,
山西,吕梁学院,建筑学,478,64850,
江西,南昌医学院,临床医学,517,-,
江西,南昌医学院,中西医临床医学,516,-,
江西,南昌医学院,中医学,515,-,
江西,南昌医学院,针灸推拿学,512,-,
江西,南昌医学院,护理学,511,-,
江西,南昌医学院,保险学,510,-,
江西,南昌医学院,中药学,507,-,
江西,南昌医学院,医学影像技术,502,-,
江西,南昌医学院,口腔医学技术,501,-,
江西,南昌医学院,医学检验技术,500,-,
江西,南昌医学院,药学,499,-,
江西,南昌医学院,康复治疗学,499,-,
江西,南昌医学院,助产学,491,-,
山西,山西晋中理工学院,计算机科学与技术,461,75029,
