﻿省份,学校名称,专业,最低录取分,最低录取名次,选课要求
广东,中山大学,法学,621,397,
广东,中山大学,汉语言文学,619,443,
广东,中山大学,经济学类（金融学、经济学）,619,443,
广东,中山大学,哲学类（哲学、逻辑学）,619,443,
广东,中山大学,工商管理类（工商管理、会计学）,618,469,
广东,中山大学,历史学,618,469,
广东,中山大学,外国语言文学类（英语、德语、法语、日语）,618,469,
广东,中山大学,新闻传播学类（新闻学、传播学）,616,526,
广东,中山大学,社会学类（社会学、人类学、考古学）,616,526,
广东,中山大学,公共管理类（行政管理、政治学与行政学）,613,630,
广东,中山大学,国际政治,612,663,
广东,华南理工大学,经济学（创新班）,610,734,
广东,华南理工大学,法学（卓越法律班）,605,954,
广东,华南理工大学,新闻传播学类,602,1124,
广东,华南理工大学,经济学类,602,1124,
广东,华南理工大学,传播学（2+2联合班）,602,1124,
广东,华南理工大学,商务英语,600,1237,
广东,华南理工大学,法学类,600,1237,
广东,华南理工大学,行政管理,600,1237,
广东,华南理工大学,工商管理类,600,1237,
广东,华南理工大学,旅游管理类,600,1237,
广东,华南理工大学,日语,599,1292,
广东,广州医科大学,应用心理学,568,4068,
广东,广州医科大学,公共事业管理,562,4826,
山西,山西大学,汉语言文学,568,4068,
山西,山西大学,历史学,564,4585,
山西,山西大学,哲学类,561,4962,
山西,山西大学,政治学类,560,5098,
山西,山西大学,俄语,558,5378,
山西,山西大学,教育学,557,5514,
山西,山西大学,旅游管理,556,5670,
山西,山西大学,翻译,556,5670,
山西,山西大学,德语,556,5670,
海南,海南大学,法学,584,2323,
海南,海南大学,思想政治教育,581,2587,
海南,海南大学,汉语言文学,581,2587,
海南,海南大学,传播学,580,2693,
海南,海南大学,会计学,579,2805,
海南,海南大学,金融学,578,2901,
海南,海南大学,英语,578,2901,
海南,海南大学,工商管理,577,2998,
海南,海南大学,农林经济管理,577,2998,
海南,海南大学,俄语,577,2998,
海南,海南大学,日语,577,2998,
海南,海南大学,行政管理,576,3087,
海南,海南大学,戏剧影视文学,576,3087,
海南,海南大学,国际经济与贸易,576,3087,
海南,海南大学,旅游管理类,576,3087,
海南,海南大学,行政管理（中外合作办学）（中外合作办学）,566,4324,
海南,海南大学,人文地理与城乡规划（中外合作办学）（中外合作办学）,562,4826,
海南,海南大学,会展经济与管理（中外合作办学）（中外合作办学）,554,6004,
海南,海南大学,酒店管理（中外合作办学）（中外合作办学）,549,6868,
上海,上海海事大学,法学（海商法）,571,3671,
上海,上海海事大学,交通管理（航运管理）,570,3791,
上海,上海海事大学,经济学类,568,4068,
上海,上海海事大学,日语,567,4196,
海南,海南师范大学,思想政治教育,562,4826,
海南,海南师范大学,汉语言文学,560,5098,
海南,海南师范大学,历史学,557,5514,
海南,海南师范大学,英语,557,5514,
海南,海南师范大学,应用心理学,555,5831,
海南,海南师范大学,旅游管理类,555,5831,
海南,海南师范大学,经济学类,554,6004,
海南,海南师范大学,教育学类,554,6004,
海南,海南师范大学,地理科学,553,6154,
海南,海南师范大学,汉语国际教育,549,6868,
海南,海南师范大学,学前教育（中外合作办学）,539,8737,
河南,中原工学院,工商管理,513,14977,
河南,中原工学院,法学,513,14977,
河南,中原工学院,知识产权,493,-,
河南,中原工学院,自动化,492,-,
河南,中原工学院,人工智能,491,-,
河南,中原工学院,测控技术与仪器,488,-,
河南,中原工学院,工程管理,487,-,
河南,中原工学院,金融学,486,-,
河南,中原工学院,工业工程,485,-,
河南,中原工学院,航空航天类,485,-,
河南,中原工学院,材料成型及控制工程,475,-,
河南,中原工学院,环境工程,474,-,
河南,中原工学院,轻化工程,472,-,
河南,中原工学院,非织造材料与工程,472,-,
河南,中原工学院,服装设计与工程,471,-,
山西,山西师范大学,地理科学,564,4585,
山西,山西师范大学,思想政治教育,557,5514,
山西,山西师范大学,历史学,552,6321,
山西,山西师范大学,小学教育,551,6504,
山西,山西师范大学,心理学,549,6868,
山西,山西师范大学,教育学,549,6868,
山西,山西师范大学,日语,548,7048,
山西,山西师范大学,学前教育,547,7209,
山西,山西师范大学,旅游管理,547,7209,
山西,山西财经大学,国民经济管理,545,7571,
山西,山西财经大学,网络与新媒体,531,10437,
山西,山西财经大学,新闻学,530,10657,
山西,山西财经大学,人文地理与城乡规划,530,10657,
山西,山西财经大学,税收学,529,10874,
山西,山西财经大学,市场营销,527,11326,
山西,山西财经大学,农林经济管理,523,12308,
山西,山西财经大学,资源与环境经济学,523,12308,
山西,山西财经大学,土地资源管理,522,12584,
山西,山西财经大学,旅游管理,520,13057,
广西,南宁师范大学,汉语言文学,545,7571,
广西,南宁师范大学,新闻传播学类,541,8338,
广西,南宁师范大学,英语,539,8737,
广西,南宁师范大学,社会工作,536,9369,
广西,南宁师范大学,旅游管理,517,13867,
湖南,湖南文理学院,法学,521,12818,
湖南,湖南文理学院,商务英语,515,14427,
湖南,湖南文理学院,国际经济与贸易,514,14716,
湖南,湖南文理学院,旅游管理,512,15281,
湖南,湖南文理学院,金融工程,512,15281,
湖南,湖南文理学院,风景园林,508,16440,
湖南,湖南文理学院,酒店管理,508,16440,
湖南,湖南文理学院,电子商务及法律,506,17060,
四川,宜宾学院,汉语国际教育,508,16440,
四川,宜宾学院,社会工作,505,17355,
四川,宜宾学院,知识产权,504,17620,
四川,宜宾学院,日语,504,17620,
海南,海南热带海洋学院,思想政治教育,516,14134,
海南,海南热带海洋学院,中国语言文学类,513,14977,
海南,海南热带海洋学院,英语,509,16142,
海南,海南热带海洋学院,历史学类,508,16440,
海南,海南热带海洋学院,新闻学,508,16440,
海南,海南热带海洋学院,旅游管理类,507,16748,
海南,海南热带海洋学院,学前教育,507,16748,
海南,海南热带海洋学院,国际事务与国际关系,501,18602,
海南,海南热带海洋学院,旅游管理（中外合作办学）,474,27816,
海南,海南热带海洋学院,市场营销（中外合作办学）,473,28201,
湖南,湖南人文科技学院,网络与新媒体,505,17355,
湖南,湖南人文科技学院,秘书学,504,17620,
湖南,湖南人文科技学院,学前教育（中外合作办学）,491,21831,
山西,吕梁学院,汉语言文学,503,17954,
山西,吕梁学院,会计学,502,18283,
山西,吕梁学院,英语,501,18602,
山西,吕梁学院,食品科学与工程,501,18602,
山西,吕梁学院,建筑学,501,18602,
江西,南昌医学院,中医学,520,-,
江西,南昌医学院,针灸推拿学,514,-,
江西,南昌医学院,护理学,511,-,
江西,南昌医学院,公共事业管理,511,-,
江西,南昌医学院,助产学,504,-,
山西,山西晋中理工学院,经济学,477,26733,
